timestamp,temp_f,humidity_pct,wind_mph,pressure_hpa
2024-10-01T00:00,63.9,81,6.5,1016.6
2024-10-01T01:00,62.6,84,5.4,1016.8
2024-10-01T02:00,61.8,86,5.5,1016.8
2024-10-01T03:00,61.1,87,5.7,1016.7
2024-10-01T04:00,60.3,88,5.4,1016.8
2024-10-01T05:00,59.6,89,5.0,1017.0
2024-10-01T06:00,59.3,89,3.9,1017.0
2024-10-01T07:00,58.6,90,2.4,1017.2
2024-10-01T08:00,60.2,88,1.9,1017.6
2024-10-01T09:00,64.3,77,0.3,1017.9
2024-10-01T10:00,67.5,67,1.6,1017.8
2024-10-01T11:00,70.2,59,4.0,1017.4
2024-10-01T12:00,71.8,54,6.0,1016.8
2024-10-01T13:00,72.8,50,6.3,1016.1
2024-10-01T14:00,73.2,48,6.4,1015.3
2024-10-01T15:00,73.0,48,6.0,1014.7
2024-10-01T16:00,72.5,48,5.9,1014.4
2024-10-01T17:00,70.7,53,5.3,1014.2
2024-10-01T18:00,68.2,58,5.8,1014.1
2024-10-01T19:00,66.6,58,6.3,1014.3
2024-10-01T20:00,64.7,64,7.8,1014.4
2024-10-01T21:00,62.9,73,8.1,1015.2
2024-10-01T22:00,61.4,76,8.1,1015.4
2024-10-01T23:00,60.4,77,8.1,1015.3
2024-10-02T00:00,59.4,79,7.3,1015.0
2024-10-02T01:00,58.0,83,7.3,1014.7
2024-10-02T02:00,57.5,83,6.3,1014.6
2024-10-02T03:00,57.1,83,5.2,1014.6
2024-10-02T04:00,57.6,80,5.1,1014.5
2024-10-02T05:00,57.6,79,4.0,1014.7
2024-10-02T06:00,57.5,79,4.2,1014.6
2024-10-02T07:00,57.4,79,4.2,1014.9
2024-10-02T08:00,57.4,79,4.5,1015.2
2024-10-02T09:00,59.8,71,5.0,1015.3
2024-10-02T10:00,60.9,68,3.8,1015.4
2024-10-02T11:00,62.4,65,4.6,1014.9
2024-10-02T12:00,65.3,58,6.2,1014.4
2024-10-02T13:00,66.7,56,6.5,1014.1
2024-10-02T14:00,67.8,55,6.5,1013.5
2024-10-02T15:00,68.4,54,6.4,1013.1
2024-10-02T16:00,68.1,55,6.3,1012.8
2024-10-02T17:00,67.5,56,5.6,1012.8
2024-10-02T18:00,65.7,64,3.3,1013.0
2024-10-02T19:00,64.2,68,4.1,1013.3
2024-10-02T20:00,63.4,71,3.3,1013.7
2024-10-02T21:00,59.9,75,5.1,1014.8
2024-10-02T22:00,60.3,74,4.7,1015.1
2024-10-02T23:00,60.3,73,4.5,1015.0
2024-10-03T00:00,60.2,73,4.6,1015.0
2024-10-03T01:00,60.0,74,4.9,1015.3
2024-10-03T02:00,60.0,75,4.2,1015.4
2024-10-03T03:00,59.9,75,4.2,1015.5
2024-10-03T04:00,59.7,76,4.1,1015.6
2024-10-03T05:00,59.2,79,3.9,1016.2
2024-10-03T06:00,58.6,81,3.5,1016.7
2024-10-03T07:00,57.9,85,3.7,1017.3
2024-10-03T08:00,58.1,85,4.1,1018.0
2024-10-03T09:00,61.8,76,2.9,1018.6
2024-10-03T10:00,63.9,72,2.6,1018.8
2024-10-03T11:00,65.2,67,3.2,1018.6
2024-10-03T12:00,67.4,61,3.4,1018.3
2024-10-03T13:00,69.2,57,4.4,1017.9
2024-10-03T14:00,70.1,54,5.2,1017.3
2024-10-03T15:00,71.3,54,4.8,1016.9
2024-10-03T16:00,71.7,53,4.7,1016.5
2024-10-03T17:00,70.7,56,5.3,1016.4
2024-10-03T18:00,67.3,66,5.1,1016.8
2024-10-03T19:00,64.6,72,5.3,1017.1
2024-10-03T20:00,63.7,72,6.8,1017.5
2024-10-03T21:00,65.8,67,2.6,1018.7
2024-10-03T22:00,61.3,80,2.2,1019.2
2024-10-03T23:00,59.5,83,2.2,1019.5
2024-10-04T00:00,57.7,87,2.7,1019.8
2024-10-04T01:00,58.0,85,1.8,1020.1
2024-10-04T02:00,56.7,87,3.3,1020.4
2024-10-04T03:00,55.5,91,5.5,1020.3
2024-10-04T04:00,54.9,92,4.7,1020.3
2024-10-04T05:00,54.8,93,3.7,1020.6
2024-10-04T06:00,54.9,92,1.6,1020.6
2024-10-04T07:00,55.6,92,3.2,1020.9
2024-10-04T08:00,56.2,95,4.2,1021.2
2024-10-04T09:00,59.0,90,3.2,1022.0
2024-10-04T10:00,62.2,81,2.4,1022.0
2024-10-04T11:00,65.6,72,2.2,1021.5
2024-10-04T12:00,69.2,64,2.5,1021.0
2024-10-04T13:00,71.4,54,3.4,1020.1
2024-10-04T14:00,72.3,46,4.4,1019.2
2024-10-04T15:00,72.6,44,5.2,1018.6
2024-10-04T16:00,72.5,49,4.8,1018.1
2024-10-04T17:00,71.3,57,3.7,1018.0
2024-10-04T18:00,68.4,63,4.0,1017.7
2024-10-04T19:00,65.8,64,5.1,1017.7
2024-10-04T20:00,63.6,69,5.0,1017.7
2024-10-04T21:00,62.6,74,5.7,1018.1
2024-10-04T22:00,62.3,76,6.2,1018.2
2024-10-04T23:00,62.1,78,6.7,1018.3
2024-10-05T00:00,59.7,87,3.1,1019.0
2024-10-05T01:00,59.3,93,5.3,1018.6
2024-10-05T02:00,59.4,92,4.6,1018.5
2024-10-05T03:00,59.2,93,5.0,1018.4
2024-10-05T04:00,58.6,95,6.6,1018.9
2024-10-05T05:00,57.4,96,6.2,1019.6
2024-10-05T06:00,56.4,96,5.3,1019.6
2024-10-05T07:00,55.5,96,4.6,1019.9
2024-10-05T08:00,56.1,96,4.8,1020.6
2024-10-05T09:00,59.1,88,4.7,1021.2
2024-10-05T10:00,61.5,80,4.9,1021.3
2024-10-05T11:00,63.9,69,5.3,1021.3
2024-10-05T12:00,66.4,59,5.9,1021.0
2024-10-05T13:00,68.2,49,6.7,1020.7
2024-10-05T14:00,69.3,43,7.0,1019.9
2024-10-05T15:00,69.7,40,6.5,1019.4
2024-10-05T16:00,69.5,39,6.1,1019.0
2024-10-05T17:00,68.3,41,5.2,1018.8
2024-10-05T18:00,64.3,53,4.1,1018.9
2024-10-05T19:00,60.5,59,5.8,1019.3
2024-10-05T20:00,58.2,61,7.5,1019.7
2024-10-05T21:00,55.0,78,4.2,1020.1
2024-10-05T22:00,53.6,79,4.0,1020.3
2024-10-05T23:00,53.1,80,2.7,1020.5
2024-10-06T00:00,53.5,77,2.9,1020.5
2024-10-06T01:00,51.3,83,2.1,1020.2
2024-10-06T02:00,51.3,80,0.6,1020.1
2024-10-06T03:00,49.5,86,3.8,1019.6
2024-10-06T04:00,48.7,89,4.0,1019.5
2024-10-06T05:00,48.5,90,2.4,1019.8
2024-10-06T06:00,47.3,92,2.2,1019.6
2024-10-06T07:00,47.6,90,2.1,1019.4
2024-10-06T08:00,49.7,85,2.8,1019.2
2024-10-06T09:00,53.5,74,1.4,1019.8
2024-10-06T10:00,58.3,62,2.3,1019.3
2024-10-06T11:00,62.6,51,4.7,1018.3
2024-10-06T12:00,65.7,47,6.5,1017.3
2024-10-06T13:00,68.1,44,7.0,1016.3
2024-10-06T14:00,69.7,42,7.2,1014.7
2024-10-06T15:00,70.3,42,7.7,1013.8
2024-10-06T16:00,69.9,42,8.5,1012.8
2024-10-06T17:00,68.4,47,8.1,1012.0
2024-10-06T18:00,65.2,54,8.7,1011.4
2024-10-06T19:00,63.4,55,10.1,1010.3
2024-10-06T20:00,63.3,55,11.3,1009.8
2024-10-06T21:00,62.9,56,11.4,1009.9
2024-10-06T22:00,61.6,65,12.3,1010.1
2024-10-06T23:00,60.9,72,12.0,1010.3
2024-10-07T00:00,59.7,76,13.1,1009.5
2024-10-07T01:00,59.1,83,12.1,1008.9
2024-10-07T02:00,58.1,94,11.7,1009.0
2024-10-07T03:00,57.8,100,11.8,1008.1
2024-10-07T04:00,58.5,96,11.7,1007.3
2024-10-07T05:00,58.5,96,11.2,1006.6
2024-10-07T06:00,58.7,96,9.5,1006.6
2024-10-07T07:00,58.5,97,7.8,1006.7
2024-10-07T08:00,58.9,97,6.6,1006.9
2024-10-07T09:00,60.6,94,5.5,1007.5
2024-10-07T10:00,62.5,83,7.1,1007.5
2024-10-07T11:00,64.0,82,7.5,1007.6
2024-10-07T12:00,67.3,61,9.3,1007.6
2024-10-07T13:00,68.4,51,9.4,1007.2
2024-10-07T14:00,68.9,49,10.2,1006.7
2024-10-07T15:00,68.5,48,10.7,1006.7
2024-10-07T16:00,67.4,47,11.2,1006.8
2024-10-07T17:00,64.9,52,10.8,1007.3
2024-10-07T18:00,61.6,61,8.9,1007.8
2024-10-07T19:00,58.9,67,8.1,1008.5
2024-10-07T20:00,57.2,71,7.6,1008.8
2024-10-07T21:00,55.3,72,6.8,1009.8
2024-10-07T22:00,54.0,76,5.2,1010.2
2024-10-07T23:00,53.3,78,3.8,1010.5
2024-10-08T00:00,52.9,80,2.9,1010.4
2024-10-08T01:00,52.2,81,3.3,1010.4
2024-10-08T02:00,51.5,82,3.9,1010.4
2024-10-08T03:00,50.2,85,4.2,1010.1
2024-10-08T04:00,49.3,87,3.2,1009.9
2024-10-08T05:00,48.5,89,3.1,1010.0
2024-10-08T06:00,47.1,92,2.7,1010.1
2024-10-08T07:00,45.9,94,3.3,1010.4
2024-10-08T08:00,48.6,90,1.9,1010.8
2024-10-08T09:00,50.9,81,1.4,1011.7
2024-10-08T10:00,54.3,71,1.6,1011.7
2024-10-08T11:00,57.4,61,2.2,1011.2
2024-10-08T12:00,59.9,53,4.4,1010.7
2024-10-08T13:00,60.8,51,5.3,1009.9
2024-10-08T14:00,61.6,49,6.1,1009.3
2024-10-08T15:00,62.3,47,5.5,1008.9
2024-10-08T16:00,62.4,47,6.9,1008.7
2024-10-08T17:00,61.3,48,5.3,1008.6
2024-10-08T18:00,59.0,54,5.0,1008.9
2024-10-08T19:00,55.7,63,3.2,1009.3
2024-10-08T20:00,55.5,61,3.3,1009.6
2024-10-08T21:00,51.4,75,3.0,1010.6
2024-10-08T22:00,51.0,75,2.3,1010.5
2024-10-08T23:00,53.3,69,1.9,1010.8
2024-10-09T00:00,50.9,77,3.1,1011.1
2024-10-09T01:00,49.6,83,2.1,1011.1
2024-10-09T02:00,48.0,83,3.0,1011.2
2024-10-09T03:00,47.5,84,3.4,1010.9
2024-10-09T04:00,46.6,85,3.7,1010.8
2024-10-09T05:00,45.3,87,3.7,1010.9
2024-10-09T06:00,44.3,89,3.0,1010.9
2024-10-09T07:00,43.8,90,2.3,1011.2
2024-10-09T08:00,47.3,85,1.5,1011.5
2024-10-09T09:00,50.1,81,1.9,1011.8
2024-10-09T10:00,53.5,71,3.6,1011.5
2024-10-09T11:00,56.3,57,8.1,1011.0
2024-10-09T12:00,58.2,48,9.2,1010.5
2024-10-09T13:00,58.6,47,9.5,1010.1
2024-10-09T14:00,58.5,49,8.6,1009.6
2024-10-09T15:00,59.3,48,9.8,1009.4
2024-10-09T16:00,59.4,47,9.3,1009.2
2024-10-09T17:00,57.2,50,6.8,1009.2
2024-10-09T18:00,54.9,57,4.7,1009.2
2024-10-09T19:00,53.5,58,6.7,1009.5
2024-10-09T20:00,51.4,64,9.0,1010.5
2024-10-09T21:00,48.9,85,1.8,1011.8
2024-10-09T22:00,48.9,81,3.8,1012.0
2024-10-09T23:00,47.0,93,8.5,1012.2
2024-10-10T00:00,45.9,95,8.0,1012.7
2024-10-10T01:00,45.0,96,7.5,1013.3
2024-10-10T02:00,44.4,97,5.6,1013.5
2024-10-10T03:00,43.9,96,6.4,1013.7
2024-10-10T04:00,43.2,96,6.5,1014.1
2024-10-10T05:00,42.6,96,6.7,1014.5
2024-10-10T06:00,42.1,96,6.6,1014.8
2024-10-10T07:00,42.1,95,5.7,1015.3
2024-10-10T08:00,43.2,93,6.1,1016.1
2024-10-10T09:00,45.7,83,7.4,1016.4
2024-10-10T10:00,49.2,69,10.9,1016.6
2024-10-10T11:00,51.6,60,11.6,1016.6
2024-10-10T12:00,53.7,54,11.1,1016.3
2024-10-10T13:00,54.3,53,11.5,1015.9
2024-10-10T14:00,54.9,51,12.1,1015.4
2024-10-10T15:00,55.6,50,12.4,1015.2
2024-10-10T16:00,55.1,50,12.6,1015.1
2024-10-10T17:00,54.8,50,13.3,1015.0
2024-10-10T18:00,53.1,56,9.7,1015.3
2024-10-10T19:00,50.6,61,8.8,1016.2
2024-10-10T20:00,49.0,65,8.1,1016.8
2024-10-10T21:00,46.3,73,5.7,1018.1
2024-10-10T22:00,45.2,77,6.0,1018.2
2024-10-10T23:00,44.9,78,6.5,1018.1
2024-10-11T00:00,44.1,81,6.2,1018.0
2024-10-11T01:00,43.2,85,5.3,1018.0
2024-10-11T02:00,43.1,87,4.2,1017.9
2024-10-11T03:00,43.2,88,2.7,1017.4
2024-10-11T04:00,42.6,90,2.5,1017.4
2024-10-11T05:00,42.2,91,3.4,1017.4
2024-10-11T06:00,42.1,91,3.4,1017.3
2024-10-11T07:00,43.4,90,3.5,1017.4
2024-10-11T08:00,44.5,90,4.8,1017.6
2024-10-11T09:00,48.2,83,4.9,1017.6
2024-10-11T10:00,52.0,76,5.7,1017.3
2024-10-11T11:00,54.8,68,6.9,1017.0
2024-10-11T12:00,57.2,62,5.9,1016.0
2024-10-11T13:00,59.6,56,6.3,1015.0
2024-10-11T14:00,61.5,52,6.8,1013.9
2024-10-11T15:00,62.7,50,7.1,1013.0
2024-10-11T16:00,63.0,52,6.4,1012.1
2024-10-11T17:00,62.2,57,3.5,1011.3
2024-10-11T18:00,61.4,54,0.7,1010.6
2024-10-11T19:00,56.6,66,2.6,1010.2
2024-10-11T20:00,56.0,67,8.2,1009.7
2024-10-11T21:00,54.5,66,8.4,1009.6
2024-10-11T22:00,54.2,68,7.7,1009.1
2024-10-11T23:00,53.6,69,8.8,1008.7
2024-10-12T00:00,52.5,73,8.7,1008.0
2024-10-12T01:00,52.8,73,8.2,1007.6
2024-10-12T02:00,54.0,70,8.5,1007.0
2024-10-12T03:00,54.3,69,8.8,1006.5
2024-10-12T04:00,54.7,68,9.0,1005.9
2024-10-12T05:00,53.9,71,8.2,1006.3
2024-10-12T06:00,53.0,77,4.0,1007.1
2024-10-12T07:00,57.5,79,10.3,1008.2
2024-10-12T08:00,58.5,74,10.1,1009.8
2024-10-12T09:00,60.5,64,12.0,1010.0
2024-10-12T10:00,60.9,59,11.8,1010.7
2024-10-12T11:00,61.9,56,11.5,1011.3
2024-10-12T12:00,62.6,46,11.7,1011.8
2024-10-12T13:00,63.1,38,12.0,1011.9
2024-10-12T14:00,63.4,35,11.5,1011.4
2024-10-12T15:00,63.4,34,10.9,1011.2
2024-10-12T16:00,62.9,34,10.7,1010.9
2024-10-12T17:00,61.2,38,8.7,1011.2
2024-10-12T18:00,57.4,45,7.5,1012.0
2024-10-12T19:00,54.0,48,7.8,1012.9
2024-10-12T20:00,52.2,51,7.1,1013.6
2024-10-12T21:00,50.5,60,5.4,1014.5
2024-10-12T22:00,49.2,64,5.3,1015.0
2024-10-12T23:00,48.1,69,4.2,1015.0
2024-10-13T00:00,46.6,75,4.5,1015.3
2024-10-13T01:00,43.8,86,3.9,1014.9
2024-10-13T02:00,43.7,85,1.8,1014.6
2024-10-13T03:00,44.2,85,1.1,1014.0
2024-10-13T04:00,45.9,78,0.7,1013.4
2024-10-13T05:00,45.8,82,0.9,1013.8
2024-10-13T06:00,45.9,80,3.4,1013.7
2024-10-13T07:00,46.0,87,5.0,1013.8
2024-10-13T08:00,46.3,99,3.4,1013.6
2024-10-13T09:00,46.8,100,1.3,1013.8
2024-10-13T10:00,47.3,96,0.3,1013.5
2024-10-13T11:00,48.0,93,1.2,1012.6
2024-10-13T12:00,50.3,86,2.5,1011.4
2024-10-13T13:00,52.7,79,4.4,1010.3
2024-10-13T14:00,52.8,76,3.6,1009.2
2024-10-13T15:00,51.1,100,2.2,1008.3
2024-10-13T16:00,51.0,100,2.3,1007.3
2024-10-13T17:00,51.1,100,3.5,1006.8
2024-10-13T18:00,50.7,100,4.8,1006.7
2024-10-13T19:00,49.9,100,5.5,1006.0
2024-10-13T20:00,49.3,100,5.7,1005.7
2024-10-13T21:00,47.1,100,3.8,1006.9
2024-10-13T22:00,47.7,100,2.5,1006.7
2024-10-13T23:00,47.7,100,2.7,1005.9
2024-10-14T00:00,47.6,100,2.7,1004.5
2024-10-14T01:00,47.6,100,2.6,1003.9
2024-10-14T02:00,47.7,100,2.1,1003.7
2024-10-14T03:00,47.8,100,1.0,1002.9
2024-10-14T04:00,47.7,99,2.8,1002.0
2024-10-14T05:00,47.8,99,2.1,1001.3
2024-10-14T06:00,48.1,99,2.7,1000.8
2024-10-14T07:00,47.6,100,5.5,1000.9
2024-10-14T08:00,47.5,100,4.7,1000.6
2024-10-14T09:00,49.2,92,3.5,1000.9
2024-10-14T10:00,50.9,92,4.7,1000.5
2024-10-14T11:00,50.8,94,6.2,1000.1
2024-10-14T12:00,53.8,88,7.0,999.7
2024-10-14T13:00,55.8,83,5.2,999.3
2024-10-14T14:00,57.7,73,5.3,998.7
2024-10-14T15:00,52.2,90,5.1,999.3
2024-10-14T16:00,51.5,85,6.1,999.9
2024-10-14T17:00,47.6,100,12.2,1001.8
2024-10-14T18:00,46.2,95,9.7,1003.6
2024-10-14T19:00,45.2,94,9.7,1005.0
2024-10-14T20:00,44.3,95,11.6,1006.1
2024-10-14T21:00,44.0,89,10.0,1007.9
2024-10-14T22:00,44.0,87,7.9,1008.2
2024-10-14T23:00,42.5,89,6.8,1008.4
2024-10-15T00:00,42.0,87,7.2,1008.2
2024-10-15T01:00,41.1,86,7.6,1007.8
2024-10-15T02:00,40.4,86,6.8,1008.1
2024-10-15T03:00,39.5,90,6.1,1008.4
2024-10-15T04:00,38.9,91,5.5,1008.7
2024-10-15T05:00,38.7,92,4.0,1009.3
2024-10-15T06:00,38.2,92,2.8,1009.5
2024-10-15T07:00,38.3,92,2.8,1009.8
2024-10-15T08:00,40.5,87,4.7,1010.3
2024-10-15T09:00,42.1,82,8.6,1010.4
2024-10-15T10:00,43.9,76,8.8,1010.1
2024-10-15T11:00,45.7,69,8.4,1009.8
2024-10-15T12:00,48.4,61,8.9,1009.3
2024-10-15T13:00,49.3,56,10.1,1008.7
2024-10-15T14:00,51.3,51,10.9,1007.9
2024-10-15T15:00,52.2,49,10.4,1007.4
2024-10-15T16:00,51.7,50,11.0,1007.3
2024-10-15T17:00,50.6,54,9.3,1007.3
2024-10-15T18:00,47.7,60,8.6,1007.8
2024-10-15T19:00,45.3,66,7.7,1008.4
2024-10-15T20:00,44.0,71,8.0,1008.8
2024-10-15T21:00,42.9,74,6.6,1008.7
2024-10-15T22:00,42.3,78,6.4,1008.9
2024-10-15T23:00,42.3,78,6.4,1008.5
2024-10-16T00:00,42.0,80,6.3,1008.8
2024-10-16T01:00,41.9,82,6.3,1009.1
2024-10-16T02:00,42.3,83,6.8,1009.2
2024-10-16T03:00,42.8,82,9.0,1009.4
2024-10-16T04:00,42.4,85,8.3,1009.7
2024-10-16T05:00,41.9,86,8.1,1010.5
2024-10-16T06:00,41.4,86,7.1,1011.1
2024-10-16T07:00,40.6,88,7.0,1011.7
2024-10-16T08:00,41.7,85,7.7,1012.3
2024-10-16T09:00,44.6,76,8.4,1013.5
2024-10-16T10:00,47.1,65,12.2,1014.1
2024-10-16T11:00,48.9,58,11.9,1014.7
2024-10-16T12:00,49.5,56,10.6,1015.4
2024-10-16T13:00,49.8,55,10.7,1015.6
2024-10-16T14:00,50.2,55,10.5,1015.8
2024-10-16T15:00,51.0,53,10.4,1016.1
2024-10-16T16:00,51.9,52,10.3,1016.3
2024-10-16T17:00,51.4,53,9.8,1016.7
2024-10-16T18:00,49.2,58,7.8,1017.5
2024-10-16T19:00,46.7,64,7.1,1018.5
2024-10-16T20:00,44.9,70,6.6,1019.2
2024-10-16T21:00,42.3,75,6.3,1020.3
2024-10-16T22:00,41.2,79,5.7,1021.1
2024-10-16T23:00,40.7,81,5.8,1021.4
2024-10-17T00:00,40.0,84,5.9,1021.5
2024-10-17T01:00,39.3,86,4.2,1021.7
2024-10-17T02:00,37.4,90,3.4,1022.2
2024-10-17T03:00,38.8,84,1.8,1022.4
2024-10-17T04:00,36.9,88,2.4,1022.3
2024-10-17T05:00,36.6,89,2.9,1022.4
2024-10-17T06:00,37.4,91,6.6,1022.1
2024-10-17T07:00,36.3,93,3.7,1022.3
2024-10-17T08:00,37.4,91,1.7,1023.4
2024-10-17T09:00,40.0,85,1.7,1024.6
2024-10-17T10:00,44.3,74,4.1,1024.2
2024-10-17T11:00,48.0,65,5.5,1023.7
2024-10-17T12:00,51.1,56,6.4,1023.3
2024-10-17T13:00,53.5,51,4.8,1023.4
2024-10-17T14:00,55.4,46,3.1,1023.2
2024-10-17T15:00,56.3,43,5.2,1022.8
2024-10-17T16:00,56.1,45,6.1,1022.4
2024-10-17T17:00,54.6,53,5.0,1022.0
2024-10-17T18:00,50.3,63,7.3,1022.0
2024-10-17T19:00,48.5,65,7.8,1021.9
2024-10-17T20:00,47.4,69,6.0,1022.2
2024-10-17T21:00,44.7,78,3.5,1022.7
2024-10-17T22:00,44.4,76,1.5,1023.6
2024-10-17T23:00,46.4,67,2.5,1024.0
2024-10-18T00:00,43.5,78,3.4,1024.7
2024-10-18T01:00,42.3,83,5.3,1025.2
2024-10-18T02:00,41.3,86,6.4,1025.9
2024-10-18T03:00,40.1,90,6.6,1026.5
2024-10-18T04:00,39.4,92,6.5,1026.7
2024-10-18T05:00,39.3,90,6.6,1027.4
2024-10-18T06:00,39.6,86,6.5,1027.9
2024-10-18T07:00,39.7,83,6.3,1028.9
2024-10-18T08:00,41.0,82,5.8,1029.4
2024-10-18T09:00,45.0,74,4.5,1030.3
2024-10-18T10:00,49.1,65,4.0,1030.7
2024-10-18T11:00,53.0,58,4.3,1030.8
2024-10-18T12:00,56.6,51,4.1,1030.8
2024-10-18T13:00,59.4,45,3.7,1030.6
2024-10-18T14:00,61.4,41,3.9,1030.2
2024-10-18T15:00,62.3,39,5.1,1030.0
2024-10-18T16:00,62.1,40,5.2,1029.7
2024-10-18T17:00,59.7,53,3.4,1029.6
2024-10-18T18:00,55.6,58,3.8,1029.9
2024-10-18T19:00,53.5,58,5.2,1030.2
2024-10-18T20:00,51.5,61,4.4,1030.5
2024-10-18T21:00,52.2,51,3.9,1031.1
2024-10-18T22:00,47.6,68,4.4,1031.5
2024-10-18T23:00,46.4,75,3.1,1031.9
2024-10-19T00:00,46.9,78,2.8,1032.2
2024-10-19T01:00,44.1,86,3.3,1032.2
2024-10-19T02:00,45.0,85,2.6,1032.3
2024-10-19T03:00,41.7,92,2.6,1032.4
2024-10-19T04:00,41.6,91,2.9,1032.0
2024-10-19T05:00,41.1,91,3.8,1032.0
2024-10-19T06:00,40.9,91,3.9,1032.2
2024-10-19T07:00,40.1,93,3.6,1032.3
2024-10-19T08:00,43.2,89,3.3,1032.3
2024-10-19T09:00,45.5,90,1.7,1033.3
2024-10-19T10:00,50.2,78,0.9,1033.3
2024-10-19T11:00,54.5,64,1.1,1032.7
2024-10-19T12:00,58.5,53,1.2,1032.1
2024-10-19T13:00,61.6,46,1.5,1031.1
2024-10-19T14:00,63.8,41,1.5,1030.1
2024-10-19T15:00,64.8,40,1.4,1029.4
2024-10-19T16:00,64.7,42,0.6,1028.9
2024-10-19T17:00,60.3,72,1.1,1028.4
2024-10-19T18:00,55.8,70,2.3,1028.0
2024-10-19T19:00,54.1,64,2.6,1027.9
2024-10-19T20:00,55.1,57,2.5,1028.0
2024-10-19T21:00,53.5,59,2.9,1027.9
2024-10-19T22:00,52.0,60,4.0,1027.8
2024-10-19T23:00,56.6,47,1.6,1027.7
2024-10-20T00:00,54.9,51,1.5,1027.5
2024-10-20T01:00,50.2,65,2.9,1027.1
2024-10-20T02:00,46.6,75,3.4,1026.6
2024-10-20T03:00,47.7,72,2.4,1026.2
2024-10-20T04:00,45.1,78,2.7,1025.9
2024-10-20T05:00,45.8,76,2.3,1025.9
2024-10-20T06:00,47.0,74,1.2,1025.6
2024-10-20T07:00,46.0,77,0.9,1025.7
2024-10-20T08:00,43.2,87,1.9,1025.7
2024-10-20T09:00,46.3,83,1.3,1026.6
2024-10-20T10:00,50.9,75,1.1,1026.3
2024-10-20T11:00,56.1,62,1.8,1025.7
2024-10-20T12:00,60.6,53,2.2,1025.0
2024-10-20T13:00,63.8,47,2.1,1023.9
2024-10-20T14:00,65.5,47,1.8,1023.0
2024-10-20T15:00,65.9,48,3.0,1022.1
2024-10-20T16:00,65.5,52,3.9,1021.2
2024-10-20T17:00,62.6,61,4.5,1020.8
2024-10-20T18:00,58.1,64,7.6,1020.8
2024-10-20T19:00,57.4,60,6.8,1021.1
2024-10-20T20:00,56.1,62,6.7,1020.9
2024-10-20T21:00,56.9,59,4.3,1020.7
2024-10-20T22:00,54.4,64,3.1,1020.6
2024-10-20T23:00,52.4,70,2.7,1020.6
2024-10-21T00:00,51.3,71,3.0,1020.3
2024-10-21T01:00,52.4,67,2.9,1019.8
2024-10-21T02:00,50.7,72,4.3,1019.9
2024-10-21T03:00,50.2,73,4.1,1019.9
2024-10-21T04:00,51.4,69,4.5,1019.5
2024-10-21T05:00,50.7,72,4.6,1019.6
2024-10-21T06:00,50.0,74,3.5,1019.8
2024-10-21T07:00,50.1,74,4.6,1020.1
2024-10-21T08:00,50.9,73,5.2,1020.4
2024-10-21T09:00,55.5,69,5.6,1021.1
2024-10-21T10:00,60.5,60,4.3,1021.0
2024-10-21T11:00,64.6,51,3.7,1020.6
2024-10-21T12:00,68.3,46,3.9,1019.8
2024-10-21T13:00,70.7,46,4.6,1019.0
2024-10-21T14:00,72.3,46,5.2,1018.2
2024-10-21T15:00,73.2,47,5.7,1017.8
2024-10-21T16:00,72.7,51,5.1,1017.7
2024-10-21T17:00,69.3,60,5.7,1018.0
2024-10-21T18:00,65.1,65,6.4,1018.2
2024-10-21T19:00,64.4,66,2.8,1018.9
2024-10-21T20:00,68.2,55,1.6,1019.2
2024-10-21T21:00,65.2,64,3.3,1019.2
2024-10-21T22:00,63.5,69,3.4,1019.5
2024-10-21T23:00,60.6,76,3.5,1019.8
2024-10-22T00:00,58.5,80,2.5,1020.2
2024-10-22T01:00,56.2,85,2.4,1020.5
2024-10-22T02:00,58.3,78,0.8,1020.8
2024-10-22T03:00,56.7,82,0.8,1021.0
2024-10-22T04:00,54.5,86,1.9,1021.0
2024-10-22T05:00,55.1,84,3.0,1021.6
2024-10-22T06:00,56.1,81,2.6,1022.0
2024-10-22T07:00,56.8,79,1.8,1022.4
2024-10-22T08:00,55.7,84,1.8,1022.6
2024-10-22T09:00,61.2,73,1.9,1023.5
2024-10-22T10:00,63.9,70,2.3,1023.7
2024-10-22T11:00,67.9,63,2.1,1023.6
2024-10-22T12:00,71.6,55,2.3,1023.2
2024-10-22T13:00,74.2,51,2.6,1022.4
2024-10-22T14:00,75.8,49,3.2,1021.5
2024-10-22T15:00,76.4,50,4.1,1020.8
2024-10-22T16:00,76.0,52,3.5,1020.1
2024-10-22T17:00,72.9,62,4.4,1019.7
2024-10-22T18:00,68.8,67,5.0,1019.6
2024-10-22T19:00,66.5,70,6.7,1019.8
2024-10-22T20:00,65.4,70,7.5,1020.0
2024-10-22T21:00,66.6,60,8.1,1019.3
2024-10-22T22:00,66.7,59,9.9,1019.6
2024-10-22T23:00,65.8,63,10.5,1019.5
2024-10-23T00:00,64.6,67,9.9,1019.1
2024-10-23T01:00,63.7,68,9.7,1018.6
2024-10-23T02:00,63.0,68,9.5,1018.2
2024-10-23T03:00,62.5,68,9.3,1017.6
2024-10-23T04:00,61.9,68,9.3,1016.9
2024-10-23T05:00,61.4,68,9.8,1016.4
2024-10-23T06:00,60.9,69,10.2,1015.9
2024-10-23T07:00,60.3,70,10.4,1015.7
2024-10-23T08:00,60.6,69,11.0,1015.5
2024-10-23T09:00,63.0,64,11.2,1015.7
2024-10-23T10:00,65.6,59,11.0,1015.1
2024-10-23T11:00,68.8,52,11.4,1014.2
2024-10-23T12:00,71.6,44,12.5,1013.0
2024-10-23T13:00,73.2,38,12.5,1012.0
2024-10-23T14:00,73.6,39,12.5,1011.0
2024-10-23T15:00,73.5,41,13.2,1010.2
2024-10-23T16:00,73.8,38,12.5,1009.2
2024-10-23T17:00,72.2,38,11.9,1009.0
2024-10-23T18:00,69.9,40,12.0,1008.6
2024-10-23T19:00,68.0,44,9.6,1008.9
2024-10-23T20:00,65.5,54,9.0,1009.4
2024-10-23T21:00,65.8,53,9.3,1009.2
2024-10-23T22:00,63.9,63,3.8,1010.3
2024-10-23T23:00,61.9,70,1.8,1010.4
2024-10-24T00:00,62.1,73,2.5,1010.9
2024-10-24T01:00,61.1,79,4.1,1010.7
2024-10-24T02:00,60.1,88,7.1,1010.5
2024-10-24T03:00,57.8,93,8.6,1010.8
2024-10-24T04:00,56.0,93,7.7,1010.9
2024-10-24T05:00,54.1,93,7.1,1011.5
2024-10-24T06:00,52.8,93,6.8,1011.9
2024-10-24T07:00,51.5,96,6.7,1012.5
2024-10-24T08:00,53.2,89,7.5,1013.4
2024-10-24T09:00,54.3,84,7.8,1014.4
2024-10-24T10:00,53.8,91,8.7,1015.0
2024-10-24T11:00,52.3,91,8.3,1015.3
2024-10-24T12:00,54.3,79,11.3,1015.2
2024-10-24T13:00,56.2,69,10.0,1014.5
2024-10-24T14:00,57.8,63,8.0,1013.9
2024-10-24T15:00,59.5,55,8.3,1013.4
2024-10-24T16:00,59.9,52,7.6,1013.2
2024-10-24T17:00,58.4,55,6.4,1013.7
2024-10-24T18:00,53.9,64,6.6,1014.8
2024-10-24T19:00,51.2,68,7.5,1016.0
2024-10-24T20:00,49.6,70,8.3,1016.7
2024-10-24T21:00,46.9,75,6.9,1017.7
2024-10-24T22:00,45.6,79,6.3,1018.2
2024-10-24T23:00,44.7,82,6.2,1018.5
2024-10-25T00:00,44.1,84,6.3,1018.6
2024-10-25T01:00,43.8,86,5.4,1018.5
2024-10-25T02:00,42.7,91,4.8,1018.6
2024-10-25T03:00,42.3,93,4.7,1018.7
2024-10-25T04:00,41.9,94,4.6,1018.3
2024-10-25T05:00,41.6,95,4.3,1019.0
2024-10-25T06:00,41.1,97,3.1,1019.5
2024-10-25T07:00,40.6,98,2.5,1019.6
2024-10-25T08:00,40.8,98,3.2,1020.0
2024-10-25T09:00,43.0,87,3.0,1021.2
2024-10-25T10:00,46.8,74,3.2,1020.6
2024-10-25T11:00,49.7,64,2.9,1020.0
2024-10-25T12:00,52.3,57,2.3,1019.0
2024-10-25T13:00,54.3,52,2.4,1017.9
2024-10-25T14:00,55.9,47,2.3,1016.5
2024-10-25T15:00,56.7,45,1.6,1015.6
2024-10-25T16:00,56.7,45,1.9,1014.6
2024-10-25T17:00,55.1,55,1.7,1014.5
2024-10-25T18:00,53.1,54,2.9,1014.7
2024-10-25T19:00,51.6,64,1.0,1015.2
2024-10-25T20:00,52.1,57,3.3,1015.0
2024-10-25T21:00,48.6,73,2.1,1014.9
2024-10-25T22:00,50.0,62,2.5,1014.9
2024-10-25T23:00,50.4,62,2.9,1014.8
2024-10-26T00:00,48.0,75,3.3,1014.6
2024-10-26T01:00,49.8,67,2.3,1014.5
2024-10-26T02:00,50.3,62,4.8,1013.9
2024-10-26T03:00,50.4,64,5.0,1013.4
2024-10-26T04:00,49.3,69,5.0,1013.3
2024-10-26T05:00,49.9,69,3.8,1013.4
2024-10-26T06:00,49.2,74,2.9,1013.9
2024-10-26T07:00,50.1,74,6.9,1014.6
2024-10-26T08:00,51.1,83,7.3,1015.5
2024-10-26T09:00,54.2,70,9.3,1016.5
2024-10-26T10:00,55.1,66,12.0,1016.6
2024-10-26T11:00,56.1,57,12.2,1016.7
2024-10-26T12:00,57.3,51,12.6,1016.8
2024-10-26T13:00,58.2,46,12.0,1016.4
2024-10-26T14:00,58.6,41,12.7,1016.3
2024-10-26T15:00,57.9,36,13.1,1016.6
2024-10-26T16:00,56.4,37,12.7,1017.2
2024-10-26T17:00,54.3,38,10.9,1018.0
2024-10-26T18:00,51.1,41,10.9,1019.1
2024-10-26T19:00,49.2,45,10.9,1020.2
2024-10-26T20:00,47.6,51,8.8,1020.9
2024-10-26T21:00,47.3,49,7.8,1021.5
2024-10-26T22:00,45.6,56,6.5,1022.4
2024-10-26T23:00,44.7,62,7.6,1023.2
2024-10-27T00:00,43.4,70,7.3,1023.7
2024-10-27T01:00,42.1,75,6.7,1024.3
2024-10-27T02:00,40.8,78,6.7,1025.0
2024-10-27T03:00,39.6,79,6.1,1025.6
2024-10-27T04:00,38.6,79,5.2,1025.7
2024-10-27T05:00,38.0,80,4.4,1026.0
2024-10-27T06:00,37.4,83,3.2,1026.4
2024-10-27T07:00,36.9,85,3.1,1027.0
2024-10-27T08:00,37.1,84,2.2,1027.6
2024-10-27T09:00,39.5,73,1.8,1028.6
2024-10-27T10:00,43.2,62,2.6,1028.2
2024-10-27T11:00,47.1,48,5.4,1027.7
2024-10-27T12:00,49.8,37,6.7,1027.0
2024-10-27T13:00,52.1,35,9.0,1026.0
2024-10-27T14:00,53.7,33,12.2,1024.7
2024-10-27T15:00,53.6,36,11.3,1024.2
2024-10-27T16:00,53.4,36,9.7,1023.6
2024-10-27T17:00,52.2,41,7.2,1023.4
2024-10-27T18:00,48.0,50,5.3,1023.9
2024-10-27T19:00,46.6,55,5.7,1024.2
2024-10-27T20:00,46.6,56,5.6,1024.7
2024-10-27T21:00,44.0,67,3.2,1025.1
2024-10-27T22:00,43.2,73,2.8,1025.5
2024-10-27T23:00,42.3,71,2.3,1025.4
2024-10-28T00:00,40.5,76,2.8,1025.4
2024-10-28T01:00,43.4,61,1.7,1025.4
2024-10-28T02:00,39.8,75,2.9,1025.3
2024-10-28T03:00,40.7,72,6.0,1026.1
2024-10-28T04:00,39.1,81,4.9,1026.4
2024-10-28T05:00,38.1,87,3.5,1027.2
2024-10-28T06:00,38.0,91,4.3,1028.0
2024-10-28T07:00,38.1,93,4.6,1028.7
2024-10-28T08:00,39.2,88,4.5,1029.6
2024-10-28T09:00,39.6,75,4.4,1030.8
2024-10-28T10:00,41.1,70,4.5,1031.1
2024-10-28T11:00,43.4,65,4.6,1031.2
2024-10-28T12:00,46.3,60,3.5,1030.7
2024-10-28T13:00,48.9,56,3.1,1030.1
2024-10-28T14:00,50.8,53,3.3,1029.5
2024-10-28T15:00,51.4,51,3.7,1029.1
2024-10-28T16:00,51.1,50,4.5,1028.9
2024-10-28T17:00,49.5,55,4.1,1028.4
2024-10-28T18:00,45.0,71,2.9,1028.7
2024-10-28T19:00,43.5,72,5.3,1028.9
2024-10-28T20:00,41.5,78,4.9,1029.2
2024-10-28T21:00,40.5,80,3.5,1029.6
2024-10-28T22:00,39.8,83,4.3,1030.0
2024-10-28T23:00,42.4,75,5.4,1030.2
2024-10-29T00:00,42.2,77,7.0,1030.1
2024-10-29T01:00,41.7,77,6.9,1029.9
2024-10-29T02:00,42.3,78,7.4,1030.0
2024-10-29T03:00,43.2,82,8.2,1029.9
2024-10-29T04:00,43.6,85,7.7,1029.8
2024-10-29T05:00,42.9,90,7.2,1030.0
2024-10-29T06:00,43.0,91,8.1,1030.1
2024-10-29T07:00,43.5,90,8.6,1029.8
2024-10-29T08:00,44.6,89,8.9,1029.9
2024-10-29T09:00,48.8,76,12.8,1030.0
2024-10-29T10:00,51.3,71,9.9,1030.2
2024-10-29T11:00,53.8,67,10.4,1030.0
2024-10-29T12:00,56.2,64,15.2,1029.2
2024-10-29T13:00,56.0,66,14.9,1028.0
2024-10-29T14:00,56.0,66,13.9,1027.6
2024-10-29T15:00,55.9,68,13.0,1027.2
2024-10-29T16:00,56.2,68,12.5,1026.5
2024-10-29T17:00,55.2,68,12.2,1026.1
2024-10-29T18:00,54.7,69,12.9,1026.1
2024-10-29T19:00,53.4,76,12.7,1026.4
2024-10-29T20:00,50.3,100,12.6,1026.2
2024-10-29T21:00,51.6,93,14.1,1025.7
2024-10-29T22:00,52.2,93,13.6,1025.8
2024-10-29T23:00,52.6,94,13.8,1025.6
2024-10-30T00:00,53.5,94,13.0,1025.5
2024-10-30T01:00,53.8,96,11.8,1025.4
2024-10-30T02:00,54.7,96,11.5,1025.0
2024-10-30T03:00,55.7,96,11.6,1024.6
2024-10-30T04:00,56.4,97,11.5,1024.0
2024-10-30T05:00,56.5,97,10.8,1023.8
2024-10-30T06:00,56.0,97,9.8,1023.9
2024-10-30T07:00,55.2,97,9.2,1023.9
2024-10-30T08:00,54.4,96,9.1,1024.1
2024-10-30T09:00,56.9,89,9.5,1024.2
2024-10-30T10:00,59.7,82,8.1,1024.1
2024-10-30T11:00,63.0,74,6.9,1023.4
2024-10-30T12:00,66.7,66,7.2,1022.5
2024-10-30T13:00,70.5,60,7.7,1021.4
2024-10-30T14:00,72.6,58,7.6,1020.5
2024-10-30T15:00,73.4,58,7.8,1019.8
2024-10-30T16:00,72.2,62,7.6,1019.3
2024-10-30T17:00,70.1,68,8.9,1019.0
2024-10-30T18:00,67.6,70,9.8,1018.7
2024-10-30T19:00,66.3,72,9.6,1018.8
2024-10-30T20:00,64.2,76,8.3,1019.1
2024-10-30T21:00,64.1,73,9.1,1018.5
2024-10-30T22:00,62.8,77,8.5,1018.8
2024-10-30T23:00,61.9,79,8.3,1019.0
2024-10-31T00:00,61.4,81,8.5,1018.7
2024-10-31T01:00,61.0,82,7.8,1018.8
2024-10-31T02:00,60.0,83,7.5,1018.7
2024-10-31T03:00,59.0,85,7.7,1018.4
2024-10-31T04:00,57.7,88,7.3,1017.8
2024-10-31T05:00,56.8,89,7.3,1017.6
2024-10-31T06:00,56.6,89,7.5,1017.5
2024-10-31T07:00,56.5,87,7.6,1017.4
2024-10-31T08:00,56.6,87,7.2,1017.7
2024-10-31T09:00,59.7,79,6.4,1017.9
2024-10-31T10:00,64.6,70,5.8,1017.4
2024-10-31T11:00,68.4,62,5.9,1016.9
2024-10-31T12:00,71.7,55,6.9,1015.9
2024-10-31T13:00,74.2,51,8.1,1015.0
2024-10-31T14:00,75.4,50,8.8,1013.8
2024-10-31T15:00,75.3,50,10.3,1012.9
2024-10-31T16:00,74.0,57,10.6,1012.1
2024-10-31T17:00,73.2,61,10.6,1011.4
2024-10-31T18:00,71.1,65,10.1,1011.3
2024-10-31T19:00,69.1,67,9.8,1011.6
2024-10-31T20:00,67.9,69,8.7,1011.4
2024-10-31T21:00,67.1,66,9.4,1011.1
2024-10-31T22:00,67.0,67,9.7,1010.7
2024-10-31T23:00,67.7,67,11.2,1010.0
2024-11-01T00:00,68.2,65,12.0,1009.7
2024-11-01T01:00,68.1,66,12.0,1009.2
2024-11-01T02:00,67.9,67,11.5,1008.6
2024-11-01T03:00,67.3,71,11.2,1008.3
2024-11-01T04:00,64.8,86,8.9,1007.8
2024-11-01T05:00,61.7,99,8.2,1008.3
2024-11-01T06:00,62.3,94,10.1,1008.3
2024-11-01T07:00,62.5,95,10.6,1008.1
2024-11-01T08:00,62.4,94,9.6,1008.5
2024-11-01T09:00,64.4,90,3.5,1009.3
2024-11-01T10:00,66.0,89,0.4,1009.2
2024-11-01T11:00,69.6,77,3.3,1008.9
2024-11-01T12:00,66.3,78,12.4,1010.2
2024-11-01T13:00,62.3,73,12.3,1011.3
2024-11-01T14:00,64.1,52,14.7,1011.8
2024-11-01T15:00,61.7,56,14.1,1013.2
2024-11-01T16:00,59.0,59,13.1,1013.9
2024-11-01T17:00,57.8,57,12.4,1014.6
2024-11-01T18:00,56.3,56,10.8,1015.6
2024-11-01T19:00,55.5,58,9.7,1016.6
2024-11-01T20:00,54.7,58,8.8,1017.2
2024-11-01T21:00,54.1,60,7.7,1017.9
2024-11-01T22:00,53.1,64,7.7,1018.4
2024-11-01T23:00,51.5,70,8.2,1018.5
2024-11-02T00:00,50.1,75,8.6,1019.0
2024-11-02T01:00,49.5,76,9.0,1019.3
2024-11-02T02:00,49.6,73,9.7,1019.4
2024-11-02T03:00,49.2,73,9.1,1020.0
2024-11-02T04:00,48.6,72,7.8,1020.3
2024-11-02T05:00,48.0,72,6.4,1021.0
2024-11-02T06:00,47.4,74,6.8,1021.7
2024-11-02T07:00,48.1,75,6.3,1022.2
2024-11-02T08:00,48.5,77,6.3,1023.2
2024-11-02T09:00,48.1,77,6.1,1024.5
2024-11-02T10:00,47.8,77,6.4,1025.0
2024-11-02T11:00,47.7,77,5.5,1025.4
2024-11-02T12:00,47.5,75,4.7,1025.5
2024-11-02T13:00,49.0,69,5.3,1025.1
2024-11-02T14:00,49.4,66,6.7,1024.9
2024-11-02T15:00,50.2,59,7.0,1024.6
2024-11-02T16:00,50.1,55,7.2,1024.9
2024-11-02T17:00,49.4,53,7.1,1025.2
2024-11-02T18:00,48.1,55,6.8,1025.9
2024-11-02T19:00,46.4,59,8.1,1026.7
2024-11-02T20:00,45.0,62,8.2,1027.4
2024-11-02T21:00,41.9,64,6.7,1028.2
2024-11-02T22:00,41.0,67,6.7,1028.5
2024-11-02T23:00,40.0,71,6.3,1028.7
2024-11-03T00:00,39.1,75,5.4,1028.7
2024-11-03T01:00,37.9,82,4.8,1028.8
2024-11-03T02:00,37.1,87,4.9,1029.1
2024-11-03T03:00,36.5,88,5.0,1029.4
2024-11-03T04:00,36.3,88,4.7,1029.4
2024-11-03T05:00,36.1,88,4.3,1029.7
2024-11-03T06:00,35.8,88,3.9,1029.8
2024-11-03T07:00,35.3,88,3.5,1030.2
2024-11-03T08:00,35.1,88,4.1,1030.8
2024-11-03T09:00,36.4,79,3.0,1031.9
2024-11-03T10:00,39.4,69,3.4,1031.9
2024-11-03T11:00,41.8,62,4.0,1031.5
2024-11-03T12:00,44.2,56,3.8,1031.1
2024-11-03T13:00,46.2,50,4.4,1030.4
2024-11-03T14:00,47.5,47,4.4,1029.9
2024-11-03T15:00,48.0,44,4.3,1029.4
2024-11-03T16:00,47.8,43,4.3,1029.9
2024-11-03T17:00,45.8,52,3.2,1030.3
2024-11-03T18:00,42.6,58,4.6,1030.2
2024-11-03T19:00,40.3,64,6.1,1030.4
2024-11-03T20:00,39.2,66,5.9,1030.7
2024-11-03T21:00,38.4,58,6.2,1030.9
2024-11-03T22:00,37.5,56,5.7,1031.1
2024-11-03T23:00,37.6,52,2.2,1031.7
2024-11-04T00:00,33.7,75,3.0,1031.9
2024-11-04T01:00,34.6,68,2.6,1031.5
2024-11-04T02:00,33.1,78,3.6,1031.3
2024-11-04T03:00,33.5,76,1.8,1031.6
2024-11-04T04:00,33.3,79,3.6,1031.1
2024-11-04T05:00,32.9,79,2.9,1031.7
2024-11-04T06:00,35.7,67,1.9,1032.2
2024-11-04T07:00,36.7,70,2.2,1032.2
2024-11-04T08:00,38.3,59,5.1,1032.2
2024-11-04T09:00,41.0,52,6.2,1032.3
2024-11-04T10:00,44.1,49,7.7,1031.9
2024-11-04T11:00,47.3,49,10.2,1030.9
2024-11-04T12:00,47.3,54,9.9,1029.8
2024-11-04T13:00,49.5,52,10.4,1028.7
2024-11-04T14:00,52.8,47,11.5,1027.4
2024-11-04T15:00,54.1,46,10.7,1026.4
2024-11-04T16:00,53.1,49,9.2,1026.0
2024-11-04T17:00,52.7,53,9.3,1025.6
2024-11-04T18:00,51.8,56,10.2,1025.1
2024-11-04T19:00,51.4,58,10.6,1024.8
2024-11-04T20:00,51.3,60,11.5,1024.7
2024-11-04T21:00,49.3,67,12.3,1024.5
2024-11-04T22:00,49.1,72,12.9,1024.0
2024-11-04T23:00,49.0,77,12.6,1023.4
2024-11-05T00:00,50.1,79,13.6,1022.4
2024-11-05T01:00,49.9,83,12.8,1022.0
2024-11-05T02:00,50.4,84,12.8,1021.3
2024-11-05T03:00,50.5,86,11.4,1021.5
2024-11-05T04:00,50.5,88,10.6,1021.1
2024-11-05T05:00,50.8,89,9.8,1021.0
2024-11-05T06:00,51.2,89,9.3,1020.9
2024-11-05T07:00,50.5,93,8.3,1020.7
2024-11-05T08:00,51.1,92,8.5,1020.6
2024-11-05T09:00,54.4,86,9.9,1020.7
2024-11-05T10:00,57.4,79,7.9,1020.3
2024-11-05T11:00,57.9,79,8.5,1019.7
2024-11-05T12:00,59.7,77,8.6,1019.2
2024-11-05T13:00,64.3,69,8.6,1018.0
2024-11-05T14:00,67.6,64,8.7,1016.8
2024-11-05T15:00,70.2,61,8.7,1015.9
2024-11-05T16:00,70.3,61,8.1,1015.3
2024-11-05T17:00,68.4,63,9.4,1014.8
2024-11-05T18:00,66.1,66,10.9,1014.6
2024-11-05T19:00,65.2,66,11.8,1014.7
2024-11-05T20:00,64.1,70,11.3,1015.0
2024-11-05T21:00,65.7,68,13.0,1014.1
2024-11-05T22:00,63.9,75,11.7,1014.5
2024-11-05T23:00,62.2,80,11.2,1014.4
2024-11-06T00:00,61.2,84,10.9,1014.2
2024-11-06T01:00,60.6,85,10.9,1013.9
2024-11-06T02:00,60.3,85,11.0,1013.6
2024-11-06T03:00,60.1,86,10.8,1013.4
2024-11-06T04:00,59.4,90,9.5,1013.2
2024-11-06T05:00,58.9,93,8.7,1013.2
2024-11-06T06:00,58.8,94,9.8,1012.8
2024-11-06T07:00,58.8,94,10.7,1012.4
2024-11-06T08:00,58.8,95,10.9,1012.4
2024-11-06T09:00,63.0,88,7.6,1012.4
2024-11-06T10:00,65.9,81,8.1,1012.2
2024-11-06T11:00,69.6,72,8.9,1011.2
2024-11-06T12:00,70.9,69,9.8,1010.7
2024-11-06T13:00,73.8,64,8.7,1010.2
2024-11-06T14:00,76.7,57,8.8,1009.4
2024-11-06T15:00,75.3,60,9.2,1010.1
2024-11-06T16:00,74.7,61,10.0,1010.5
2024-11-06T17:00,69.4,79,8.2,1011.5
2024-11-06T18:00,66.6,88,6.5,1012.2
2024-11-06T19:00,64.5,93,6.1,1012.8
2024-11-06T20:00,63.4,93,6.8,1013.3
2024-11-06T21:00,64.0,84,5.1,1013.4
2024-11-06T22:00,62.7,85,5.8,1013.7
2024-11-06T23:00,61.3,87,6.3,1013.8
2024-11-07T00:00,61.2,86,4.9,1013.6
2024-11-07T01:00,60.3,87,5.3,1013.9
2024-11-07T02:00,59.3,87,4.1,1014.0
2024-11-07T03:00,57.6,89,3.6,1014.0
2024-11-07T04:00,55.7,92,3.1,1013.9
2024-11-07T05:00,55.2,95,3.2,1013.9
2024-11-07T06:00,56.0,95,2.4,1013.9
2024-11-07T07:00,56.3,97,6.2,1014.5
2024-11-07T08:00,56.8,96,6.4,1015.3
2024-11-07T09:00,58.4,83,7.6,1016.2
2024-11-07T10:00,59.4,74,8.7,1016.7
2024-11-07T11:00,59.5,69,7.6,1016.6
2024-11-07T12:00,60.4,61,12.4,1016.6
2024-11-07T13:00,59.9,58,11.2,1016.4
2024-11-07T14:00,59.5,56,11.6,1016.3
2024-11-07T15:00,58.4,57,11.3,1016.4
2024-11-07T16:00,57.3,57,10.2,1016.6
2024-11-07T17:00,55.2,61,7.2,1016.8
2024-11-07T18:00,52.0,67,6.0,1017.1
2024-11-07T19:00,50.5,69,7.0,1017.6
2024-11-07T20:00,49.2,70,7.2,1017.7
2024-11-07T21:00,48.2,67,7.0,1018.1
2024-11-07T22:00,46.8,74,4.4,1018.1
2024-11-07T23:00,45.9,78,3.0,1017.6
2024-11-08T00:00,44.2,84,3.9,1017.0
2024-11-08T01:00,46.7,72,2.8,1016.5
2024-11-08T02:00,46.7,72,2.5,1015.8
2024-11-08T03:00,46.7,72,3.1,1015.3
2024-11-08T04:00,43.3,83,2.5,1014.9
2024-11-08T05:00,44.8,79,4.3,1014.1
2024-11-08T06:00,43.4,83,6.2,1013.5
2024-11-08T07:00,42.6,86,6.9,1013.1
2024-11-08T08:00,42.5,87,7.3,1012.9
2024-11-08T09:00,45.9,79,6.8,1013.0
2024-11-08T10:00,51.3,66,5.6,1012.2
2024-11-08T11:00,54.8,59,7.8,1011.1
2024-11-08T12:00,56.8,51,13.7,1010.3
2024-11-08T13:00,58.5,45,11.8,1008.6
2024-11-08T14:00,59.7,44,13.0,1007.6
2024-11-08T15:00,60.3,43,14.8,1007.6
2024-11-08T16:00,57.4,52,15.0,1008.1
2024-11-08T17:00,55.7,57,13.0,1008.6
2024-11-08T18:00,53.0,63,12.3,1009.4
2024-11-08T19:00,50.6,71,12.7,1010.1
2024-11-08T20:00,49.5,74,12.5,1010.8
2024-11-08T21:00,48.7,76,13.7,1012.1
2024-11-08T22:00,46.5,90,11.1,1013.7
2024-11-08T23:00,44.1,82,11.0,1014.8
2024-11-09T00:00,43.8,67,11.9,1016.0
2024-11-09T01:00,42.3,58,12.9,1017.3
2024-11-09T02:00,40.7,57,11.4,1018.0
2024-11-09T03:00,39.6,58,9.9,1018.8
2024-11-09T04:00,38.9,59,9.8,1019.7
2024-11-09T05:00,38.2,61,10.1,1020.7
2024-11-09T06:00,37.6,63,10.0,1021.8
2024-11-09T07:00,37.2,63,10.6,1022.8
2024-11-09T08:00,36.9,63,10.3,1023.8
2024-11-09T09:00,39.6,57,9.6,1024.9
2024-11-09T10:00,41.5,53,9.8,1024.9
2024-11-09T11:00,43.6,48,9.9,1024.7
2024-11-09T12:00,45.5,44,8.7,1025.0
2024-11-09T13:00,47.3,41,7.7,1024.9
2024-11-09T14:00,48.6,39,6.9,1024.8
2024-11-09T15:00,49.5,37,7.0,1024.4
2024-11-09T16:00,49.5,38,7.7,1025.0
2024-11-09T17:00,47.7,45,5.4,1025.2
2024-11-09T18:00,44.1,55,5.0,1025.9
2024-11-09T19:00,42.3,59,5.3,1026.4
2024-11-09T20:00,40.2,70,3.3,1027.0
2024-11-09T21:00,40.3,60,3.7,1027.8
2024-11-09T22:00,39.4,65,3.1,1027.9
2024-11-09T23:00,37.4,75,2.9,1027.6
2024-11-10T00:00,39.5,63,1.8,1027.5
2024-11-10T01:00,36.9,73,1.8,1026.8
2024-11-10T02:00,37.3,70,1.9,1026.6
2024-11-10T03:00,36.2,73,2.9,1026.8
2024-11-10T04:00,35.6,69,6.2,1026.2
2024-11-10T05:00,34.8,70,6.2,1025.7
2024-11-10T06:00,34.8,68,6.4,1025.2
2024-11-10T07:00,35.2,68,7.1,1024.5
2024-11-10T08:00,36.4,62,7.6,1023.9
2024-11-10T09:00,39.4,54,8.7,1024.2
2024-11-10T10:00,44.0,47,9.4,1023.4
2024-11-10T11:00,47.5,41,10.1,1022.6
2024-11-10T12:00,50.7,37,10.8,1021.4
2024-11-10T13:00,53.7,33,11.2,1019.8
2024-11-10T14:00,54.9,31,12.1,1018.6
2024-11-10T15:00,54.0,33,12.7,1017.0
2024-11-10T16:00,54.0,35,11.4,1015.9
2024-11-10T17:00,53.4,34,11.3,1015.2
2024-11-10T18:00,51.7,41,12.1,1014.7
2024-11-10T19:00,49.4,57,12.0,1014.2
2024-11-10T20:00,46.4,79,13.0,1013.8
2024-11-10T21:00,46.8,83,13.1,1012.3
2024-11-10T22:00,45.6,99,12.1,1011.9
2024-11-10T23:00,46.4,100,13.8,1009.9
2024-11-11T00:00,47.9,96,14.3,1008.5
2024-11-11T01:00,48.6,96,12.6,1007.2
2024-11-11T02:00,49.1,100,11.4,1006.3
2024-11-11T03:00,50.0,98,10.0,1005.8
2024-11-11T04:00,50.2,98,9.0,1004.7
2024-11-11T05:00,50.3,98,10.5,1004.2
2024-11-11T06:00,50.8,98,10.4,1003.4
2024-11-11T07:00,50.4,98,9.4,1003.3
2024-11-11T08:00,50.2,99,8.1,1003.4
2024-11-11T09:00,51.7,98,8.0,1003.8
2024-11-11T10:00,54.5,97,6.7,1003.6
2024-11-11T11:00,57.7,87,6.5,1003.3
2024-11-11T12:00,59.4,78,7.5,1003.0
2024-11-11T13:00,61.9,57,9.8,1002.2
2024-11-11T14:00,62.1,52,10.5,1001.7
2024-11-11T15:00,61.9,51,9.7,1001.2
2024-11-11T16:00,61.6,52,6.6,1000.7
2024-11-11T17:00,59.1,59,4.9,1000.7
2024-11-11T18:00,55.4,68,3.7,1001.0
2024-11-11T19:00,54.8,68,5.7,1001.4
2024-11-11T20:00,53.3,73,7.1,1001.4
2024-11-11T21:00,53.8,70,6.9,1002.0
2024-11-11T22:00,54.1,68,6.5,1001.8
2024-11-11T23:00,52.4,71,6.2,1002.0
2024-11-12T00:00,49.3,79,6.2,1002.4
2024-11-12T01:00,48.7,80,5.1,1003.2
2024-11-12T02:00,49.3,79,5.8,1003.6
2024-11-12T03:00,48.9,77,10.3,1004.8
2024-11-12T04:00,46.8,81,9.8,1005.5
2024-11-12T05:00,46.5,82,9.2,1006.5
2024-11-12T06:00,45.8,82,10.0,1008.1
2024-11-12T07:00,44.6,77,11.0,1009.5
2024-11-12T08:00,44.3,71,13.4,1011.1
2024-11-12T09:00,44.1,61,14.6,1012.8
2024-11-12T10:00,44.8,56,15.4,1014.4
2024-11-12T11:00,45.0,54,16.3,1016.0
2024-11-12T12:00,45.7,51,16.6,1017.1
2024-11-12T13:00,45.6,49,16.0,1017.4
2024-11-12T14:00,45.9,46,15.7,1017.7
2024-11-12T15:00,46.1,43,15.7,1018.3
2024-11-12T16:00,45.7,42,14.7,1019.2
2024-11-12T17:00,44.1,42,12.5,1020.4
2024-11-12T18:00,42.3,45,11.9,1021.9
2024-11-12T19:00,40.2,50,12.9,1023.3
2024-11-12T20:00,38.7,53,11.5,1024.4
2024-11-12T21:00,38.7,49,10.9,1025.3
2024-11-12T22:00,37.7,51,10.5,1026.4
2024-11-12T23:00,36.6,54,10.0,1027.3
2024-11-13T00:00,35.6,57,8.7,1027.7
2024-11-13T01:00,35.0,59,8.0,1028.3
2024-11-13T02:00,34.2,62,7.5,1028.6
2024-11-13T03:00,33.6,64,7.4,1029.3
2024-11-13T04:00,32.6,67,7.3,1029.8
2024-11-13T05:00,31.9,69,7.3,1030.1
2024-11-13T06:00,31.5,70,7.3,1030.3
2024-11-13T07:00,31.3,69,8.2,1030.6
2024-11-13T08:00,31.3,68,9.6,1031.2
2024-11-13T09:00,33.1,62,10.3,1032.6
2024-11-13T10:00,35.1,56,10.6,1033.2
2024-11-13T11:00,37.5,49,9.8,1033.6
2024-11-13T12:00,39.9,44,8.7,1033.2
2024-11-13T13:00,42.1,38,7.9,1032.3
2024-11-13T14:00,43.4,36,7.1,1031.6
2024-11-13T15:00,44.1,35,6.7,1031.3
2024-11-13T16:00,43.6,36,7.1,1030.9
2024-11-13T17:00,41.8,41,5.9,1030.9
2024-11-13T18:00,38.5,49,5.2,1030.6
2024-11-13T19:00,36.9,54,5.6,1030.7
2024-11-13T20:00,35.4,60,5.6,1030.8
2024-11-13T21:00,33.9,64,5.2,1030.9
2024-11-13T22:00,32.0,71,3.2,1030.8
2024-11-13T23:00,30.6,78,1.2,1030.8
2024-11-14T00:00,29.7,82,0.3,1030.5
2024-11-14T01:00,28.8,84,0.1,1029.7
2024-11-14T02:00,28.8,85,0.6,1029.2
2024-11-14T03:00,28.3,88,1.0,1028.4
2024-11-14T04:00,28.1,90,0.6,1027.4
2024-11-14T05:00,27.5,92,2.4,1027.7
2024-11-14T06:00,27.4,92,1.2,1027.8
2024-11-14T07:00,27.4,92,0.2,1027.9
2024-11-14T08:00,28.2,86,1.4,1027.6
2024-11-14T09:00,29.9,81,0.2,1028.0
2024-11-14T10:00,34.2,68,2.7,1027.3
2024-11-14T11:00,36.6,62,2.6,1026.5
2024-11-14T12:00,40.7,49,1.9,1024.8
2024-11-14T13:00,42.9,43,3.1,1023.5
2024-11-14T14:00,44.6,38,2.6,1022.5
2024-11-14T15:00,44.4,38,3.9,1021.5
2024-11-14T16:00,42.3,41,4.1,1021.0
2024-11-14T17:00,37.5,51,2.9,1020.9
2024-11-14T18:00,35.3,52,3.5,1020.4
2024-11-14T19:00,35.3,48,4.1,1020.0
2024-11-14T20:00,35.8,44,5.1,1019.3
2024-11-14T21:00,35.8,54,2.8,1018.9
2024-11-14T22:00,35.4,53,0.6,1018.6
2024-11-14T23:00,35.7,50,1.0,1018.1
2024-11-15T00:00,35.1,53,2.7,1017.3
2024-11-15T01:00,34.8,55,3.3,1016.5
2024-11-15T02:00,34.5,54,3.4,1016.0
2024-11-15T03:00,33.9,51,3.8,1015.2
2024-11-15T04:00,33.6,51,3.8,1015.0
2024-11-15T05:00,32.7,56,3.9,1015.0
2024-11-15T06:00,31.9,65,4.6,1015.0
2024-11-15T07:00,31.9,76,5.5,1014.9
2024-11-15T08:00,32.1,81,7.1,1014.6
2024-11-15T09:00,34.2,75,8.4,1014.3
2024-11-15T10:00,37.8,65,6.2,1013.8
2024-11-15T11:00,40.5,56,5.9,1013.1
2024-11-15T12:00,42.7,49,5.4,1012.0
2024-11-15T13:00,44.6,41,6.3,1011.1
2024-11-15T14:00,46.4,32,6.9,1010.4
2024-11-15T15:00,46.8,31,7.1,1009.6
2024-11-15T16:00,46.0,33,6.2,1008.9
2024-11-15T17:00,41.3,40,6.0,1008.7
2024-11-15T18:00,38.0,47,6.4,1008.7
2024-11-15T19:00,37.1,50,5.3,1008.8
2024-11-15T20:00,36.3,52,5.4,1009.2
2024-11-15T21:00,39.5,58,5.6,1008.4
2024-11-15T22:00,37.5,61,5.3,1008.7
2024-11-15T23:00,36.3,61,5.4,1008.5
2024-11-16T00:00,35.7,60,5.2,1008.3
2024-11-16T01:00,35.8,58,5.4,1008.4
2024-11-16T02:00,35.6,55,5.3,1008.4
2024-11-16T03:00,35.4,54,5.3,1008.7
2024-11-16T04:00,35.3,54,5.0,1008.6
2024-11-16T05:00,34.6,57,4.5,1008.7
2024-11-16T06:00,35.2,59,5.0,1008.9
2024-11-16T07:00,36.0,60,5.9,1009.3
2024-11-16T08:00,36.0,61,6.3,1009.8
2024-11-16T09:00,39.9,46,8.1,1010.2
2024-11-16T10:00,43.2,40,8.3,1010.7
2024-11-16T11:00,46.3,36,9.6,1011.1
2024-11-16T12:00,49.5,33,9.2,1010.8
2024-11-16T13:00,52.2,32,9.3,1010.2
2024-11-16T14:00,54.2,32,10.4,1009.9
2024-11-16T15:00,54.4,36,11.3,1010.0
2024-11-16T16:00,53.5,39,10.5,1010.3
2024-11-16T17:00,51.3,42,10.2,1011.1
2024-11-16T18:00,48.4,44,9.8,1011.7
2024-11-16T19:00,46.5,45,9.1,1012.8
2024-11-16T20:00,44.4,48,7.8,1013.5
2024-11-16T21:00,44.8,50,7.3,1014.1
2024-11-16T22:00,42.5,56,4.8,1014.7
2024-11-16T23:00,39.6,65,4.0,1015.1
2024-11-17T00:00,38.2,75,3.8,1015.3
2024-11-17T01:00,37.3,80,4.2,1015.3
2024-11-17T02:00,36.3,83,3.9,1015.5
2024-11-17T03:00,35.9,84,2.8,1016.0
2024-11-17T04:00,36.2,83,1.2,1016.1
2024-11-17T05:00,36.0,83,1.1,1016.6
2024-11-17T06:00,35.8,83,0.7,1016.8
2024-11-17T07:00,35.6,82,0.9,1017.2
2024-11-17T08:00,35.1,82,1.2,1017.6
2024-11-17T09:00,37.8,87,2.0,1018.2
2024-11-17T10:00,41.1,75,2.2,1018.2
2024-11-17T11:00,44.3,62,2.4,1018.0
2024-11-17T12:00,47.8,46,2.4,1017.1
2024-11-17T13:00,50.5,37,2.4,1016.0
2024-11-17T14:00,52.3,33,2.8,1015.1
2024-11-17T15:00,52.9,33,2.4,1014.4
2024-11-17T16:00,51.0,38,1.7,1013.8
2024-11-17T17:00,46.4,42,3.7,1013.2
2024-11-17T18:00,41.8,50,3.0,1012.9
2024-11-17T19:00,42.4,50,3.0,1012.9
2024-11-17T20:00,43.7,50,2.1,1012.6
2024-11-17T21:00,47.7,47,1.0,1011.6
2024-11-17T22:00,46.8,49,1.6,1011.1
2024-11-17T23:00,46.2,51,0.3,1011.8
2024-11-18T00:00,45.7,54,3.3,1011.2
2024-11-18T01:00,43.4,60,1.0,1010.4
2024-11-18T02:00,44.0,59,0.4,1010.3
2024-11-18T03:00,44.0,58,0.6,1009.9
2024-11-18T04:00,43.6,59,2.5,1009.9
2024-11-18T05:00,43.2,62,0.8,1009.5
2024-11-18T06:00,43.3,67,2.9,1009.7
2024-11-18T07:00,44.1,73,2.7,1009.5
2024-11-18T08:00,43.7,77,3.0,1009.8
2024-11-18T09:00,46.3,78,5.4,1010.0
2024-11-18T10:00,48.5,83,5.5,1010.0
2024-11-18T11:00,51.2,78,7.3,1010.0
2024-11-18T12:00,54.2,67,12.3,1009.4
2024-11-18T13:00,55.4,62,10.8,1008.6
2024-11-18T14:00,56.9,56,10.9,1008.2
2024-11-18T15:00,58.0,48,13.6,1008.2
2024-11-18T16:00,57.7,47,13.5,1008.1
2024-11-18T17:00,55.3,55,10.6,1008.4
2024-11-18T18:00,52.4,60,9.1,1009.0
2024-11-18T19:00,50.4,63,8.1,1010.0
2024-11-18T20:00,48.3,67,7.1,1010.7
2024-11-18T21:00,50.1,59,8.9,1010.7
2024-11-18T22:00,50.6,59,7.9,1011.1
2024-11-18T23:00,49.2,63,7.0,1011.3
2024-11-19T00:00,46.9,68,7.4,1011.2
2024-11-19T01:00,45.9,65,7.7,1011.2
2024-11-19T02:00,44.7,68,7.6,1011.8
2024-11-19T03:00,43.1,73,6.3,1012.6
2024-11-19T04:00,42.2,75,6.3,1013.0
2024-11-19T05:00,42.0,76,6.0,1013.1
2024-11-19T06:00,41.4,78,5.8,1013.2
2024-11-19T07:00,42.3,76,6.0,1013.4
2024-11-19T08:00,41.2,80,5.8,1013.9
2024-11-19T09:00,41.5,73,6.7,1014.3
2024-11-19T10:00,45.0,65,6.7,1013.5
2024-11-19T11:00,48.3,58,7.2,1013.7
2024-11-19T12:00,50.5,53,8.4,1012.3
2024-11-19T13:00,52.0,50,7.4,1011.7
2024-11-19T14:00,53.1,48,7.4,1011.0
2024-11-19T15:00,53.6,48,6.5,1010.8
2024-11-19T16:00,53.2,49,4.8,1010.6
2024-11-19T17:00,50.4,57,2.1,1010.3
2024-11-19T18:00,46.3,65,3.0,1010.0
2024-11-19T19:00,45.0,70,3.4,1010.4
2024-11-19T20:00,46.0,67,4.6,1010.0
2024-11-19T21:00,43.6,70,3.9,1009.6
2024-11-19T22:00,45.0,66,5.9,1009.2
2024-11-19T23:00,42.4,73,3.7,1009.4
2024-11-20T00:00,40.9,78,3.2,1009.3
2024-11-20T01:00,42.0,75,3.6,1009.4
2024-11-20T02:00,40.8,78,3.4,1009.4
2024-11-20T03:00,40.1,80,3.6,1009.2
2024-11-20T04:00,41.7,76,3.6,1008.9
2024-11-20T05:00,41.5,77,3.7,1008.8
2024-11-20T06:00,42.2,76,3.9,1008.8
2024-11-20T07:00,41.3,80,3.9,1008.8
2024-11-20T08:00,40.8,82,4.7,1008.7
2024-11-20T09:00,41.7,78,4.6,1008.9
2024-11-20T10:00,45.2,68,3.4,1008.7
2024-11-20T11:00,47.9,61,3.7,1008.4
2024-11-20T12:00,51.3,54,3.7,1007.7
2024-11-20T13:00,53.6,49,3.7,1006.6
2024-11-20T14:00,55.0,47,3.0,1006.2
2024-11-20T15:00,55.8,46,1.9,1005.6
2024-11-20T16:00,55.7,46,1.3,1005.4
2024-11-20T17:00,52.9,53,0.4,1005.3
2024-11-20T18:00,49.8,59,2.6,1005.3
2024-11-20T19:00,50.5,59,3.2,1005.0
2024-11-20T20:00,49.9,62,5.9,1004.5
2024-11-20T21:00,49.0,64,7.5,1004.8
2024-11-20T22:00,51.5,56,8.5,1004.5
2024-11-20T23:00,51.3,56,11.0,1004.0
2024-11-21T00:00,50.1,61,11.3,1003.9
2024-11-21T01:00,48.7,66,10.6,1003.4
2024-11-21T02:00,47.1,72,9.9,1002.5
2024-11-21T03:00,46.9,73,6.3,1002.5
2024-11-21T04:00,46.2,76,3.6,1003.3
2024-11-21T05:00,45.7,79,4.1,1003.8
2024-11-21T06:00,45.4,88,0.8,1003.4
2024-11-21T07:00,44.6,95,2.1,1002.7
2024-11-21T08:00,44.2,96,4.9,1002.1
2024-11-21T09:00,44.2,95,4.1,1002.3
2024-11-21T10:00,44.7,96,3.4,1001.9
2024-11-21T11:00,45.3,96,5.4,1000.9
2024-11-21T12:00,45.6,95,5.7,1000.3
2024-11-21T13:00,45.7,95,4.1,999.7
2024-11-21T14:00,45.4,95,3.6,999.0
2024-11-21T15:00,45.1,95,4.4,998.5
2024-11-21T16:00,44.5,93,5.0,998.1
2024-11-21T17:00,44.1,95,4.4,998.1
2024-11-21T18:00,43.8,98,5.6,998.3
2024-11-21T19:00,43.2,98,5.5,998.4
2024-11-21T20:00,42.7,98,6.3,997.7
2024-11-21T21:00,40.4,97,9.0,997.4
2024-11-21T22:00,40.6,98,8.6,996.2
2024-11-21T23:00,40.8,99,8.3,995.2
2024-11-22T00:00,41.0,98,8.3,993.9
2024-11-22T01:00,40.5,99,8.6,993.0
2024-11-22T02:00,40.8,98,8.4,991.4
2024-11-22T03:00,41.1,97,9.0,990.7
2024-11-22T04:00,41.5,96,11.0,989.0
2024-11-22T05:00,42.6,94,12.1,988.1
2024-11-22T06:00,42.6,95,15.0,986.7
2024-11-22T07:00,43.1,94,12.0,986.3
2024-11-22T08:00,43.1,93,7.2,987.6
2024-11-22T09:00,40.5,82,10.6,988.6
2024-11-22T10:00,42.7,78,9.3,989.1
2024-11-22T11:00,42.5,73,14.2,989.8
2024-11-22T12:00,41.0,80,11.8,990.2
2024-11-22T13:00,40.6,86,13.7,990.4
2024-11-22T14:00,41.5,86,13.0,991.0
2024-11-22T15:00,42.6,81,11.3,991.5
2024-11-22T16:00,43.6,76,8.3,992.1
2024-11-22T17:00,43.2,76,3.9,993.1
2024-11-22T18:00,40.1,80,1.6,993.7
2024-11-22T19:00,40.7,75,5.4,993.9
2024-11-22T20:00,38.7,78,4.0,994.4
2024-11-22T21:00,35.8,86,3.6,995.6
2024-11-22T22:00,35.1,88,3.8,995.9
2024-11-22T23:00,34.6,91,3.6,995.8
2024-11-23T00:00,35.4,92,3.7,996.1
2024-11-23T01:00,37.3,93,4.1,995.9
2024-11-23T02:00,37.2,97,6.1,996.0
2024-11-23T03:00,38.1,98,7.5,996.1
2024-11-23T04:00,39.4,98,8.4,996.0
2024-11-23T05:00,39.6,98,8.5,995.8
2024-11-23T06:00,39.6,98,8.0,995.9
2024-11-23T07:00,39.5,97,7.3,996.2
2024-11-23T08:00,39.2,97,9.6,996.4
2024-11-23T09:00,38.9,97,9.7,996.8
2024-11-23T10:00,40.5,92,11.3,997.3
2024-11-23T11:00,41.3,95,10.1,997.7
2024-11-23T12:00,42.1,95,12.8,997.3
2024-11-23T13:00,43.9,85,14.9,997.2
2024-11-23T14:00,45.0,78,16.4,997.8
2024-11-23T15:00,45.0,72,16.4,998.1
2024-11-23T16:00,46.2,65,14.0,998.6
2024-11-23T17:00,45.2,65,11.6,999.4
2024-11-23T18:00,43.2,70,11.1,1000.3
2024-11-23T19:00,42.5,73,9.9,1001.1
2024-11-23T20:00,42.3,73,8.9,1001.6
2024-11-23T21:00,44.0,72,8.2,1001.4
2024-11-23T22:00,44.1,76,8.5,1001.5
2024-11-23T23:00,44.2,82,10.0,1001.3
2024-11-24T00:00,44.1,86,11.8,1001.3
2024-11-24T01:00,43.4,83,11.9,1001.9
2024-11-24T02:00,42.8,84,11.0,1002.2
2024-11-24T03:00,41.9,84,9.3,1003.1
2024-11-24T04:00,41.2,84,9.2,1004.0
2024-11-24T05:00,40.3,84,8.8,1004.7
2024-11-24T06:00,39.8,81,8.3,1005.4
2024-11-24T07:00,39.5,78,8.4,1006.0
2024-11-24T08:00,38.4,74,6.8,1006.6
2024-11-24T09:00,41.4,64,7.7,1007.1
2024-11-24T10:00,42.1,58,12.5,1007.8
2024-11-24T11:00,43.2,55,13.6,1008.2
2024-11-24T12:00,44.6,51,13.3,1008.0
2024-11-24T13:00,44.4,52,12.7,1007.7
2024-11-24T14:00,43.9,55,13.3,1007.9
2024-11-24T15:00,43.2,59,11.2,1007.8
2024-11-24T16:00,42.9,64,11.5,1008.1
2024-11-24T17:00,41.3,69,10.8,1008.5
2024-11-24T18:00,40.0,74,10.8,1009.3
2024-11-24T19:00,39.0,77,8.7,1010.2
2024-11-24T20:00,39.3,76,8.8,1011.1
2024-11-24T21:00,39.1,76,8.7,1011.5
2024-11-24T22:00,38.4,73,8.4,1011.9
2024-11-24T23:00,37.4,74,7.4,1012.3
2024-11-25T00:00,36.5,75,7.2,1012.9
2024-11-25T01:00,35.8,69,7.5,1013.3
2024-11-25T02:00,34.9,64,7.0,1013.8
2024-11-25T03:00,33.9,65,6.3,1014.2
2024-11-25T04:00,33.0,67,6.0,1014.7
2024-11-25T05:00,32.3,69,6.0,1015.1
2024-11-25T06:00,31.5,71,6.1,1015.4
2024-11-25T07:00,30.9,72,5.3,1015.8
2024-11-25T08:00,30.0,75,3.8,1016.4
2024-11-25T09:00,32.8,70,3.9,1016.8
2024-11-25T10:00,35.3,63,4.6,1017.4
2024-11-25T11:00,37.9,58,5.3,1017.2
2024-11-25T12:00,40.7,54,4.8,1016.6
2024-11-25T13:00,43.2,50,4.6,1015.5
2024-11-25T14:00,44.8,49,4.8,1014.9
2024-11-25T15:00,45.5,49,5.0,1014.6
2024-11-25T16:00,45.3,51,4.1,1014.4
2024-11-25T17:00,42.3,63,1.1,1014.5
2024-11-25T18:00,40.5,61,0.8,1014.7
2024-11-25T19:00,40.7,60,1.3,1015.0
2024-11-25T20:00,39.7,63,1.8,1014.9
2024-11-25T21:00,39.0,61,2.7,1014.7
2024-11-25T22:00,38.2,65,2.3,1014.6
2024-11-25T23:00,36.3,69,1.1,1014.0
2024-11-26T00:00,36.6,71,1.5,1013.9
2024-11-26T01:00,35.0,74,2.1,1013.6
2024-11-26T02:00,39.1,64,3.3,1012.6
2024-11-26T03:00,39.0,63,3.6,1012.0
2024-11-26T04:00,38.3,64,4.7,1011.2
2024-11-26T05:00,43.0,58,7.1,1009.6
2024-11-26T06:00,44.2,60,7.4,1009.0
2024-11-26T07:00,42.3,87,10.8,1007.9
2024-11-26T08:00,42.4,91,12.6,1007.3
2024-11-26T09:00,42.2,93,11.7,1007.7
2024-11-26T10:00,42.7,94,13.6,1007.5
2024-11-26T11:00,43.5,95,12.9,1007.1
2024-11-26T12:00,45.0,96,10.8,1006.8
2024-11-26T13:00,45.4,98,8.5,1006.6
2024-11-26T14:00,45.8,99,7.3,1006.9
2024-11-26T15:00,47.1,96,3.0,1006.9
2024-11-26T16:00,49.4,82,9.6,1007.5
2024-11-26T17:00,47.7,70,10.1,1008.5
2024-11-26T18:00,45.9,64,7.8,1009.7
2024-11-26T19:00,43.8,67,5.5,1010.3
2024-11-26T20:00,43.1,67,6.7,1011.0
2024-11-26T21:00,39.0,75,4.3,1011.5
2024-11-26T22:00,40.5,71,5.6,1012.0
2024-11-26T23:00,37.1,78,4.0,1012.3
2024-11-27T00:00,37.1,76,1.3,1012.0
2024-11-27T01:00,36.7,76,1.5,1011.4
2024-11-27T02:00,39.8,72,3.8,1011.5
2024-11-27T03:00,39.6,73,7.4,1012.3
2024-11-27T04:00,39.4,74,7.7,1012.7
2024-11-27T05:00,38.8,74,7.2,1012.4
2024-11-27T06:00,37.8,76,6.7,1012.5
2024-11-27T07:00,37.6,76,6.3,1012.7
2024-11-27T08:00,37.1,78,4.6,1013.5
2024-11-27T09:00,37.5,77,4.3,1013.7
2024-11-27T10:00,39.2,77,3.6,1014.4
2024-11-27T11:00,42.4,54,7.5,1014.6
2024-11-27T12:00,44.0,50,9.4,1014.3
2024-11-27T13:00,44.6,47,7.9,1013.6
2024-11-27T14:00,45.1,46,7.0,1013.3
2024-11-27T15:00,45.3,44,5.7,1012.8
2024-11-27T16:00,45.0,45,4.1,1012.6
2024-11-27T17:00,42.3,58,1.4,1013.0
2024-11-27T18:00,40.2,55,1.1,1012.9
2024-11-27T19:00,37.8,58,2.7,1013.0
2024-11-27T20:00,37.8,61,4.2,1012.9
2024-11-27T21:00,36.5,61,4.3,1013.0
2024-11-27T22:00,36.2,58,6.7,1013.0
2024-11-27T23:00,36.9,58,7.0,1012.5
2024-11-28T00:00,37.7,64,7.4,1012.5
2024-11-28T01:00,38.3,67,7.7,1012.2
2024-11-28T02:00,38.7,71,8.2,1012.3
2024-11-28T03:00,38.4,81,8.4,1011.9
2024-11-28T04:00,37.7,93,7.6,1011.3
2024-11-28T05:00,37.8,95,6.5,1010.4
2024-11-28T06:00,37.9,96,6.1,1009.8
2024-11-28T07:00,37.9,96,6.3,1009.1
2024-11-28T08:00,37.2,98,6.0,1008.3
2024-11-28T09:00,36.5,99,6.8,1007.5
2024-11-28T10:00,36.9,99,5.1,1006.2
2024-11-28T11:00,37.2,100,4.2,1004.6
2024-11-28T12:00,36.6,100,3.2,1003.1
2024-11-28T13:00,36.2,100,5.5,1000.6
2024-11-28T14:00,36.0,99,7.7,999.1
2024-11-28T15:00,34.9,100,11.1,998.0
2024-11-28T16:00,34.7,100,13.2,997.8
2024-11-28T17:00,34.7,99,10.0,998.3
2024-11-28T18:00,34.3,100,9.2,999.7
2024-11-28T19:00,34.3,100,9.4,1000.8
2024-11-28T20:00,35.0,99,7.9,1001.6
2024-11-28T21:00,35.1,96,6.5,1002.8
2024-11-28T22:00,35.7,94,8.2,1003.4
2024-11-28T23:00,36.0,92,10.8,1004.4
2024-11-29T00:00,35.9,90,9.3,1005.4
2024-11-29T01:00,35.1,90,7.5,1006.0
2024-11-29T02:00,32.4,91,6.7,1006.6
2024-11-29T03:00,31.0,93,5.0,1007.2
2024-11-29T04:00,30.0,94,4.2,1007.6
2024-11-29T05:00,30.8,95,5.0,1007.7
2024-11-29T06:00,31.1,95,3.6,1008.2
2024-11-29T07:00,33.0,91,1.3,1008.4
2024-11-29T08:00,30.7,93,3.0,1009.0
2024-11-29T09:00,31.1,87,3.7,1009.2
2024-11-29T10:00,32.4,84,2.8,1009.6
2024-11-29T11:00,35.1,75,2.2,1009.8
2024-11-29T12:00,36.7,71,1.8,1009.2
2024-11-29T13:00,38.7,63,5.0,1008.2
2024-11-29T14:00,39.6,61,6.5,1007.9
2024-11-29T15:00,38.2,68,3.6,1007.8
2024-11-29T16:00,37.1,74,2.4,1007.7
2024-11-29T17:00,35.2,77,1.2,1008.0
2024-11-29T18:00,34.9,80,0.8,1008.3
2024-11-29T19:00,34.6,82,1.8,1008.6
2024-11-29T20:00,33.6,82,2.8,1009.0
2024-11-29T21:00,34.0,87,3.4,1009.2
2024-11-29T22:00,32.4,85,3.4,1009.6
2024-11-29T23:00,28.8,83,3.2,1010.0
2024-11-30T00:00,26.4,83,2.1,1010.4
2024-11-30T01:00,25.3,84,2.4,1010.4
2024-11-30T02:00,26.9,86,3.8,1010.4
2024-11-30T03:00,26.1,86,4.5,1010.7
2024-11-30T04:00,25.4,87,5.5,1010.6
2024-11-30T05:00,25.0,86,5.5,1010.5
2024-11-30T06:00,24.6,85,5.4,1010.7
2024-11-30T07:00,24.8,85,6.0,1011.1
2024-11-30T08:00,24.9,86,6.4,1011.5
2024-11-30T09:00,26.6,84,5.1,1012.2
2024-11-30T10:00,28.9,78,5.6,1012.6
2024-11-30T11:00,30.5,72,4.0,1012.6
2024-11-30T12:00,32.3,67,4.7,1012.1
2024-11-30T13:00,33.2,62,8.0,1011.3
2024-11-30T14:00,33.7,61,8.8,1011.2
2024-11-30T15:00,33.6,64,7.8,1011.1
2024-11-30T16:00,32.5,71,4.4,1011.0
2024-11-30T17:00,31.5,74,3.7,1011.7
2024-11-30T18:00,30.4,77,4.2,1012.3
2024-11-30T19:00,30.2,78,5.5,1012.7
2024-11-30T20:00,28.8,78,5.8,1012.9
2024-11-30T21:00,27.7,74,5.9,1013.5
2024-11-30T22:00,26.5,77,5.4,1013.4
2024-11-30T23:00,25.8,79,4.6,1013.8
2024-12-01T00:00,25.9,78,3.9,1014.1
2024-12-01T01:00,26.4,78,3.4,1014.3
2024-12-01T02:00,26.1,75,3.3,1014.5
2024-12-01T03:00,26.3,74,2.8,1014.9
2024-12-01T04:00,25.2,74,2.8,1015.0
2024-12-01T05:00,22.7,76,4.0,1014.8
2024-12-01T06:00,22.6,76,5.1,1014.9
2024-12-01T07:00,22.4,74,5.0,1015.0
2024-12-01T08:00,22.5,76,5.5,1014.9
2024-12-01T09:00,24.0,77,5.0,1015.5
2024-12-01T10:00,25.6,75,5.3,1015.6
2024-12-01T11:00,27.0,67,4.9,1015.5
2024-12-01T12:00,28.6,64,4.4,1015.1
2024-12-01T13:00,29.8,61,5.8,1014.4
2024-12-01T14:00,30.9,58,5.5,1013.9
2024-12-01T15:00,31.5,56,6.5,1013.7
2024-12-01T16:00,30.9,59,5.4,1013.7
2024-12-01T17:00,27.5,69,3.4,1014.4
2024-12-01T18:00,26.3,68,2.4,1014.7
2024-12-01T19:00,25.5,70,4.2,1014.9
2024-12-01T20:00,26.7,69,5.6,1014.9
2024-12-01T21:00,26.5,69,5.3,1015.7
2024-12-01T22:00,25.3,73,5.3,1015.9
2024-12-01T23:00,24.5,75,4.8,1016.1
2024-12-02T00:00,23.0,76,4.0,1016.2
2024-12-02T01:00,22.4,77,3.6,1016.3
2024-12-02T02:00,23.9,77,4.4,1016.1
2024-12-02T03:00,23.2,80,4.6,1016.3
2024-12-02T04:00,22.5,82,3.8,1016.7
2024-12-02T05:00,21.5,83,2.9,1016.6
2024-12-02T06:00,20.9,83,1.9,1017.0
2024-12-02T07:00,21.2,83,1.3,1017.4
2024-12-02T08:00,20.9,84,1.5,1017.7
2024-12-02T09:00,21.4,82,1.7,1018.4
2024-12-02T10:00,25.2,76,0.4,1018.9
2024-12-02T11:00,27.9,74,2.1,1019.2
2024-12-02T12:00,29.2,72,2.8,1019.0
2024-12-02T13:00,30.6,71,3.2,1018.5
2024-12-02T14:00,31.7,71,3.4,1018.1
2024-12-02T15:00,32.1,71,4.1,1017.5
2024-12-02T16:00,31.3,73,3.5,1017.5
2024-12-02T17:00,27.2,77,2.1,1017.8
2024-12-02T18:00,25.7,81,4.3,1018.2
2024-12-02T19:00,23.9,85,3.9,1018.4
2024-12-02T20:00,23.3,85,3.0,1019.0
2024-12-02T21:00,25.0,82,3.3,1019.5
2024-12-02T22:00,23.7,85,3.8,1019.5
2024-12-02T23:00,24.1,88,4.0,1019.9
2024-12-03T00:00,21.6,89,3.5,1019.9
2024-12-03T01:00,20.7,90,1.1,1020.1
2024-12-03T02:00,20.1,92,0.4,1020.0
2024-12-03T03:00,20.3,90,0.2,1020.1
2024-12-03T04:00,20.8,88,0.1,1020.3
2024-12-03T05:00,21.0,87,0.1,1020.1
2024-12-03T06:00,20.8,88,0.2,1020.4
2024-12-03T07:00,20.4,90,0.8,1020.9
2024-12-03T08:00,19.5,94,1.3,1021.5
2024-12-03T09:00,21.1,83,0.9,1022.1
2024-12-03T10:00,25.1,80,0.3,1022.4
2024-12-03T11:00,28.4,78,1.7,1022.3
2024-12-03T12:00,30.6,72,2.0,1021.9
2024-12-03T13:00,32.5,68,2.0,1021.2
2024-12-03T14:00,34.2,64,2.7,1020.5
2024-12-03T15:00,33.8,69,4.1,1020.2
2024-12-03T16:00,32.6,76,4.0,1020.1
2024-12-03T17:00,31.6,77,6.9,1020.6
2024-12-03T18:00,29.3,76,8.9,1021.2
2024-12-03T19:00,27.5,79,8.3,1021.5
2024-12-03T20:00,26.1,82,6.3,1022.1
2024-12-03T21:00,25.6,84,5.8,1022.7
2024-12-03T22:00,24.3,85,4.7,1022.8
2024-12-03T23:00,22.6,83,4.4,1022.9
2024-12-04T00:00,20.7,82,3.8,1023.0
2024-12-04T01:00,20.1,81,1.9,1023.0
2024-12-04T02:00,20.3,80,0.8,1022.8
2024-12-04T03:00,19.8,81,1.2,1023.1
2024-12-04T04:00,18.8,82,2.7,1023.0
2024-12-04T05:00,19.8,80,3.1,1022.4
2024-12-04T06:00,20.7,79,4.3,1022.0
2024-12-04T07:00,21.6,81,5.7,1021.8
2024-12-04T08:00,21.7,83,6.7,1021.6
2024-12-04T09:00,22.2,82,7.5,1021.6
2024-12-04T10:00,25.7,74,7.5,1020.9
2024-12-04T11:00,28.4,69,8.6,1020.1
2024-12-04T12:00,31.4,63,9.4,1018.7
2024-12-04T13:00,33.3,62,12.2,1017.0
2024-12-04T14:00,33.7,61,13.0,1015.6
2024-12-04T15:00,33.3,61,13.6,1014.5
2024-12-04T16:00,33.3,62,13.5,1013.3
2024-12-04T17:00,32.6,65,14.1,1012.4
2024-12-04T18:00,32.1,65,15.3,1011.3
2024-12-04T19:00,31.9,64,16.4,1010.2
2024-12-04T20:00,31.9,66,16.8,1009.0
2024-12-04T21:00,32.8,71,16.4,1007.0
2024-12-04T22:00,33.0,72,15.1,1006.3
2024-12-04T23:00,33.0,73,14.1,1005.3
2024-12-05T00:00,33.3,76,14.0,1004.1
2024-12-05T01:00,33.1,81,13.0,1002.7
2024-12-05T02:00,33.3,83,13.4,1001.1
2024-12-05T03:00,33.4,84,13.5,999.8
2024-12-05T04:00,33.6,85,13.6,998.8
2024-12-05T05:00,33.7,86,12.8,997.3
2024-12-05T06:00,33.3,87,12.0,996.4
2024-12-05T07:00,33.8,91,11.0,995.7
2024-12-05T08:00,34.0,93,10.2,995.0
2024-12-05T09:00,33.3,91,9.9,996.3
2024-12-05T10:00,33.8,91,8.8,995.6
2024-12-05T11:00,34.4,90,8.9,995.7
2024-12-05T12:00,34.6,89,6.8,995.3
2024-12-05T13:00,36.0,79,6.2,994.9
2024-12-05T14:00,35.9,75,10.7,995.2
2024-12-05T15:00,34.8,76,10.5,995.7
2024-12-05T16:00,34.1,80,7.8,996.6
2024-12-05T17:00,33.7,75,10.0,997.8
2024-12-05T18:00,32.3,78,12.2,999.3
2024-12-05T19:00,31.5,74,12.3,1000.4
2024-12-05T20:00,30.8,76,10.5,1001.4
2024-12-05T21:00,31.6,76,11.5,1003.5
2024-12-05T22:00,31.1,83,12.4,1004.0
2024-12-05T23:00,31.4,84,14.1,1004.9
2024-12-06T00:00,29.7,82,13.2,1006.0
2024-12-06T01:00,28.2,80,12.4,1007.2
2024-12-06T02:00,26.8,78,12.5,1008.1
2024-12-06T03:00,25.7,78,11.7,1009.2
2024-12-06T04:00,24.9,78,12.0,1010.1
2024-12-06T05:00,24.1,78,12.2,1010.7
2024-12-06T06:00,22.8,76,12.5,1012.0
2024-12-06T07:00,21.7,75,11.8,1013.2
2024-12-06T08:00,21.1,75,9.5,1014.3
2024-12-06T09:00,21.6,73,10.1,1015.4
2024-12-06T10:00,22.8,73,9.2,1016.3
2024-12-06T11:00,23.2,68,12.7,1016.9
2024-12-06T12:00,23.4,66,10.9,1016.8
2024-12-06T13:00,23.9,64,10.0,1016.7
2024-12-06T14:00,24.3,62,8.8,1016.6
2024-12-06T15:00,24.5,66,11.0,1016.8
2024-12-06T16:00,24.5,70,7.7,1016.9
2024-12-06T17:00,23.9,70,6.0,1016.6
2024-12-06T18:00,21.9,68,6.0,1017.1
2024-12-06T19:00,20.6,71,4.5,1017.4
2024-12-06T20:00,18.4,73,3.1,1017.5
2024-12-06T21:00,20.2,71,3.4,1017.1
2024-12-06T22:00,20.9,72,2.0,1016.5
2024-12-06T23:00,18.9,76,3.5,1016.2
2024-12-07T00:00,21.4,78,4.1,1016.1
2024-12-07T01:00,22.1,81,3.6,1016.1
2024-12-07T02:00,23.6,80,3.5,1016.1
2024-12-07T03:00,24.1,80,4.1,1015.9
2024-12-07T04:00,23.3,81,4.2,1016.0
2024-12-07T05:00,23.7,81,4.1,1015.9
2024-12-07T06:00,23.4,83,4.3,1016.0
2024-12-07T07:00,23.8,84,6.5,1016.1
2024-12-07T08:00,22.9,86,5.8,1016.0
2024-12-07T09:00,26.0,80,5.6,1016.6
2024-12-07T10:00,27.5,78,5.6,1017.3
2024-12-07T11:00,29.6,75,4.5,1017.4
2024-12-07T12:00,31.2,74,3.8,1016.9
2024-12-07T13:00,32.5,72,4.8,1016.1
2024-12-07T14:00,33.5,73,7.4,1015.5
2024-12-07T15:00,33.9,73,3.8,1014.9
2024-12-07T16:00,34.0,73,2.6,1014.6
2024-12-07T17:00,32.9,77,2.4,1014.7
2024-12-07T18:00,33.0,75,5.3,1014.4
2024-12-07T19:00,32.5,76,5.3,1013.9
2024-12-07T20:00,31.9,77,5.9,1013.5
2024-12-07T21:00,30.9,74,8.4,1013.0
2024-12-07T22:00,30.9,77,9.7,1011.9
2024-12-07T23:00,30.9,78,11.2,1011.0
2024-12-08T00:00,31.1,79,13.3,1010.0
2024-12-08T01:00,30.7,82,14.2,1009.1
2024-12-08T02:00,30.6,85,15.9,1007.8
2024-12-08T03:00,31.0,84,16.3,1006.7
2024-12-08T04:00,31.5,81,16.5,1005.6
2024-12-08T05:00,32.1,76,16.1,1004.0
2024-12-08T06:00,32.6,73,15.9,1002.8
2024-12-08T07:00,32.8,72,13.4,1002.7
2024-12-08T08:00,33.0,72,13.3,1002.4
2024-12-08T09:00,32.8,71,10.6,1003.0
2024-12-08T10:00,34.2,71,10.7,1003.4
2024-12-08T11:00,36.1,70,9.4,1003.7
2024-12-08T12:00,37.1,70,8.6,1003.5
2024-12-08T13:00,39.1,68,7.5,1003.0
2024-12-08T14:00,41.1,68,5.6,1003.2
2024-12-08T15:00,41.9,74,7.8,1003.9
2024-12-08T16:00,41.5,77,7.1,1004.8
2024-12-08T17:00,40.6,79,6.5,1006.5
2024-12-08T18:00,39.7,82,6.4,1008.0
2024-12-08T19:00,39.0,84,5.7,1009.4
2024-12-08T20:00,38.6,86,4.8,1010.4
2024-12-08T21:00,39.1,83,4.9,1011.4
2024-12-08T22:00,38.7,86,4.9,1012.0
2024-12-08T23:00,38.4,87,4.7,1012.6
2024-12-09T00:00,37.9,88,4.5,1013.4
2024-12-09T01:00,37.6,89,4.1,1014.0
2024-12-09T02:00,34.5,92,4.0,1013.7
2024-12-09T03:00,34.0,92,4.6,1014.4
2024-12-09T04:00,34.2,95,6.5,1014.4
2024-12-09T05:00,31.5,95,1.5,1014.9
2024-12-09T06:00,33.2,95,2.5,1015.6
2024-12-09T07:00,33.3,97,1.7,1016.3
2024-12-09T08:00,33.7,96,2.5,1016.4
2024-12-09T09:00,34.2,93,3.2,1016.1
2024-12-09T10:00,36.4,90,0.8,1015.9
2024-12-09T11:00,38.1,85,0.3,1015.9
2024-12-09T12:00,38.8,85,0.4,1015.3
2024-12-09T13:00,40.2,82,0.2,1013.7
2024-12-09T14:00,39.7,85,0.2,1013.3
2024-12-09T15:00,37.8,90,2.8,1012.9
2024-12-09T16:00,38.5,89,5.7,1012.4
2024-12-09T17:00,39.5,86,9.3,1011.5
2024-12-09T18:00,40.1,86,8.9,1011.1
2024-12-09T19:00,38.5,92,3.1,1011.2
2024-12-09T20:00,36.9,97,2.5,1012.2
2024-12-09T21:00,37.0,94,0.7,1013.1
2024-12-09T22:00,37.3,94,2.6,1013.5
2024-12-09T23:00,38.3,91,1.2,1013.8
2024-12-10T00:00,38.2,91,2.2,1014.1
2024-12-10T01:00,38.4,93,5.0,1013.6
2024-12-10T02:00,38.5,94,4.2,1014.0
2024-12-10T03:00,38.7,93,5.5,1014.7
2024-12-10T04:00,38.7,94,5.9,1015.0
2024-12-10T05:00,39.7,88,6.6,1014.9
2024-12-10T06:00,40.0,88,6.7,1014.9
2024-12-10T07:00,39.8,88,7.1,1015.5
2024-12-10T08:00,39.8,88,6.8,1015.8
2024-12-10T09:00,39.6,87,6.1,1017.0
2024-12-10T10:00,40.4,87,7.7,1017.5
2024-12-10T11:00,41.2,87,8.4,1017.9
2024-12-10T12:00,41.7,88,9.7,1017.2
2024-12-10T13:00,42.7,85,10.3,1016.3
2024-12-10T14:00,43.2,85,10.9,1016.0
2024-12-10T15:00,44.8,84,12.2,1015.3
2024-12-10T16:00,45.1,83,11.0,1014.8
2024-12-10T17:00,42.2,95,11.3,1015.1
2024-12-10T18:00,42.0,92,12.1,1015.0
2024-12-10T19:00,42.1,90,12.8,1015.0
2024-12-10T20:00,42.1,90,12.2,1014.8
2024-12-10T21:00,42.3,91,13.2,1013.9
2024-12-10T22:00,42.7,93,12.4,1012.9
2024-12-10T23:00,42.8,93,12.2,1012.2
2024-12-11T00:00,42.1,95,13.5,1011.9
2024-12-11T01:00,42.5,93,13.5,1011.8
2024-12-11T02:00,42.9,93,13.0,1011.0
2024-12-11T03:00,44.2,93,13.5,1010.1
2024-12-11T04:00,46.0,92,14.1,1008.9
2024-12-11T05:00,45.8,96,9.1,1008.0
2024-12-11T06:00,46.4,96,7.1,1006.9
2024-12-11T07:00,48.3,95,9.4,1006.0
2024-12-11T08:00,50.4,96,13.3,1005.1
2024-12-11T09:00,49.3,96,11.9,1005.1
2024-12-11T10:00,51.3,95,15.7,1003.7
2024-12-11T11:00,53.1,96,17.0,1002.4
2024-12-11T12:00,55.3,96,16.8,1000.2
2024-12-11T13:00,56.3,95,15.2,998.6
2024-12-11T14:00,57.3,96,14.5,997.3
2024-12-11T15:00,58.3,96,14.7,996.0
2024-12-11T16:00,58.6,97,14.4,994.5
2024-12-11T17:00,58.1,95,14.0,993.4
2024-12-11T18:00,58.5,96,13.5,992.7
2024-12-11T19:00,44.0,97,11.1,997.0
2024-12-11T20:00,42.3,95,7.8,997.4
2024-12-11T21:00,40.4,97,10.4,997.1
2024-12-11T22:00,38.8,97,11.8,999.1
2024-12-11T23:00,36.9,100,6.7,999.8
2024-12-12T00:00,35.7,100,9.9,1000.7
2024-12-12T01:00,35.9,89,8.3,1001.9
2024-12-12T02:00,36.4,81,8.2,1003.5
2024-12-12T03:00,36.4,73,7.9,1004.1
2024-12-12T04:00,34.2,67,7.4,1005.4
2024-12-12T05:00,32.8,70,7.6,1006.8
2024-12-12T06:00,32.6,73,8.8,1007.8
2024-12-12T07:00,32.4,68,9.3,1008.8
2024-12-12T08:00,31.1,66,9.2,1010.3
2024-12-12T09:00,32.2,67,10.2,1010.9
2024-12-12T10:00,33.7,64,10.2,1012.2
2024-12-12T11:00,35.4,59,11.9,1013.2
2024-12-12T12:00,34.8,47,13.5,1014.1
2024-12-12T13:00,33.3,45,14.1,1015.0
2024-12-12T14:00,32.4,49,12.4,1016.1
2024-12-12T15:00,31.5,50,12.3,1017.3
2024-12-12T16:00,30.7,53,10.2,1018.7
2024-12-12T17:00,29.9,48,12.0,1020.5
2024-12-12T18:00,28.4,51,10.3,1022.1
2024-12-12T19:00,26.5,54,7.5,1023.0
2024-12-12T20:00,25.5,53,6.6,1024.3
2024-12-12T21:00,24.0,69,0.8,1025.2
2024-12-12T22:00,23.8,71,2.8,1025.9
2024-12-12T23:00,25.0,59,3.7,1026.8
2024-12-13T00:00,23.8,63,2.7,1027.5
2024-12-13T01:00,23.9,64,2.8,1027.7
2024-12-13T02:00,23.7,65,2.8,1028.2
2024-12-13T03:00,23.1,67,2.2,1028.7
2024-12-13T04:00,22.7,67,2.0,1029.4
2024-12-13T05:00,23.0,63,2.6,1029.7
2024-12-13T06:00,22.6,61,2.7,1030.3
2024-12-13T07:00,22.7,59,3.1,1031.1
2024-12-13T08:00,22.6,58,3.7,1032.2
2024-12-13T09:00,23.5,57,5.5,1033.3
2024-12-13T10:00,25.0,50,8.0,1034.7
2024-12-13T11:00,26.3,47,8.2,1035.6
2024-12-13T12:00,27.8,46,9.2,1035.9
2024-12-13T13:00,29.0,45,9.7,1035.7
2024-12-13T14:00,29.4,47,10.1,1035.9
2024-12-13T15:00,29.2,48,9.9,1036.1
2024-12-13T16:00,28.1,50,9.7,1036.9
2024-12-13T17:00,27.0,52,8.8,1037.9
2024-12-13T18:00,26.5,54,7.2,1038.6
2024-12-13T19:00,25.8,58,6.2,1039.2
2024-12-13T20:00,24.2,62,4.1,1039.9
2024-12-13T21:00,24.9,60,4.3,1040.7
2024-12-13T22:00,24.6,60,4.7,1041.2
2024-12-13T23:00,24.0,62,4.1,1041.9
2024-12-14T00:00,23.5,64,3.9,1042.5
2024-12-14T01:00,23.2,65,4.7,1042.6
2024-12-14T02:00,22.8,65,5.1,1043.0
2024-12-14T03:00,22.5,67,4.6,1043.9
2024-12-14T04:00,22.2,71,3.1,1044.2
2024-12-14T05:00,21.8,74,2.4,1044.3
2024-12-14T06:00,22.0,75,2.9,1044.6
2024-12-14T07:00,21.7,79,2.6,1045.3
2024-12-14T08:00,21.4,82,2.1,1046.0
2024-12-14T09:00,19.4,77,3.0,1047.1
2024-12-14T10:00,22.4,66,3.2,1047.5
2024-12-14T11:00,25.4,55,3.0,1047.4
2024-12-14T12:00,27.8,48,3.2,1047.0
2024-12-14T13:00,29.5,43,3.1,1045.9
2024-12-14T14:00,30.6,39,3.3,1045.3
2024-12-14T15:00,31.0,37,3.5,1044.8
2024-12-14T16:00,30.4,38,3.8,1044.8
2024-12-14T17:00,26.9,45,2.5,1045.2
2024-12-14T18:00,24.8,50,3.2,1045.6
2024-12-14T19:00,24.6,50,3.6,1045.7
2024-12-14T20:00,23.9,52,3.9,1045.7
2024-12-14T21:00,23.8,53,4.0,1045.5
2024-12-14T22:00,23.4,55,3.6,1045.4
2024-12-14T23:00,21.7,61,2.7,1045.2
2024-12-15T00:00,20.8,66,1.6,1044.9
2024-12-15T01:00,19.7,71,1.0,1044.5
2024-12-15T02:00,18.6,75,0.9,1044.0
2024-12-15T03:00,18.9,75,1.0,1044.0
2024-12-15T04:00,19.2,73,1.0,1044.1
2024-12-15T05:00,19.0,72,0.9,1043.7
2024-12-15T06:00,18.9,71,1.0,1043.0
2024-12-15T07:00,18.9,70,1.0,1042.8
2024-12-15T08:00,18.8,68,1.9,1042.8
2024-12-15T09:00,20.2,62,2.7,1043.0
2024-12-15T10:00,24.8,51,3.0,1043.0
2024-12-15T11:00,28.3,45,4.7,1042.8
2024-12-15T12:00,31.1,40,6.0,1041.9
2024-12-15T13:00,33.6,35,7.3,1040.2
2024-12-15T14:00,34.8,36,7.9,1038.7
2024-12-15T15:00,35.5,37,8.2,1037.9
2024-12-15T16:00,35.6,39,7.0,1037.4
2024-12-15T17:00,34.2,43,5.6,1037.4
2024-12-15T18:00,32.0,49,5.6,1037.1
2024-12-15T19:00,32.2,52,7.1,1037.0
2024-12-15T20:00,32.7,54,8.8,1036.7
2024-12-15T21:00,32.9,60,10.2,1036.3
2024-12-15T22:00,33.4,61,10.2,1035.5
2024-12-15T23:00,34.2,62,10.7,1035.0
2024-12-16T00:00,34.2,69,11.1,1034.6
2024-12-16T01:00,33.9,75,10.6,1033.5
2024-12-16T02:00,34.5,76,9.2,1032.8
2024-12-16T03:00,35.3,72,8.4,1032.5
2024-12-16T04:00,35.6,71,8.4,1032.6
2024-12-16T05:00,34.6,82,8.0,1032.1
2024-12-16T06:00,34.5,88,8.5,1031.5
2024-12-16T07:00,35.0,89,9.0,1031.2
2024-12-16T08:00,35.3,91,9.3,1031.0
2024-12-16T09:00,35.8,88,9.4,1031.0
2024-12-16T10:00,36.3,87,9.4,1030.7
2024-12-16T11:00,37.2,85,8.6,1030.2
2024-12-16T12:00,38.7,82,8.0,1029.5
2024-12-16T13:00,39.6,79,6.8,1028.0
2024-12-16T14:00,41.1,77,6.3,1026.8
2024-12-16T15:00,40.5,80,6.2,1025.9
2024-12-16T16:00,41.5,78,8.5,1025.2
2024-12-16T17:00,40.0,84,8.0,1025.0
2024-12-16T18:00,39.0,90,8.4,1024.4
2024-12-16T19:00,39.1,93,8.8,1023.6
2024-12-16T20:00,39.6,94,8.9,1023.0
2024-12-16T21:00,41.5,92,13.2,1021.2
2024-12-16T22:00,43.2,93,14.5,1019.7
2024-12-16T23:00,44.9,93,15.4,1018.0
2024-12-17T00:00,45.7,95,16.4,1016.4
2024-12-17T01:00,45.8,97,17.0,1014.7
2024-12-17T02:00,45.5,98,17.4,1014.4
2024-12-17T03:00,45.4,98,19.9,1013.8
2024-12-17T04:00,45.0,98,16.9,1013.5
2024-12-17T05:00,44.4,98,16.2,1013.1
2024-12-17T06:00,43.6,98,15.3,1013.4
2024-12-17T07:00,42.3,99,14.8,1013.1
2024-12-17T08:00,41.4,99,12.0,1014.4
2024-12-17T09:00,43.1,99,11.3,1014.7
2024-12-17T10:00,43.7,100,10.0,1015.5
2024-12-17T11:00,44.8,98,8.8,1015.9
2024-12-17T12:00,47.2,94,6.5,1015.8
2024-12-17T13:00,51.3,82,5.5,1015.1
2024-12-17T14:00,53.4,72,7.8,1015.5
2024-12-17T15:00,52.4,60,9.5,1015.9
2024-12-17T16:00,50.3,62,6.5,1016.6
2024-12-17T17:00,46.0,72,4.7,1017.2
2024-12-17T18:00,41.9,80,5.5,1018.3
2024-12-17T19:00,40.3,82,4.7,1019.4
2024-12-17T20:00,38.6,82,3.9,1019.9
2024-12-17T21:00,39.3,77,3.1,1020.7
2024-12-17T22:00,38.1,78,4.1,1021.1
2024-12-17T23:00,36.2,81,4.5,1021.5
2024-12-18T00:00,37.4,80,5.3,1021.8
2024-12-18T01:00,37.5,82,5.1,1022.2
2024-12-18T02:00,38.8,81,4.6,1021.9
2024-12-18T03:00,38.9,83,4.5,1022.3
2024-12-18T04:00,38.7,85,4.7,1022.7
2024-12-18T05:00,38.5,87,3.4,1022.3
2024-12-18T06:00,37.6,89,2.9,1022.0
2024-12-18T07:00,36.9,87,0.6,1022.4
2024-12-18T08:00,34.3,92,2.4,1022.6
2024-12-18T09:00,36.2,87,5.0,1022.3
2024-12-18T10:00,38.2,83,7.4,1022.3
2024-12-18T11:00,41.4,74,6.9,1022.2
2024-12-18T12:00,43.5,67,6.4,1021.1
2024-12-18T13:00,45.0,61,7.7,1020.0
2024-12-18T14:00,44.7,63,7.4,1018.4
2024-12-18T15:00,45.1,64,6.4,1017.5
2024-12-18T16:00,44.1,67,5.9,1016.7
2024-12-18T17:00,42.8,72,4.7,1015.9
2024-12-18T18:00,41.3,77,2.5,1015.6
2024-12-18T19:00,41.7,75,3.9,1014.9
2024-12-18T20:00,39.4,87,1.9,1015.1
2024-12-18T21:00,37.5,98,3.7,1015.0
2024-12-18T22:00,37.2,98,2.0,1014.8
2024-12-18T23:00,36.9,98,2.4,1014.3
2024-12-19T00:00,36.9,98,1.8,1014.4
2024-12-19T01:00,36.9,98,2.0,1014.2
2024-12-19T02:00,37.2,95,6.5,1014.8
2024-12-19T03:00,36.6,97,8.6,1015.3
2024-12-19T04:00,36.0,95,8.3,1016.0
2024-12-19T05:00,34.9,95,7.8,1016.7
2024-12-19T06:00,34.1,94,7.3,1017.4
2024-12-19T07:00,33.5,94,8.5,1018.5
2024-12-19T08:00,32.7,93,7.1,1020.1
2024-12-19T09:00,33.7,88,7.8,1021.3
2024-12-19T10:00,35.6,80,8.7,1022.0
2024-12-19T11:00,37.3,69,9.2,1022.1
2024-12-19T12:00,38.4,62,9.8,1022.3
2024-12-19T13:00,38.1,59,10.2,1022.2
2024-12-19T14:00,37.3,58,9.7,1022.2
2024-12-19T15:00,36.9,57,9.5,1022.7
2024-12-19T16:00,36.2,58,8.6,1023.6
2024-12-19T17:00,35.5,60,5.7,1024.3
2024-12-19T18:00,34.6,62,4.5,1024.7
2024-12-19T19:00,32.8,64,6.3,1025.0
2024-12-19T20:00,30.1,67,6.4,1024.8
2024-12-19T21:00,27.7,71,3.0,1025.6
2024-12-19T22:00,27.6,72,3.6,1025.6
2024-12-19T23:00,27.7,71,4.9,1025.8
2024-12-20T00:00,27.8,69,5.6,1025.3
2024-12-20T01:00,28.1,69,5.1,1025.0
2024-12-20T02:00,27.9,71,5.1,1024.0
2024-12-20T03:00,28.2,72,4.5,1023.9
2024-12-20T04:00,28.2,72,4.3,1023.6
2024-12-20T05:00,28.0,72,3.7,1022.6
2024-12-20T06:00,26.9,78,2.1,1022.3
2024-12-20T07:00,27.0,77,3.0,1022.4
2024-12-20T08:00,28.0,74,2.6,1022.2
2024-12-20T09:00,29.6,70,3.2,1021.3
2024-12-20T10:00,30.9,68,2.9,1021.2
2024-12-20T11:00,32.0,65,3.7,1020.5
2024-12-20T12:00,33.1,63,3.4,1019.1
2024-12-20T13:00,33.4,66,3.4,1017.2
2024-12-20T14:00,32.8,72,3.5,1016.2
2024-12-20T15:00,32.2,77,5.2,1015.4
2024-12-20T16:00,32.4,76,4.3,1015.7
2024-12-20T17:00,31.6,79,5.0,1015.4
2024-12-20T18:00,30.4,86,5.3,1015.2
2024-12-20T19:00,29.6,88,5.3,1014.9
2024-12-20T20:00,29.1,89,5.8,1014.4
2024-12-20T21:00,28.0,85,5.8,1014.4
2024-12-20T22:00,28.0,84,6.5,1013.5
2024-12-20T23:00,27.6,85,6.3,1013.1
2024-12-21T00:00,27.2,85,6.9,1012.7
2024-12-21T01:00,27.0,85,7.5,1012.2
2024-12-21T02:00,27.0,86,7.8,1011.9
2024-12-21T03:00,26.7,85,9.1,1012.0
2024-12-21T04:00,26.2,82,9.5,1012.3
2024-12-21T05:00,25.5,81,9.6,1012.1
2024-12-21T06:00,25.1,80,9.5,1012.5
2024-12-21T07:00,24.2,77,10.5,1012.9
2024-12-21T08:00,23.6,76,9.7,1013.5
2024-12-21T09:00,22.7,84,7.4,1015.0
2024-12-21T10:00,21.6,78,11.4,1016.0
2024-12-21T11:00,21.1,76,11.3,1016.9
2024-12-21T12:00,21.2,73,12.1,1016.6
2024-12-21T13:00,21.6,70,12.1,1016.1
2024-12-21T14:00,21.7,68,12.4,1016.1
2024-12-21T15:00,21.4,67,12.4,1016.5
2024-12-21T16:00,20.7,66,12.5,1017.4
2024-12-21T17:00,19.2,70,11.7,1018.3
2024-12-21T18:00,17.0,72,10.6,1019.5
2024-12-21T19:00,15.3,73,10.1,1020.6
2024-12-21T20:00,13.7,73,9.1,1021.7
2024-12-21T21:00,13.2,71,8.5,1022.2
2024-12-21T22:00,11.7,73,7.5,1022.9
2024-12-21T23:00,10.1,76,6.2,1023.5
2024-12-22T00:00,8.5,78,5.5,1023.8
2024-12-22T01:00,7.0,80,5.1,1024.1
2024-12-22T02:00,5.6,80,4.9,1024.8
2024-12-22T03:00,4.7,79,5.5,1025.4
2024-12-22T04:00,3.8,79,6.0,1026.1
2024-12-22T05:00,2.8,79,5.9,1026.4
2024-12-22T06:00,1.8,79,5.6,1027.2
2024-12-22T07:00,0.9,79,5.7,1028.4
2024-12-22T08:00,0.4,78,6.1,1029.7
2024-12-22T09:00,0.2,76,4.6,1030.9
2024-12-22T10:00,1.8,72,5.0,1032.1
2024-12-22T11:00,3.5,67,6.3,1032.8
2024-12-22T12:00,5.0,65,6.7,1032.5
2024-12-22T13:00,6.7,63,7.7,1032.2
2024-12-22T14:00,7.9,60,6.8,1031.9
2024-12-22T15:00,8.8,60,5.9,1032.0
2024-12-22T16:00,9.0,62,4.1,1032.5
2024-12-22T17:00,6.6,69,2.7,1033.1
2024-12-22T18:00,5.0,69,1.6,1033.7
2024-12-22T19:00,4.2,70,1.6,1034.1
2024-12-22T20:00,3.3,73,1.8,1034.9
2024-12-22T21:00,3.9,67,1.1,1035.4
2024-12-22T22:00,3.4,69,1.1,1035.4
2024-12-22T23:00,3.0,70,0.9,1035.8
2024-12-23T00:00,2.6,72,1.1,1036.2
2024-12-23T01:00,1.8,74,2.0,1036.0
2024-12-23T02:00,1.4,76,1.8,1035.6
2024-12-23T03:00,1.5,76,1.0,1035.9
2024-12-23T04:00,1.2,76,2.2,1036.1
2024-12-23T05:00,1.3,76,2.4,1035.7
2024-12-23T06:00,1.7,77,0.5,1035.7
2024-12-23T07:00,1.5,78,0.3,1035.9
2024-12-23T08:00,1.2,79,1.4,1035.9
2024-12-23T09:00,1.3,79,1.0,1037.1
2024-12-23T10:00,5.4,73,1.1,1037.4
2024-12-23T11:00,8.2,68,1.7,1037.6
2024-12-23T12:00,11.7,64,3.2,1036.4
2024-12-23T13:00,14.5,59,4.7,1035.1
2024-12-23T14:00,17.5,52,6.8,1033.1
2024-12-23T15:00,18.5,54,6.4,1032.5
2024-12-23T16:00,19.2,54,5.6,1031.6
2024-12-23T17:00,19.4,54,7.3,1031.2
2024-12-23T18:00,18.9,55,9.2,1031.3
2024-12-23T19:00,19.0,55,10.9,1030.9
2024-12-23T20:00,20.7,56,12.3,1030.0
2024-12-23T21:00,21.4,56,14.5,1028.6
2024-12-23T22:00,21.8,57,15.2,1027.5
2024-12-23T23:00,22.0,59,16.2,1026.6
2024-12-24T00:00,22.2,60,16.3,1026.4
2024-12-24T01:00,22.5,61,14.8,1026.2
2024-12-24T02:00,22.9,63,14.6,1025.6
2024-12-24T03:00,23.4,66,12.6,1025.9
2024-12-24T04:00,23.6,69,13.8,1024.6
2024-12-24T05:00,24.1,71,12.2,1023.2
2024-12-24T06:00,24.2,77,10.6,1023.0
2024-12-24T07:00,24.1,82,11.4,1022.5
2024-12-24T08:00,24.4,85,11.3,1022.1
2024-12-24T09:00,23.9,85,8.7,1022.4
2024-12-24T10:00,25.0,85,6.4,1022.6
2024-12-24T11:00,26.1,85,5.5,1022.8
2024-12-24T12:00,28.1,82,3.4,1022.4
2024-12-24T13:00,29.9,77,0.4,1021.6
2024-12-24T14:00,30.5,80,2.3,1021.3
2024-12-24T15:00,30.8,82,2.8,1021.4
2024-12-24T16:00,31.1,84,3.4,1021.7
2024-12-24T17:00,30.8,86,3.7,1022.4
2024-12-24T18:00,30.2,88,3.4,1022.9
2024-12-24T19:00,30.6,88,3.3,1023.5
2024-12-24T20:00,30.4,88,4.6,1023.9
2024-12-24T21:00,28.8,85,5.8,1024.9
2024-12-24T22:00,27.9,85,6.2,1025.1
2024-12-24T23:00,26.2,87,7.0,1025.3
2024-12-25T00:00,24.9,89,7.0,1025.7
2024-12-25T01:00,25.0,88,7.4,1025.9
2024-12-25T02:00,25.1,86,7.6,1026.2
2024-12-25T03:00,24.2,87,7.9,1026.9
2024-12-25T04:00,22.9,88,6.8,1027.2
2024-12-25T05:00,22.1,88,6.0,1027.3
2024-12-25T06:00,21.6,89,5.8,1027.6
2024-12-25T07:00,20.9,88,5.9,1028.4
2024-12-25T08:00,20.3,87,6.4,1029.0
2024-12-25T09:00,20.6,82,7.6,1029.3
2024-12-25T10:00,21.0,79,6.7,1029.6
2024-12-25T11:00,21.8,76,6.6,1029.9
2024-12-25T12:00,22.8,73,6.7,1029.7
2024-12-25T13:00,23.7,71,6.4,1029.2
2024-12-25T14:00,23.8,71,6.2,1029.1
2024-12-25T15:00,23.7,72,5.9,1028.7
2024-12-25T16:00,23.6,72,5.0,1028.4
2024-12-25T17:00,21.2,75,3.7,1028.6
2024-12-25T18:00,18.8,78,4.3,1029.2
2024-12-25T19:00,19.1,79,5.3,1029.5
2024-12-25T20:00,18.6,80,5.5,1030.0
2024-12-25T21:00,17.1,82,4.5,1030.0
2024-12-25T22:00,15.3,84,4.2,1030.2
2024-12-25T23:00,14.4,86,4.6,1030.2
2024-12-26T00:00,13.6,86,4.6,1030.4
2024-12-26T01:00,12.6,86,3.8,1029.9
2024-12-26T02:00,12.2,85,3.6,1030.1
2024-12-26T03:00,12.7,86,4.3,1030.8
2024-12-26T04:00,12.7,87,4.4,1031.3
2024-12-26T05:00,13.2,88,4.4,1031.2
2024-12-26T06:00,12.6,88,3.4,1031.5
2024-12-26T07:00,11.8,89,2.9,1032.0
2024-12-26T08:00,12.3,89,2.8,1032.5
2024-12-26T09:00,13.1,89,3.5,1033.3
2024-12-26T10:00,13.9,87,3.9,1033.7
2024-12-26T11:00,15.2,86,4.0,1033.8
2024-12-26T12:00,16.4,84,4.4,1032.9
2024-12-26T13:00,17.4,83,4.5,1031.9
2024-12-26T14:00,18.8,81,4.3,1031.2
2024-12-26T15:00,19.6,79,3.6,1030.7
2024-12-26T16:00,19.7,77,2.5,1030.7
2024-12-26T17:00,16.6,80,2.6,1030.8
2024-12-26T18:00,14.0,83,3.4,1031.0
2024-12-26T19:00,13.2,83,3.6,1031.0
2024-12-26T20:00,12.5,81,3.4,1031.2
2024-12-26T21:00,12.5,82,3.1,1031.4
2024-12-26T22:00,12.7,82,3.8,1031.3
2024-12-26T23:00,12.8,85,4.0,1031.1
2024-12-27T00:00,11.7,88,2.3,1031.0
2024-12-27T01:00,11.5,89,1.9,1030.6
2024-12-27T02:00,10.9,91,1.5,1030.6
2024-12-27T03:00,11.4,93,1.6,1031.0
2024-12-27T04:00,13.9,90,1.3,1031.3
2024-12-27T05:00,14.4,90,1.6,1031.3
2024-12-27T06:00,12.6,91,0.9,1031.1
2024-12-27T07:00,12.7,90,0.7,1031.3
2024-12-27T08:00,12.8,89,1.3,1031.2
2024-12-27T09:00,11.1,89,2.2,1032.0
2024-12-27T10:00,12.4,87,0.8,1032.3
2024-12-27T11:00,15.0,82,1.3,1032.4
2024-12-27T12:00,17.9,76,1.3,1031.1
2024-12-27T13:00,20.1,73,2.4,1029.6
2024-12-27T14:00,22.3,70,2.5,1028.4
2024-12-27T15:00,24.3,67,1.4,1027.5
2024-12-27T16:00,24.8,69,1.5,1027.3
2024-12-27T17:00,23.1,68,0.1,1027.2
2024-12-27T18:00,21.6,70,0.2,1027.1
2024-12-27T19:00,21.6,71,0.2,1027.5
2024-12-27T20:00,21.9,70,0.4,1027.6
2024-12-27T21:00,22.8,73,1.1,1027.1
2024-12-27T22:00,22.9,75,1.7,1026.4
2024-12-27T23:00,22.9,77,1.5,1026.2
2024-12-28T00:00,25.2,80,3.0,1025.2
2024-12-28T01:00,24.1,83,3.0,1024.9
2024-12-28T02:00,25.0,83,2.0,1024.9
2024-12-28T03:00,27.2,85,3.5,1024.7
2024-12-28T04:00,30.1,87,5.9,1024.3
2024-12-28T05:00,32.3,91,7.7,1023.7
2024-12-28T06:00,33.9,93,8.3,1023.2
2024-12-28T07:00,35.4,94,9.1,1022.9
2024-12-28T08:00,36.6,94,9.7,1022.7
2024-12-28T09:00,36.5,95,10.3,1022.7
2024-12-28T10:00,37.9,93,11.0,1023.0
2024-12-28T11:00,38.5,94,11.0,1023.2
2024-12-28T12:00,39.0,95,11.0,1022.5
2024-12-28T13:00,41.1,94,9.5,1021.7
2024-12-28T14:00,41.9,92,8.1,1020.7
2024-12-28T15:00,43.1,89,7.1,1020.3
2024-12-28T16:00,42.6,90,6.8,1020.3
2024-12-28T17:00,41.1,94,6.3,1020.6
2024-12-28T18:00,39.7,96,6.5,1020.6
2024-12-28T19:00,40.3,97,7.3,1021.0
2024-12-28T20:00,39.7,97,7.4,1021.3
2024-12-28T21:00,38.7,98,6.0,1021.0
2024-12-28T22:00,39.7,99,7.4,1021.0
2024-12-28T23:00,40.0,99,7.3,1020.7
2024-12-29T00:00,39.8,99,7.1,1021.0
2024-12-29T01:00,39.5,100,7.0,1020.4
2024-12-29T02:00,38.8,100,4.8,1020.7
2024-12-29T03:00,38.1,100,3.7,1021.1
2024-12-29T04:00,38.5,100,4.8,1021.1
2024-12-29T05:00,38.8,100,5.0,1020.6
2024-12-29T06:00,38.7,100,5.4,1020.6
2024-12-29T07:00,38.8,100,5.3,1020.2
2024-12-29T08:00,38.5,100,4.0,1019.9
2024-12-29T09:00,38.8,100,3.9,1019.0
2024-12-29T10:00,40.0,99,3.6,1018.6
2024-12-29T11:00,42.2,98,5.8,1017.9
2024-12-29T12:00,42.7,99,8.5,1016.9
2024-12-29T13:00,45.7,99,11.7,1015.1
2024-12-29T14:00,48.9,96,12.6,1014.0
2024-12-29T15:00,48.9,99,13.3,1013.1
2024-12-29T16:00,49.6,99,14.2,1012.2
2024-12-29T17:00,50.5,99,14.8,1011.3
2024-12-29T18:00,51.3,98,14.8,1010.2
2024-12-29T19:00,51.8,96,16.5,1009.3
2024-12-29T20:00,52.6,94,18.3,1008.6
2024-12-29T21:00,54.0,90,18.9,1007.5
2024-12-29T22:00,55.7,83,18.1,1006.4
2024-12-29T23:00,56.2,80,16.3,1005.5
2024-12-30T00:00,56.7,82,15.6,1004.7
2024-12-30T01:00,57.9,83,17.7,1003.1
2024-12-30T02:00,55.5,95,19.7,1002.0
2024-12-30T03:00,55.9,92,20.4,1001.1
2024-12-30T04:00,55.8,92,19.2,1000.2
2024-12-30T05:00,55.3,94,16.0,999.8
2024-12-30T06:00,54.8,94,13.8,999.1
2024-12-30T07:00,54.2,95,13.5,998.9
2024-12-30T08:00,52.7,97,12.1,998.8
2024-12-30T09:00,54.7,98,14.4,997.0
2024-12-30T10:00,54.4,98,13.9,997.6
2024-12-30T11:00,54.3,98,11.4,998.3
2024-12-30T12:00,54.0,90,9.2,998.6
2024-12-30T13:00,52.9,70,9.8,998.8
2024-12-30T14:00,54.2,53,9.8,998.6
2024-12-30T15:00,53.5,49,10.9,998.9
2024-12-30T16:00,52.1,51,9.3,999.4
2024-12-30T17:00,49.2,54,8.9,1000.6
2024-12-30T18:00,46.8,59,8.9,1001.9
2024-12-30T19:00,44.3,65,7.4,1002.7
2024-12-30T20:00,43.0,72,7.4,1003.6
2024-12-30T21:00,45.7,73,7.8,1003.6
2024-12-30T22:00,45.0,74,7.1,1004.6
2024-12-30T23:00,43.9,76,5.5,1005.4
2024-12-31T00:00,42.9,78,5.6,1006.1
2024-12-31T01:00,41.4,82,5.8,1006.5
2024-12-31T02:00,40.5,85,5.9,1007.0
2024-12-31T03:00,39.2,86,5.2,1007.6
2024-12-31T04:00,38.0,86,4.8,1008.1
2024-12-31T05:00,36.5,88,4.7,1008.3
2024-12-31T06:00,35.5,89,4.7,1009.1
2024-12-31T07:00,34.2,90,3.9,1009.8
2024-12-31T08:00,32.4,90,2.4,1010.1
2024-12-31T09:00,35.5,87,5.1,1010.4
2024-12-31T10:00,38.3,88,6.8,1011.1
2024-12-31T11:00,41.6,83,4.9,1011.3
2024-12-31T12:00,44.6,71,4.6,1010.8
2024-12-31T13:00,46.5,62,3.6,1009.3
2024-12-31T14:00,47.8,58,4.5,1008.7
2024-12-31T15:00,48.7,56,4.8,1007.9
2024-12-31T16:00,47.8,61,3.6,1007.4
2024-12-31T17:00,43.4,73,3.5,1007.1
2024-12-31T18:00,42.4,74,4.3,1007.4
2024-12-31T19:00,40.9,76,6.5,1007.2
2024-12-31T20:00,41.8,71,9.0,1006.4
2024-12-31T21:00,44.7,61,8.3,1005.9
2024-12-31T22:00,44.7,59,8.8,1004.1
2024-12-31T23:00,43.6,60,6.6,1002.7
2025-01-01T00:00,40.3,66,4.3,1001.8
2025-01-01T01:00,40.7,65,3.7,1000.5
2025-01-01T02:00,39.4,77,2.9,999.4
2025-01-01T03:00,39.4,90,10.6,997.7
2025-01-01T04:00,38.9,92,1.2,996.8
2025-01-01T05:00,37.3,97,3.2,997.4
2025-01-01T06:00,37.2,97,2.8,996.3
2025-01-01T07:00,37.0,97,5.9,995.9
2025-01-01T08:00,36.3,99,4.6,995.9
2025-01-01T09:00,38.2,98,2.1,996.3
2025-01-01T10:00,39.6,98,2.1,996.6
2025-01-01T11:00,40.4,94,2.1,997.0
2025-01-01T12:00,40.5,95,1.1,996.7
2025-01-01T13:00,41.1,94,2.2,996.3
2025-01-01T14:00,41.9,91,1.8,995.9
2025-01-01T15:00,42.1,90,2.2,995.9
2025-01-01T16:00,42.3,89,8.5,996.6
2025-01-01T17:00,40.0,87,11.3,997.6
2025-01-01T18:00,38.0,87,9.6,998.5
2025-01-01T19:00,36.8,93,8.8,999.1
2025-01-01T20:00,36.2,94,9.6,999.9
2025-01-01T21:00,36.9,89,13.3,1000.6
2025-01-01T22:00,36.5,85,14.0,1000.8
2025-01-01T23:00,36.0,81,11.7,1001.4
2025-01-02T00:00,35.5,79,10.8,1001.8
2025-01-02T01:00,35.1,76,10.0,1002.1
2025-01-02T02:00,35.1,72,11.3,1002.8
2025-01-02T03:00,34.6,70,11.7,1003.5
2025-01-02T04:00,34.1,70,10.4,1004.2
2025-01-02T05:00,33.4,72,9.3,1004.4
2025-01-02T06:00,33.5,73,10.2,1005.0
2025-01-02T07:00,33.3,74,10.4,1005.6
2025-01-02T08:00,32.4,75,9.7,1006.4
2025-01-02T09:00,32.7,69,10.0,1006.9
2025-01-02T10:00,34.2,65,9.7,1007.6
2025-01-02T11:00,36.4,60,10.9,1008.4
2025-01-02T12:00,38.1,50,17.6,1008.2
2025-01-02T13:00,37.8,52,17.5,1007.5
2025-01-02T14:00,37.9,55,16.6,1007.4
2025-01-02T15:00,37.8,52,15.6,1007.5
2025-01-02T16:00,36.2,57,15.7,1007.8
2025-01-02T17:00,34.5,61,14.3,1008.4
2025-01-02T18:00,33.5,62,12.8,1008.9
2025-01-02T19:00,32.4,61,12.5,1009.4
2025-01-02T20:00,31.7,63,12.0,1009.9
2025-01-02T21:00,32.2,62,11.0,1009.0
2025-01-02T22:00,31.9,66,11.8,1009.1
2025-01-02T23:00,31.0,69,12.1,1009.1
2025-01-03T00:00,31.0,67,13.1,1009.4
2025-01-03T01:00,30.0,69,12.3,1009.5
2025-01-03T02:00,29.8,70,11.7,1009.4
2025-01-03T03:00,30.1,69,10.7,1009.7
2025-01-03T04:00,29.2,71,9.8,1009.9
2025-01-03T05:00,29.7,70,9.1,1009.8
2025-01-03T06:00,29.6,70,9.3,1009.7
2025-01-03T07:00,29.6,69,9.5,1009.5
2025-01-03T08:00,29.6,67,10.0,1009.3
2025-01-03T09:00,29.9,68,8.5,1008.8
2025-01-03T10:00,30.1,69,8.7,1008.9
2025-01-03T11:00,30.5,65,9.8,1008.7
2025-01-03T12:00,31.3,61,11.0,1007.8
2025-01-03T13:00,32.1,58,11.9,1006.9
2025-01-03T14:00,32.6,57,13.2,1006.3
2025-01-03T15:00,32.2,58,10.5,1005.9
2025-01-03T16:00,31.8,61,8.8,1005.9
2025-01-03T17:00,31.3,62,8.2,1005.8
2025-01-03T18:00,29.2,65,6.6,1006.1
2025-01-03T19:00,28.0,68,6.0,1006.2
2025-01-03T20:00,26.9,69,5.8,1005.9
2025-01-03T21:00,27.6,59,7.4,1005.2
2025-01-03T22:00,27.7,62,8.8,1005.0
2025-01-03T23:00,26.8,73,7.7,1004.9
2025-01-04T00:00,26.0,76,7.1,1004.8
2025-01-04T01:00,25.5,75,7.4,1004.5
2025-01-04T02:00,24.4,73,8.1,1004.5
2025-01-04T03:00,23.9,69,10.1,1004.9
2025-01-04T04:00,23.8,65,12.3,1005.6
2025-01-04T05:00,23.0,61,12.0,1006.1
2025-01-04T06:00,22.1,61,11.6,1006.4
2025-01-04T07:00,21.8,62,11.3,1007.1
2025-01-04T08:00,21.2,61,11.4,1007.7
2025-01-04T09:00,20.1,71,8.5,1008.1
2025-01-04T10:00,20.6,68,7.4,1008.7
2025-01-04T11:00,21.4,65,10.6,1009.1
2025-01-04T12:00,22.2,61,10.8,1008.8
2025-01-04T13:00,23.2,61,16.6,1008.3
2025-01-04T14:00,23.7,62,15.6,1008.0
2025-01-04T15:00,23.9,64,13.4,1007.6
2025-01-04T16:00,24.4,65,9.0,1007.5
2025-01-04T17:00,24.3,71,5.8,1007.8
2025-01-04T18:00,25.4,73,9.8,1007.9
2025-01-04T19:00,25.8,74,10.2,1007.6
2025-01-04T20:00,26.2,73,11.5,1007.7
2025-01-04T21:00,27.0,69,11.7,1008.3
2025-01-04T22:00,27.0,68,12.1,1008.4
2025-01-04T23:00,26.1,69,11.6,1008.9
2025-01-05T00:00,25.2,70,11.6,1009.2
2025-01-05T01:00,25.6,70,12.3,1009.2
2025-01-05T02:00,25.2,73,11.6,1009.6
2025-01-05T03:00,25.2,74,9.9,1009.8
2025-01-05T04:00,25.5,70,9.5,1010.0
2025-01-05T05:00,25.6,67,10.0,1010.1
2025-01-05T06:00,25.2,68,9.7,1010.1
2025-01-05T07:00,24.7,68,8.4,1010.5
2025-01-05T08:00,25.2,69,7.8,1010.9
2025-01-05T09:00,25.7,71,8.0,1011.5
2025-01-05T10:00,26.2,72,7.5,1012.0
2025-01-05T11:00,26.8,71,9.7,1012.7
2025-01-05T12:00,26.6,72,11.3,1012.4
2025-01-05T13:00,26.5,73,12.2,1012.1
2025-01-05T14:00,26.4,74,13.8,1012.3
2025-01-05T15:00,26.9,73,12.5,1012.5
2025-01-05T16:00,26.9,75,10.4,1012.8
2025-01-05T17:00,26.5,78,10.2,1013.4
2025-01-05T18:00,26.1,80,9.2,1014.4
2025-01-05T19:00,26.1,80,9.1,1014.8
2025-01-05T20:00,25.4,76,8.5,1015.1
2025-01-05T21:00,25.8,64,9.3,1015.2
2025-01-05T22:00,24.7,64,9.5,1015.1
2025-01-05T23:00,22.5,61,9.0,1015.6
2025-01-06T00:00,19.6,61,7.8,1016.3
2025-01-06T01:00,18.3,59,8.0,1016.0
2025-01-06T02:00,17.4,59,7.4,1016.3
2025-01-06T03:00,17.1,58,7.3,1016.1
2025-01-06T04:00,16.6,59,6.8,1016.3
2025-01-06T05:00,16.5,59,5.6,1015.7
2025-01-06T06:00,16.5,58,3.9,1015.3
2025-01-06T07:00,16.3,58,2.6,1015.0
2025-01-06T08:00,16.5,58,4.2,1014.2
2025-01-06T09:00,16.5,63,5.8,1013.5
2025-01-06T10:00,17.7,59,5.1,1013.8
2025-01-06T11:00,18.6,57,5.9,1013.1
2025-01-06T12:00,19.3,56,6.9,1012.1
2025-01-06T13:00,20.3,53,6.8,1010.4
2025-01-06T14:00,21.5,51,6.0,1009.0
2025-01-06T15:00,21.7,50,5.9,1007.9
2025-01-06T16:00,21.8,50,6.3,1007.5
2025-01-06T17:00,20.9,52,6.1,1007.1
2025-01-06T18:00,19.2,58,6.0,1006.9
2025-01-06T19:00,17.8,62,6.0,1006.9
2025-01-06T20:00,16.5,65,6.8,1006.8
2025-01-06T21:00,14.4,71,6.6,1006.6
2025-01-06T22:00,14.2,74,7.4,1006.5
2025-01-06T23:00,13.7,74,9.2,1006.6
2025-01-07T00:00,12.6,72,10.1,1007.2
2025-01-07T01:00,11.9,72,8.7,1007.0
2025-01-07T02:00,12.3,72,9.1,1006.7
2025-01-07T03:00,12.8,72,9.3,1006.6
2025-01-07T04:00,13.1,72,9.3,1006.8
2025-01-07T05:00,13.1,72,9.6,1006.5
2025-01-07T06:00,13.3,72,10.1,1006.6
2025-01-07T07:00,13.5,71,10.6,1006.9
2025-01-07T08:00,14.0,71,10.8,1007.1
2025-01-07T09:00,15.3,70,10.1,1007.0
2025-01-07T10:00,16.7,69,10.6,1007.3
2025-01-07T11:00,18.3,65,15.5,1007.7
2025-01-07T12:00,19.3,65,16.5,1007.5
2025-01-07T13:00,20.5,64,18.3,1007.2
2025-01-07T14:00,21.4,63,16.8,1007.1
2025-01-07T15:00,21.8,62,19.6,1007.2
2025-01-07T16:00,21.5,63,18.3,1008.1
2025-01-07T17:00,21.1,65,13.6,1008.8
2025-01-07T18:00,20.3,68,13.2,1009.7
2025-01-07T19:00,20.0,70,13.8,1010.4
2025-01-07T20:00,19.8,69,13.6,1011.1
2025-01-07T21:00,22.6,66,13.9,1011.0
2025-01-07T22:00,21.6,67,13.4,1011.3
2025-01-07T23:00,20.6,69,11.9,1011.6
2025-01-08T00:00,19.7,69,11.4,1011.7
2025-01-08T01:00,18.3,71,9.5,1011.8
2025-01-08T02:00,17.0,72,8.5,1012.2
2025-01-08T03:00,16.0,72,8.1,1012.6
2025-01-08T04:00,15.2,71,8.0,1012.7
2025-01-08T05:00,14.2,72,7.0,1012.5
2025-01-08T06:00,13.3,73,6.7,1012.5
2025-01-08T07:00,12.7,73,7.6,1012.6
2025-01-08T08:00,11.9,73,9.0,1012.5
2025-01-08T09:00,17.5,70,10.9,1011.2
2025-01-08T10:00,17.5,69,10.7,1011.3
2025-01-08T11:00,17.9,68,15.4,1011.2
2025-01-08T12:00,18.0,66,15.4,1010.9
2025-01-08T13:00,17.7,66,15.8,1010.0
2025-01-08T14:00,17.3,66,15.9,1009.1
2025-01-08T15:00,16.8,66,15.5,1008.6
2025-01-08T16:00,15.8,65,14.4,1008.5
2025-01-08T17:00,14.6,67,14.1,1008.5
2025-01-08T18:00,14.1,69,13.0,1008.7
2025-01-08T19:00,13.6,69,11.3,1008.6
2025-01-08T20:00,13.4,69,8.4,1008.4
2025-01-08T21:00,16.8,59,10.4,1007.6
2025-01-08T22:00,17.1,62,7.9,1007.1
2025-01-08T23:00,17.4,62,9.2,1006.6
2025-01-09T00:00,17.8,62,10.6,1006.3
2025-01-09T01:00,17.7,61,11.3,1005.8
2025-01-09T02:00,17.3,61,13.3,1005.5
2025-01-09T03:00,16.7,61,12.7,1005.6
2025-01-09T04:00,15.3,67,12.6,1005.6
2025-01-09T05:00,14.4,67,12.8,1005.6
2025-01-09T06:00,13.5,66,13.5,1006.0
2025-01-09T07:00,13.0,64,13.2,1006.6
2025-01-09T08:00,12.6,66,10.8,1007.2
2025-01-09T09:00,17.0,67,14.0,1006.6
2025-01-09T10:00,17.4,66,15.7,1007.0
2025-01-09T11:00,17.3,65,14.2,1007.5
2025-01-09T12:00,18.2,64,15.9,1007.5
2025-01-09T13:00,18.5,64,16.3,1007.3
2025-01-09T14:00,18.7,64,15.8,1007.3
2025-01-09T15:00,19.1,63,13.6,1007.5
2025-01-09T16:00,19.1,64,15.8,1008.0
2025-01-09T17:00,19.0,67,12.8,1008.5
2025-01-09T18:00,19.3,69,13.3,1009.2
2025-01-09T19:00,19.6,71,12.5,1009.8
2025-01-09T20:00,20.2,71,12.3,1010.3
2025-01-09T21:00,21.5,71,11.5,1010.5
2025-01-09T22:00,22.4,71,11.2,1010.9
2025-01-09T23:00,22.9,67,11.3,1011.3
2025-01-10T00:00,22.9,67,10.6,1011.7
2025-01-10T01:00,22.5,68,9.8,1012.0
2025-01-10T02:00,22.3,69,9.6,1012.6
2025-01-10T03:00,21.9,71,9.6,1013.2
2025-01-10T04:00,21.9,71,9.8,1013.2
2025-01-10T05:00,21.4,71,9.8,1013.1
2025-01-10T06:00,20.9,72,9.8,1013.5
2025-01-10T07:00,20.8,73,9.7,1014.3
2025-01-10T08:00,20.7,74,9.3,1014.6
2025-01-10T09:00,20.6,77,8.0,1014.6
2025-01-10T10:00,21.8,74,8.2,1015.9
2025-01-10T11:00,22.9,70,8.2,1015.9
2025-01-10T12:00,24.5,64,8.3,1015.0
2025-01-10T13:00,25.7,58,8.9,1013.3
2025-01-10T14:00,26.3,54,8.9,1012.5
2025-01-10T15:00,28.9,44,8.8,1012.0
2025-01-10T16:00,28.4,46,7.3,1010.9
2025-01-10T17:00,26.6,52,6.2,1010.7
2025-01-10T18:00,23.4,61,3.9,1011.0
2025-01-10T19:00,22.9,64,3.7,1011.0
2025-01-10T20:00,21.8,68,2.7,1010.7
2025-01-10T21:00,25.4,62,4.2,1009.4
2025-01-10T22:00,24.8,63,3.3,1007.9
2025-01-10T23:00,24.7,63,2.5,1007.8
2025-01-11T00:00,24.5,63,2.2,1007.0
2025-01-11T01:00,24.1,65,1.9,1006.0
2025-01-11T02:00,23.7,68,2.1,1005.0
2025-01-11T03:00,23.4,71,1.4,1004.8
2025-01-11T04:00,22.4,79,1.6,1003.6
2025-01-11T05:00,21.7,83,1.1,1002.6
2025-01-11T06:00,21.6,84,1.1,1002.1
2025-01-11T07:00,21.8,85,1.5,1001.8
2025-01-11T08:00,22.0,88,2.9,1000.9
2025-01-11T09:00,22.5,90,2.7,1000.0
2025-01-11T10:00,23.6,88,3.6,999.8
2025-01-11T11:00,24.6,87,4.5,999.4
2025-01-11T12:00,25.6,85,5.6,999.0
2025-01-11T13:00,26.4,83,6.7,998.3
2025-01-11T14:00,26.8,83,7.2,998.1
2025-01-11T15:00,26.9,83,7.4,998.4
2025-01-11T16:00,27.1,82,7.9,998.9
2025-01-11T17:00,26.6,84,5.9,1000.0
2025-01-11T18:00,26.2,87,4.1,1001.1
2025-01-11T19:00,26.1,88,3.8,1002.3
2025-01-11T20:00,25.2,88,4.3,1003.4
2025-01-11T21:00,26.1,83,6.9,1004.3
2025-01-11T22:00,25.2,82,7.5,1005.5
2025-01-11T23:00,24.3,83,7.7,1006.7
2025-01-12T00:00,23.8,83,7.0,1007.3
2025-01-12T01:00,22.5,84,5.2,1007.9
2025-01-12T02:00,23.0,83,5.0,1008.4
2025-01-12T03:00,23.9,83,5.1,1009.1
2025-01-12T04:00,23.8,84,4.2,1009.5
2025-01-12T05:00,21.3,85,3.7,1010.1
2025-01-12T06:00,20.9,86,3.6,1010.9
2025-01-12T07:00,20.3,87,3.8,1011.6
2025-01-12T08:00,19.3,87,4.0,1012.4
2025-01-12T09:00,21.2,81,4.0,1012.8
2025-01-12T10:00,23.1,80,3.5,1013.5
2025-01-12T11:00,27.5,73,3.8,1014.3
2025-01-12T12:00,30.0,70,4.9,1014.4
2025-01-12T13:00,31.9,66,4.5,1014.1
2025-01-12T14:00,33.5,62,4.1,1013.7
2025-01-12T15:00,34.0,61,4.4,1013.5
2025-01-12T16:00,33.5,64,3.9,1013.6
2025-01-12T17:00,29.7,70,2.7,1013.8
2025-01-12T18:00,26.9,77,3.6,1014.5
2025-01-12T19:00,27.0,80,1.4,1014.8
2025-01-12T20:00,26.2,81,1.0,1015.4
2025-01-12T21:00,28.8,71,0.8,1014.7
2025-01-12T22:00,28.5,71,1.3,1014.7
2025-01-12T23:00,26.1,72,1.8,1014.5
2025-01-13T00:00,28.4,74,3.1,1014.8
2025-01-13T01:00,28.4,77,3.9,1014.4
2025-01-13T02:00,29.1,79,5.0,1014.2
2025-01-13T03:00,29.1,81,6.0,1013.9
2025-01-13T04:00,29.5,80,6.5,1013.2
2025-01-13T05:00,28.9,79,7.5,1012.7
2025-01-13T06:00,27.4,81,8.2,1012.4
2025-01-13T07:00,26.7,82,8.3,1012.2
2025-01-13T08:00,26.2,83,7.9,1012.1
2025-01-13T09:00,26.9,79,7.6,1012.0
2025-01-13T10:00,29.0,76,5.9,1012.2
2025-01-13T11:00,31.7,74,4.9,1011.9
2025-01-13T12:00,34.4,69,4.6,1011.1
2025-01-13T13:00,35.7,66,4.9,1009.4
2025-01-13T14:00,37.0,65,3.0,1008.4
2025-01-13T15:00,37.0,69,1.7,1007.9
2025-01-13T16:00,35.9,79,1.9,1008.0
2025-01-13T17:00,33.3,83,10.4,1009.4
2025-01-13T18:00,32.0,72,7.9,1010.0
2025-01-13T19:00,29.3,73,5.7,1010.4
2025-01-13T20:00,25.2,75,4.6,1010.6
2025-01-13T21:00,25.5,72,4.9,1010.8
2025-01-13T22:00,26.8,72,6.5,1011.1
2025-01-13T23:00,26.7,74,7.0,1011.1
2025-01-14T00:00,26.1,76,7.3,1011.0
2025-01-14T01:00,26.1,77,7.4,1010.9
2025-01-14T02:00,26.5,79,6.4,1010.8
2025-01-14T03:00,26.8,80,5.6,1010.8
2025-01-14T04:00,26.1,75,6.3,1011.0
2025-01-14T05:00,25.5,75,7.8,1010.9
2025-01-14T06:00,24.5,76,8.0,1011.2
2025-01-14T07:00,22.6,75,7.7,1011.9
2025-01-14T08:00,21.0,74,8.3,1012.6
2025-01-14T09:00,21.9,66,9.9,1013.1
2025-01-14T10:00,22.4,67,11.8,1013.8
2025-01-14T11:00,22.7,64,11.0,1014.2
2025-01-14T12:00,23.5,63,12.3,1014.3
2025-01-14T13:00,23.8,62,12.1,1013.7
2025-01-14T14:00,23.9,63,12.0,1012.9
2025-01-14T15:00,24.0,65,10.6,1012.3
2025-01-14T16:00,23.8,67,9.5,1012.1
2025-01-14T17:00,23.7,68,8.8,1012.1
2025-01-14T18:00,23.3,69,7.2,1012.3
2025-01-14T19:00,22.7,70,8.2,1012.5
2025-01-14T20:00,21.7,69,8.3,1012.7
2025-01-14T21:00,20.7,63,6.6,1013.0
2025-01-14T22:00,21.1,66,7.4,1013.4
2025-01-14T23:00,21.4,71,8.3,1013.6
2025-01-15T00:00,21.5,75,8.6,1013.9
2025-01-15T01:00,21.0,78,7.6,1013.8
2025-01-15T02:00,21.0,79,7.2,1013.9
2025-01-15T03:00,21.0,79,7.9,1014.1
2025-01-15T04:00,20.9,79,9.1,1014.5
2025-01-15T05:00,20.5,77,11.1,1014.8
2025-01-15T06:00,19.8,72,11.4,1015.3
2025-01-15T07:00,18.8,72,10.6,1016.2
2025-01-15T08:00,18.1,73,9.3,1017.2
2025-01-15T09:00,16.6,74,9.3,1018.3
2025-01-15T10:00,17.9,71,8.6,1019.3
2025-01-15T11:00,19.3,68,10.5,1019.8
2025-01-15T12:00,20.7,65,10.8,1019.5
2025-01-15T13:00,21.7,64,11.4,1018.7
2025-01-15T14:00,22.5,64,12.1,1018.0
2025-01-15T15:00,23.1,64,12.9,1017.7
2025-01-15T16:00,22.7,69,11.3,1017.7
2025-01-15T17:00,21.9,74,9.4,1018.2
2025-01-15T18:00,21.7,78,8.5,1018.5
2025-01-15T19:00,20.4,79,7.3,1018.6
2025-01-15T20:00,18.1,80,5.0,1019.0
2025-01-15T21:00,19.8,71,5.6,1018.8
2025-01-15T22:00,16.0,76,4.0,1018.5
2025-01-15T23:00,14.3,78,3.6,1018.1
2025-01-16T00:00,14.4,77,2.1,1017.9
2025-01-16T01:00,14.4,79,1.3,1017.4
2025-01-16T02:00,14.4,82,1.0,1016.9
2025-01-16T03:00,16.9,84,1.3,1016.7
2025-01-16T04:00,18.1,86,0.1,1016.3
2025-01-16T05:00,19.3,87,2.5,1015.9
2025-01-16T06:00,20.2,86,4.9,1015.4
2025-01-16T07:00,20.8,83,5.3,1014.8
2025-01-16T08:00,20.8,82,5.0,1014.5
2025-01-16T09:00,20.9,74,5.4,1014.2
2025-01-16T10:00,21.9,71,6.2,1013.7
2025-01-16T11:00,23.6,66,7.6,1013.4
2025-01-16T12:00,24.9,62,9.1,1012.0
2025-01-16T13:00,26.4,56,8.4,1010.1
2025-01-16T14:00,27.2,54,7.9,1009.0
2025-01-16T15:00,27.8,53,8.5,1007.8
2025-01-16T16:00,27.9,53,8.4,1007.1
2025-01-16T17:00,27.2,57,8.5,1006.7
2025-01-16T18:00,26.2,65,10.1,1006.7
2025-01-16T19:00,24.6,75,10.5,1007.0
2025-01-16T20:00,23.6,75,8.4,1007.1
2025-01-16T21:00,22.4,78,5.5,1008.1
2025-01-16T22:00,22.5,79,3.5,1008.3
2025-01-16T23:00,22.5,82,2.2,1008.6
2025-01-17T00:00,21.9,83,1.4,1009.0
2025-01-17T01:00,21.3,84,0.4,1009.1
2025-01-17T02:00,19.7,84,0.2,1009.2
2025-01-17T03:00,18.3,84,0.6,1009.4
2025-01-17T04:00,17.1,87,0.5,1010.0
2025-01-17T05:00,16.6,89,0.6,1010.7
2025-01-17T06:00,17.1,88,0.8,1011.2
2025-01-17T07:00,17.9,88,0.8,1011.9
2025-01-17T08:00,17.8,89,0.6,1012.9
2025-01-17T09:00,18.8,84,0.9,1014.3
2025-01-17T10:00,23.0,82,1.5,1014.9
2025-01-17T11:00,26.2,79,2.3,1015.4
2025-01-17T12:00,28.3,77,3.8,1015.8
2025-01-17T13:00,29.6,76,6.1,1015.5
2025-01-17T14:00,31.3,73,6.5,1015.4
2025-01-17T15:00,32.2,73,6.5,1015.3
2025-01-17T16:00,32.1,74,6.1,1015.4
2025-01-17T17:00,32.4,75,5.2,1015.3
2025-01-17T18:00,32.0,74,6.0,1015.7
2025-01-17T19:00,32.5,74,5.9,1016.3
2025-01-17T20:00,32.7,74,6.6,1016.6
2025-01-17T21:00,32.9,70,8.0,1015.9
2025-01-17T22:00,32.4,70,8.5,1015.7
2025-01-17T23:00,30.6,73,8.6,1016.2
2025-01-18T00:00,30.7,70,10.8,1015.8
2025-01-18T01:00,30.7,69,12.2,1015.2
2025-01-18T02:00,30.7,71,13.3,1014.8
2025-01-18T03:00,31.5,71,14.1,1014.5
2025-01-18T04:00,32.0,70,14.7,1014.0
2025-01-18T05:00,32.4,69,15.8,1013.4
2025-01-18T06:00,32.1,69,16.5,1013.0
2025-01-18T07:00,32.1,70,17.4,1012.5
2025-01-18T08:00,31.8,71,16.7,1012.3
2025-01-18T09:00,32.4,68,16.5,1012.3
2025-01-18T10:00,34.2,67,17.4,1011.9
2025-01-18T11:00,35.7,66,16.5,1011.3
2025-01-18T12:00,37.0,67,15.5,1010.3
2025-01-18T13:00,38.4,68,18.1,1009.2
2025-01-18T14:00,38.8,72,15.9,1008.3
2025-01-18T15:00,38.1,80,13.2,1007.9
2025-01-18T16:00,36.9,94,12.2,1007.4
2025-01-18T17:00,38.0,92,12.7,1006.9
2025-01-18T18:00,37.8,95,12.6,1006.3
2025-01-18T19:00,37.9,96,11.1,1005.9
2025-01-18T20:00,37.8,96,10.2,1005.9
2025-01-18T21:00,37.3,97,7.6,1005.8
2025-01-18T22:00,36.3,99,5.9,1006.0
2025-01-18T23:00,35.3,99,4.3,1006.3
2025-01-19T00:00,35.2,99,3.1,1006.1
2025-01-19T01:00,34.6,98,1.0,1006.5
2025-01-19T02:00,35.1,95,3.5,1007.1
2025-01-19T03:00,34.0,93,6.7,1007.9
2025-01-19T04:00,32.4,92,4.8,1008.0
2025-01-19T05:00,31.5,92,6.1,1008.0
2025-01-19T06:00,31.9,93,7.4,1008.4
2025-01-19T07:00,31.6,94,6.6,1009.1
2025-01-19T08:00,30.6,95,5.7,1009.9
2025-01-19T09:00,31.4,82,7.1,1010.1
2025-01-19T10:00,31.7,78,6.5,1010.7
2025-01-19T11:00,32.7,69,7.0,1011.2
2025-01-19T12:00,33.7,63,6.9,1010.7
2025-01-19T13:00,32.4,65,7.6,1009.7
2025-01-19T14:00,31.1,74,8.4,1009.2
2025-01-19T15:00,28.4,73,9.8,1008.3
2025-01-19T16:00,26.4,68,9.8,1007.8
2025-01-19T17:00,24.6,72,9.7,1008.6
2025-01-19T18:00,23.0,75,11.5,1008.4
2025-01-19T19:00,21.6,73,12.2,1007.9
2025-01-19T20:00,20.1,74,12.6,1007.6
2025-01-19T21:00,19.5,79,13.2,1008.0
2025-01-19T22:00,18.6,80,11.7,1008.2
2025-01-19T23:00,18.1,80,12.3,1008.7
2025-01-20T00:00,17.0,82,13.4,1008.8
2025-01-20T01:00,16.5,80,12.2,1009.5
2025-01-20T02:00,16.5,79,10.6,1010.6
2025-01-20T03:00,16.3,79,10.3,1011.7
2025-01-20T04:00,15.3,78,9.5,1013.0
2025-01-20T05:00,13.6,76,8.9,1013.9
2025-01-20T06:00,11.2,75,8.1,1015.0
2025-01-20T07:00,9.6,75,6.9,1016.2
2025-01-20T08:00,7.8,76,5.7,1017.6
2025-01-20T09:00,8.4,76,6.3,1018.8
2025-01-20T10:00,9.5,74,4.7,1020.0
2025-01-20T11:00,11.3,70,5.2,1021.3
2025-01-20T12:00,13.1,66,5.4,1022.1
2025-01-20T13:00,14.6,62,6.1,1021.7
2025-01-20T14:00,16.0,58,6.4,1021.7
2025-01-20T15:00,16.6,56,6.8,1022.1
2025-01-20T16:00,16.6,59,6.4,1023.1
2025-01-20T17:00,14.7,65,4.0,1023.8
2025-01-20T18:00,9.6,67,4.4,1024.7
2025-01-20T19:00,9.0,65,5.0,1025.8
2025-01-20T20:00,8.5,66,4.8,1026.7
2025-01-20T21:00,7.2,67,2.3,1027.2
2025-01-20T22:00,7.4,66,1.7,1028.2
2025-01-20T23:00,6.5,65,0.9,1028.3
2025-01-21T00:00,6.1,63,0.5,1028.5
2025-01-21T01:00,6.1,62,0.3,1028.8
2025-01-21T02:00,4.7,65,0.7,1029.3
2025-01-21T03:00,4.0,68,3.9,1029.9
2025-01-21T04:00,3.9,73,6.5,1030.1
2025-01-21T05:00,3.6,74,5.9,1029.6
2025-01-21T06:00,3.2,73,4.8,1029.6
2025-01-21T07:00,2.7,74,6.3,1030.1
2025-01-21T08:00,2.2,75,7.8,1030.9
2025-01-21T09:00,2.5,72,7.6,1031.9
2025-01-21T10:00,5.4,69,6.7,1032.3
2025-01-21T11:00,9.3,63,5.9,1032.5
2025-01-21T12:00,12.3,58,5.5,1032.2
2025-01-21T13:00,14.6,57,4.5,1030.7
2025-01-21T14:00,16.6,52,7.1,1029.4
2025-01-21T15:00,17.1,52,8.1,1028.6
2025-01-21T16:00,16.7,54,7.0,1028.0
2025-01-21T17:00,14.6,61,3.6,1028.4
2025-01-21T18:00,8.9,68,2.5,1028.7
2025-01-21T19:00,8.1,70,6.1,1029.3
2025-01-21T20:00,5.8,72,8.8,1030.1
2025-01-21T21:00,6.0,64,9.0,1029.8
2025-01-21T22:00,3.5,68,6.0,1030.0
2025-01-21T23:00,1.9,69,4.5,1030.2
2025-01-22T00:00,2.1,66,4.6,1029.8
2025-01-22T01:00,1.8,63,2.8,1030.1
2025-01-22T02:00,1.2,62,2.7,1029.7
2025-01-22T03:00,-1.0,61,2.3,1029.8
2025-01-22T04:00,-2.4,62,2.1,1030.4
2025-01-22T05:00,-4.1,66,3.2,1030.2
2025-01-22T06:00,-4.2,66,3.1,1030.5
2025-01-22T07:00,-4.5,65,2.2,1031.0
2025-01-22T08:00,-4.1,65,2.1,1031.3
2025-01-22T09:00,-0.3,65,3.4,1031.8
2025-01-22T10:00,3.1,63,0.8,1032.0
2025-01-22T11:00,6.6,58,1.7,1032.8
2025-01-22T12:00,8.5,56,2.8,1032.8
2025-01-22T13:00,10.3,56,3.4,1031.8
2025-01-22T14:00,11.9,54,3.4,1031.7
2025-01-22T15:00,12.8,52,3.4,1031.4
2025-01-22T16:00,12.4,56,1.6,1030.6
2025-01-22T17:00,10.4,51,0.6,1030.2
2025-01-22T18:00,6.5,56,2.4,1030.7
2025-01-22T19:00,9.0,65,5.6,1030.8
2025-01-22T20:00,9.2,65,4.5,1030.8
2025-01-22T21:00,11.3,61,5.2,1029.8
2025-01-22T22:00,11.8,61,6.8,1029.5
2025-01-22T23:00,12.6,58,7.6,1028.8
2025-01-23T00:00,11.3,61,7.4,1028.5
2025-01-23T01:00,11.6,59,9.1,1027.9
2025-01-23T02:00,10.8,57,9.8,1027.1
2025-01-23T03:00,9.8,58,10.0,1026.9
2025-01-23T04:00,9.8,60,10.6,1026.6
2025-01-23T05:00,10.4,61,11.2,1026.1
2025-01-23T06:00,10.5,62,11.0,1026.1
2025-01-23T07:00,11.1,63,10.6,1025.2
2025-01-23T08:00,11.5,62,10.5,1024.4
2025-01-23T09:00,13.4,57,11.5,1024.0
2025-01-23T10:00,14.0,56,11.9,1023.8
2025-01-23T11:00,15.8,55,12.2,1023.5
2025-01-23T12:00,17.8,53,12.9,1022.2
2025-01-23T13:00,19.8,49,13.7,1020.5
2025-01-23T14:00,21.4,46,13.4,1019.4
2025-01-23T15:00,21.9,48,12.6,1018.6
2025-01-23T16:00,21.9,52,11.0,1017.9
2025-01-23T17:00,21.0,58,11.2,1017.5
2025-01-23T18:00,18.9,61,9.7,1017.3
2025-01-23T19:00,17.5,63,9.1,1017.6
2025-01-23T20:00,16.2,66,7.5,1017.7
2025-01-23T21:00,17.3,62,6.5,1017.6
2025-01-23T22:00,16.2,66,6.1,1017.6
2025-01-23T23:00,14.7,69,4.4,1017.2
2025-01-24T00:00,13.0,70,3.7,1017.0
2025-01-24T01:00,13.0,71,5.7,1017.1
2025-01-24T02:00,14.2,73,5.6,1016.9
2025-01-24T03:00,13.3,74,4.9,1016.9
2025-01-24T04:00,13.0,75,4.5,1017.0
2025-01-24T05:00,13.0,77,4.5,1016.9
2025-01-24T06:00,14.3,79,5.8,1017.0
2025-01-24T07:00,15.1,81,5.4,1017.3
2025-01-24T08:00,14.4,83,6.1,1017.5
2025-01-24T09:00,13.6,76,5.5,1018.5
2025-01-24T10:00,18.3,73,4.0,1019.1
2025-01-24T11:00,22.6,68,1.6,1019.2
2025-01-24T12:00,25.1,69,6.3,1019.2
2025-01-24T13:00,26.3,68,7.6,1018.8
2025-01-24T14:00,26.8,63,7.6,1018.8
2025-01-24T15:00,26.7,60,8.0,1018.8
2025-01-24T16:00,26.0,62,7.7,1019.2
2025-01-24T17:00,24.2,67,5.8,1019.9
2025-01-24T18:00,20.7,72,4.7,1020.6
2025-01-24T19:00,16.5,74,4.4,1021.2
2025-01-24T20:00,14.5,75,4.5,1021.6
2025-01-24T21:00,16.4,68,4.9,1022.1
2025-01-24T22:00,13.6,70,3.3,1022.7
2025-01-24T23:00,15.9,70,0.7,1023.4
2025-01-25T00:00,17.1,73,0.5,1023.7
2025-01-25T01:00,16.6,73,2.0,1023.2
2025-01-25T02:00,13.3,69,1.1,1023.3
2025-01-25T03:00,13.8,67,0.4,1023.4
2025-01-25T04:00,11.7,72,0.2,1023.9
2025-01-25T05:00,10.8,76,0.9,1023.9
2025-01-25T06:00,9.8,77,2.1,1023.9
2025-01-25T07:00,9.0,78,1.4,1024.4
2025-01-25T08:00,7.9,78,2.1,1024.8
2025-01-25T09:00,10.6,74,4.2,1025.3
2025-01-25T10:00,14.3,76,5.0,1025.4
2025-01-25T11:00,17.9,75,4.9,1025.3
2025-01-25T12:00,21.0,67,5.5,1024.9
2025-01-25T13:00,23.4,60,6.0,1023.2
2025-01-25T14:00,25.2,57,7.4,1022.2
2025-01-25T15:00,25.5,58,7.5,1021.5
2025-01-25T16:00,24.3,62,9.3,1021.0
2025-01-25T17:00,23.1,65,9.1,1020.9
2025-01-25T18:00,22.8,70,9.4,1020.7
2025-01-25T19:00,23.6,73,9.1,1020.4
2025-01-25T20:00,23.8,73,9.0,1020.2
2025-01-25T21:00,25.3,70,8.0,1020.0
2025-01-25T22:00,25.0,69,9.7,1019.6
2025-01-25T23:00,24.5,67,9.9,1019.2
2025-01-26T00:00,23.0,69,10.2,1019.0
2025-01-26T01:00,21.9,71,10.8,1018.3
2025-01-26T02:00,22.0,73,11.1,1017.8
2025-01-26T03:00,22.2,74,11.0,1016.9
2025-01-26T04:00,23.1,74,10.9,1016.2
2025-01-26T05:00,22.9,77,11.5,1015.0
2025-01-26T06:00,23.4,80,12.3,1013.9
2025-01-26T07:00,24.7,84,11.3,1013.7
2025-01-26T08:00,25.1,87,9.7,1013.9
2025-01-26T09:00,24.5,80,7.6,1015.2
2025-01-26T10:00,28.8,74,6.0,1015.8
2025-01-26T11:00,33.8,67,8.5,1016.1
2025-01-26T12:00,34.4,64,14.3,1016.0
2025-01-26T13:00,33.9,66,16.1,1015.9
2025-01-26T14:00,34.3,63,14.0,1015.8
2025-01-26T15:00,33.8,64,12.7,1016.1
2025-01-26T16:00,32.9,65,10.8,1016.6
2025-01-26T17:00,31.7,68,9.5,1017.0
2025-01-26T18:00,29.6,72,6.8,1017.6
2025-01-26T19:00,28.7,74,5.4,1018.1
2025-01-26T20:00,28.9,73,4.8,1018.6
2025-01-26T21:00,25.2,59,1.6,1017.8
2025-01-26T22:00,22.0,62,4.4,1017.7
2025-01-26T23:00,20.6,65,4.5,1017.2
2025-01-27T00:00,19.6,65,3.3,1016.7
2025-01-27T01:00,19.0,66,2.4,1016.3
2025-01-27T02:00,17.5,70,2.4,1015.9
2025-01-27T03:00,15.6,74,3.7,1015.3
2025-01-27T04:00,16.0,74,3.7,1014.8
2025-01-27T05:00,18.9,73,5.8,1013.9
2025-01-27T06:00,19.8,75,7.2,1013.6
2025-01-27T07:00,20.1,77,7.6,1013.1
2025-01-27T08:00,19.1,79,7.0,1013.1
2025-01-27T09:00,21.0,69,8.1,1012.7
2025-01-27T10:00,23.1,68,6.9,1012.2
2025-01-27T11:00,26.4,64,9.2,1011.9
2025-01-27T12:00,29.5,59,11.4,1010.4
2025-01-27T13:00,31.5,57,11.8,1008.8
2025-01-27T14:00,33.4,59,12.2,1007.5
2025-01-27T15:00,35.3,55,11.7,1006.1
2025-01-27T16:00,35.5,55,11.3,1004.8
2025-01-27T17:00,34.8,57,11.5,1003.8
2025-01-27T18:00,32.1,63,11.6,1003.0
2025-01-27T19:00,30.3,66,12.4,1002.5
2025-01-27T20:00,29.0,67,12.6,1001.7
2025-01-27T21:00,29.7,58,13.5,999.7
2025-01-27T22:00,28.7,59,13.4,999.0
2025-01-27T23:00,28.3,59,12.4,998.4
2025-01-28T00:00,27.8,60,10.4,998.3
2025-01-28T01:00,27.9,61,9.2,997.9
2025-01-28T02:00,28.9,62,9.4,996.6
2025-01-28T03:00,29.1,62,9.5,995.5
2025-01-28T04:00,29.2,64,9.7,994.7
2025-01-28T05:00,29.2,66,9.6,993.5
2025-01-28T06:00,30.2,68,9.1,993.1
2025-01-28T07:00,30.9,74,9.1,993.1
2025-01-28T08:00,31.5,80,13.8,994.5
2025-01-28T09:00,31.0,72,13.2,996.3
2025-01-28T10:00,29.3,63,16.9,999.0
2025-01-28T11:00,24.2,57,15.7,1001.9
2025-01-28T12:00,21.6,51,16.7,1003.1
2025-01-28T13:00,20.0,52,15.0,1004.1
2025-01-28T14:00,19.6,52,12.6,1004.3
2025-01-28T15:00,19.0,53,10.9,1004.8
2025-01-28T16:00,18.4,54,8.8,1004.8
2025-01-28T17:00,17.7,56,8.4,1005.0
2025-01-28T18:00,16.3,63,5.5,1005.3
2025-01-28T19:00,15.0,68,3.4,1006.0
2025-01-28T20:00,13.9,66,0.7,1006.1
2025-01-28T21:00,20.3,60,3.6,1004.1
2025-01-28T22:00,20.1,67,5.2,1003.0
2025-01-28T23:00,20.5,78,7.2,1001.7
2025-01-29T00:00,20.8,80,8.9,999.9
2025-01-29T01:00,22.8,81,11.8,998.9
2025-01-29T02:00,24.4,79,14.5,997.0
2025-01-29T03:00,26.1,80,15.4,995.2
2025-01-29T04:00,27.9,78,14.1,993.9
2025-01-29T05:00,28.3,80,11.7,992.9
2025-01-29T06:00,29.3,81,11.0,991.9
2025-01-29T07:00,30.0,81,11.2,990.9
2025-01-29T08:00,31.3,80,11.4,990.5
2025-01-29T09:00,29.7,79,9.4,992.1
2025-01-29T10:00,30.3,79,9.5,991.6
2025-01-29T11:00,34.1,77,8.5,991.1
2025-01-29T12:00,38.0,82,9.0,991.5
2025-01-29T13:00,38.5,78,11.1,991.6
2025-01-29T14:00,36.9,75,17.2,992.6
2025-01-29T15:00,34.2,72,16.8,994.1
2025-01-29T16:00,32.4,69,16.6,995.6
2025-01-29T17:00,29.9,70,15.6,997.5
2025-01-29T18:00,27.7,72,12.8,999.5
2025-01-29T19:00,25.5,72,11.4,1001.8
2025-01-29T20:00,24.0,73,10.6,1003.5
2025-01-29T21:00,26.0,68,11.9,1005.0
2025-01-29T22:00,23.6,70,10.7,1006.5
2025-01-29T23:00,21.4,75,11.1,1008.0
2025-01-30T00:00,19.9,76,11.1,1009.2
2025-01-30T01:00,19.1,77,8.8,1010.6
2025-01-30T02:00,18.2,75,7.3,1011.6
2025-01-30T03:00,17.9,78,7.9,1013.0
2025-01-30T04:00,17.1,75,10.6,1014.8
2025-01-30T05:00,13.9,69,11.4,1016.0
2025-01-30T06:00,11.7,68,8.7,1017.2
2025-01-30T07:00,9.9,69,6.3,1018.4
2025-01-30T08:00,7.3,70,4.3,1019.6
2025-01-30T09:00,14.1,65,6.0,1020.2
2025-01-30T10:00,15.7,62,7.2,1021.4
2025-01-30T11:00,16.6,61,8.9,1022.3
2025-01-30T12:00,18.0,61,8.3,1022.8
2025-01-30T13:00,19.9,60,7.9,1022.6
2025-01-30T14:00,21.5,59,10.4,1022.6
2025-01-30T15:00,22.6,59,10.1,1022.7
2025-01-30T16:00,23.0,62,6.2,1021.2
2025-01-30T17:00,21.2,68,2.3,1021.0
2025-01-30T18:00,19.1,64,0.3,1021.6
2025-01-30T19:00,18.9,64,0.2,1022.1
2025-01-30T20:00,19.8,71,3.9,1021.4
2025-01-30T21:00,22.0,71,8.8,1021.0
2025-01-30T22:00,23.8,63,9.4,1019.8
2025-01-30T23:00,24.7,62,12.2,1019.2
2025-01-31T00:00,25.9,61,13.2,1018.1
2025-01-31T01:00,26.9,65,13.6,1017.6
2025-01-31T02:00,28.2,65,13.4,1017.0
2025-01-31T03:00,28.9,66,13.0,1016.4
2025-01-31T04:00,29.6,70,12.2,1015.8
2025-01-31T05:00,30.1,75,12.2,1014.8
2025-01-31T06:00,30.9,78,12.9,1014.2
2025-01-31T07:00,32.1,79,12.9,1013.3
2025-01-31T08:00,33.0,80,12.2,1013.0
2025-01-31T09:00,32.4,76,10.2,1012.7
2025-01-31T10:00,33.4,75,8.6,1012.4
2025-01-31T11:00,34.8,74,7.7,1011.7
2025-01-31T12:00,36.1,75,7.3,1011.1
2025-01-31T13:00,36.7,81,5.0,1009.7
2025-01-31T14:00,36.6,88,5.0,1008.5
2025-01-31T15:00,36.9,90,3.7,1007.3
2025-01-31T16:00,36.9,92,2.4,1005.5
2025-01-31T17:00,36.1,93,2.1,1005.8
2025-01-31T18:00,34.8,99,3.0,1004.9
2025-01-31T19:00,34.5,99,2.8,1004.3
2025-01-31T20:00,34.2,100,1.9,1004.4
2025-01-31T21:00,34.2,99,3.9,1004.3
2025-01-31T22:00,34.1,98,5.1,1003.4
2025-01-31T23:00,34.1,98,4.5,1002.8
2025-02-01T00:00,33.6,98,7.0,1002.9
2025-02-01T01:00,32.2,95,8.6,1003.3
2025-02-01T02:00,31.0,95,8.6,1003.2
2025-02-01T03:00,29.3,94,11.1,1003.9
2025-02-01T04:00,27.7,93,12.6,1005.9
2025-02-01T05:00,25.2,91,14.5,1007.1
2025-02-01T06:00,22.8,87,14.6,1008.6
2025-02-01T07:00,21.2,82,14.2,1010.3
2025-02-01T08:00,19.0,79,14.5,1012.6
2025-02-01T09:00,19.1,79,13.1,1014.5
2025-02-01T10:00,18.0,78,12.9,1016.5
2025-02-01T11:00,17.6,75,11.7,1018.5
2025-02-01T12:00,17.1,71,11.5,1020.2
2025-02-01T13:00,17.1,69,10.0,1021.5
2025-02-01T14:00,17.2,68,7.3,1022.9
2025-02-01T15:00,17.1,68,5.4,1024.2
2025-02-01T16:00,16.7,68,5.8,1024.8
2025-02-01T17:00,15.6,68,6.1,1027.0
2025-02-01T18:00,13.7,71,5.2,1029.0
2025-02-01T19:00,10.7,75,3.6,1030.4
2025-02-01T20:00,7.9,77,3.2,1032.0
2025-02-01T21:00,10.2,76,4.9,1032.1
2025-02-01T22:00,8.5,77,5.5,1032.9
2025-02-01T23:00,6.2,75,5.7,1033.7
2025-02-02T00:00,4.7,75,5.9,1034.2
2025-02-02T01:00,3.1,76,6.5,1034.5
2025-02-02T02:00,2.2,78,6.3,1034.5
2025-02-02T03:00,0.9,80,6.1,1034.8
2025-02-02T04:00,0.0,79,6.1,1035.2
2025-02-02T05:00,-2.3,81,3.5,1035.0
2025-02-02T06:00,-3.0,81,4.0,1036.0
2025-02-02T07:00,-3.2,81,3.7,1035.6
2025-02-02T08:00,-4.5,81,2.8,1035.6
2025-02-02T09:00,-2.4,82,1.1,1036.4
2025-02-02T10:00,3.6,71,1.3,1035.7
2025-02-02T11:00,6.3,70,3.2,1035.5
2025-02-02T12:00,8.9,69,2.9,1034.3
2025-02-02T13:00,13.6,65,3.6,1032.2
2025-02-02T14:00,17.5,64,4.1,1030.4
2025-02-02T15:00,21.1,60,5.1,1028.7
2025-02-02T16:00,23.2,55,6.5,1027.7
2025-02-02T17:00,23.3,58,9.3,1026.6
2025-02-02T18:00,22.7,65,10.3,1025.4
2025-02-02T19:00,25.2,76,13.2,1024.0
2025-02-02T20:00,26.0,83,11.6,1023.6
2025-02-02T21:00,25.5,83,10.3,1023.0
2025-02-02T22:00,25.6,88,10.3,1023.0
2025-02-02T23:00,26.2,89,11.3,1022.3
2025-02-03T00:00,26.9,90,12.4,1021.4
2025-02-03T01:00,27.7,90,12.6,1020.5
2025-02-03T02:00,28.4,91,12.2,1019.9
2025-02-03T03:00,29.0,91,11.2,1019.1
2025-02-03T04:00,29.3,91,9.5,1019.0
2025-02-03T05:00,29.4,92,8.5,1018.8
2025-02-03T06:00,29.7,92,7.7,1018.9
2025-02-03T07:00,29.7,93,7.2,1018.7
2025-02-03T08:00,30.4,91,7.1,1017.9
2025-02-03T09:00,29.7,91,6.7,1018.7
2025-02-03T10:00,31.0,88,6.5,1018.7
2025-02-03T11:00,32.9,85,5.9,1018.2
2025-02-03T12:00,35.1,81,5.8,1016.6
2025-02-03T13:00,36.1,80,7.3,1015.3
2025-02-03T14:00,36.9,80,10.0,1013.7
2025-02-03T15:00,38.0,80,12.1,1012.4
2025-02-03T16:00,38.7,79,9.3,1010.8
2025-02-03T17:00,38.7,80,8.4,1011.6
2025-02-03T18:00,38.5,82,11.3,1009.8
2025-02-03T19:00,38.6,85,11.9,1008.3
2025-02-03T20:00,38.7,87,12.2,1007.3
2025-02-03T21:00,38.9,86,12.5,1006.4
2025-02-03T22:00,38.7,86,12.4,1005.9
2025-02-03T23:00,37.8,88,7.2,1006.0
2025-02-04T00:00,36.6,91,5.1,1005.8
2025-02-04T01:00,36.0,93,2.3,1006.4
2025-02-04T02:00,36.5,93,7.3,1006.7
2025-02-04T03:00,35.7,95,6.4,1007.2
2025-02-04T04:00,34.9,97,4.1,1007.2
2025-02-04T05:00,34.9,94,5.7,1007.6
2025-02-04T06:00,34.2,89,6.5,1008.0
2025-02-04T07:00,32.6,88,6.3,1008.4
2025-02-04T08:00,32.9,89,6.5,1009.2
2025-02-04T09:00,35.4,88,9.9,1009.6
2025-02-04T10:00,35.5,83,10.8,1010.9
2025-02-04T11:00,33.3,71,14.5,1012.3
2025-02-04T12:00,32.6,71,15.4,1013.3
2025-02-04T13:00,32.4,73,14.4,1013.7
2025-02-04T14:00,31.2,70,15.0,1014.6
2025-02-04T15:00,30.7,68,12.8,1014.9
2025-02-04T16:00,29.9,65,13.9,1016.0
2025-02-04T17:00,28.0,63,12.9,1017.3
2025-02-04T18:00,25.5,65,10.9,1018.9
2025-02-04T19:00,23.3,66,10.6,1020.5
2025-02-04T20:00,21.2,68,10.3,1021.5
2025-02-04T21:00,23.1,67,9.3,1021.9
2025-02-04T22:00,20.9,71,8.9,1022.9
2025-02-04T23:00,19.0,73,8.6,1023.5
2025-02-05T00:00,17.1,75,8.0,1024.1
2025-02-05T01:00,15.2,76,7.1,1024.9
2025-02-05T02:00,13.1,77,6.1,1025.1
2025-02-05T03:00,11.1,77,4.6,1025.7
2025-02-05T04:00,9.2,77,3.8,1026.2
2025-02-05T05:00,7.8,77,3.5,1026.4
2025-02-05T06:00,8.5,75,3.9,1027.2
2025-02-05T07:00,7.1,75,3.9,1028.1
2025-02-05T08:00,5.4,74,3.8,1028.8
2025-02-05T09:00,11.3,71,4.7,1029.3
2025-02-05T10:00,13.3,66,5.6,1030.2
2025-02-05T11:00,14.5,62,6.8,1030.5
2025-02-05T12:00,15.9,60,7.0,1030.6
2025-02-05T13:00,17.4,59,7.9,1029.8
2025-02-05T14:00,18.6,59,9.0,1029.2
2025-02-05T15:00,19.2,60,8.2,1028.5
2025-02-05T16:00,19.2,61,7.0,1028.1
2025-02-05T17:00,18.5,65,4.1,1028.1
2025-02-05T18:00,14.4,71,1.0,1028.2
2025-02-05T19:00,12.6,71,0.5,1028.6
2025-02-05T20:00,11.7,70,0.7,1029.1
2025-02-05T21:00,14.0,66,1.6,1028.7
2025-02-05T22:00,14.5,68,3.4,1028.4
2025-02-05T23:00,12.5,73,2.9,1028.1
2025-02-06T00:00,10.9,73,2.1,1027.9
2025-02-06T01:00,7.7,80,2.4,1026.9
2025-02-06T02:00,5.4,82,1.6,1026.2
2025-02-06T03:00,6.6,79,2.0,1025.7
2025-02-06T04:00,7.9,72,3.4,1024.8
2025-02-06T05:00,12.8,68,5.9,1023.1
2025-02-06T06:00,17.8,65,7.9,1022.0
2025-02-06T07:00,20.9,61,10.2,1020.7
2025-02-06T08:00,23.4,63,12.2,1018.8
2025-02-06T09:00,22.6,74,13.2,1017.7
2025-02-06T10:00,23.4,78,13.0,1016.2
2025-02-06T11:00,24.7,81,14.0,1014.4
2025-02-06T12:00,27.1,82,15.2,1013.0
2025-02-06T13:00,31.1,83,16.8,1010.4
2025-02-06T14:00,32.5,84,18.1,1008.2
2025-02-06T15:00,34.1,85,16.3,1006.9
2025-02-06T16:00,34.6,89,14.0,1005.5
2025-02-06T17:00,35.7,90,13.3,1004.7
2025-02-06T18:00,36.0,92,13.0,1003.8
2025-02-06T19:00,35.6,94,12.1,1004.3
2025-02-06T20:00,35.3,96,12.1,1004.4
2025-02-06T21:00,33.3,95,11.8,1004.1
2025-02-06T22:00,33.6,96,11.5,1004.0
2025-02-06T23:00,34.2,96,12.1,1003.4
2025-02-07T00:00,35.1,95,12.4,1003.1
2025-02-07T01:00,35.7,94,9.7,1002.9
2025-02-07T02:00,36.3,93,5.9,1003.4
2025-02-07T03:00,35.8,93,2.0,1003.6
2025-02-07T04:00,35.4,91,2.5,1003.5
2025-02-07T05:00,36.8,78,10.5,1003.6
2025-02-07T06:00,35.7,69,11.4,1004.1
2025-02-07T07:00,31.7,85,17.4,1006.7
2025-02-07T08:00,28.8,75,13.6,1008.3
2025-02-07T09:00,30.3,68,15.9,1009.2
2025-02-07T10:00,28.1,69,13.5,1010.7
2025-02-07T11:00,27.5,67,13.3,1011.8
2025-02-07T12:00,27.3,70,13.8,1012.8
2025-02-07T13:00,27.0,68,15.7,1012.9
2025-02-07T14:00,26.3,74,11.9,1013.0
2025-02-07T15:00,26.7,71,13.5,1014.0
2025-02-07T16:00,26.5,71,12.5,1015.2
2025-02-07T17:00,25.6,74,12.0,1016.5
2025-02-07T18:00,24.4,77,12.8,1017.8
2025-02-07T19:00,24.3,77,11.8,1018.9
2025-02-07T20:00,24.4,78,9.6,1019.5
2025-02-07T21:00,25.6,77,9.3,1020.1
2025-02-07T22:00,24.8,78,8.5,1020.7
2025-02-07T23:00,25.0,79,7.4,1021.0
2025-02-08T00:00,24.9,78,7.4,1021.1
2025-02-08T01:00,24.2,78,7.4,1021.8
2025-02-08T02:00,23.7,79,6.8,1022.4
2025-02-08T03:00,23.6,79,6.0,1022.5
2025-02-08T04:00,23.0,79,5.8,1022.7
2025-02-08T05:00,22.8,79,5.9,1022.8
2025-02-08T06:00,21.0,81,4.7,1023.3
2025-02-08T07:00,19.1,82,3.7,1023.8
2025-02-08T08:00,17.6,81,3.4,1024.0
2025-02-08T09:00,20.3,80,3.8,1024.6
2025-02-08T10:00,23.3,76,3.1,1024.7
2025-02-08T11:00,25.2,74,5.4,1025.0
2025-02-08T12:00,26.6,74,5.6,1024.6
2025-02-08T13:00,27.5,73,5.5,1023.5
2025-02-08T14:00,28.1,71,5.4,1022.8
2025-02-08T15:00,28.8,68,2.6,1021.6
2025-02-08T16:00,28.9,66,1.3,1020.9
2025-02-08T17:00,27.5,71,1.8,1021.6
2025-02-08T18:00,25.2,73,3.9,1020.2
2025-02-08T19:00,25.0,74,5.7,1019.4
2025-02-08T20:00,26.3,74,7.8,1018.0
2025-02-08T21:00,27.7,73,7.5,1016.8
2025-02-08T22:00,27.6,78,7.0,1016.8
2025-02-08T23:00,27.0,81,9.3,1014.9
2025-02-09T00:00,26.7,85,8.5,1013.7
2025-02-09T01:00,26.5,87,7.5,1012.1
2025-02-09T02:00,26.1,87,6.8,1010.8
2025-02-09T03:00,26.0,85,6.3,1009.4
2025-02-09T04:00,26.0,85,5.4,1008.5
2025-02-09T05:00,26.0,86,3.7,1007.5
2025-02-09T06:00,25.8,88,2.3,1007.8
2025-02-09T07:00,25.3,92,5.1,1008.8
2025-02-09T08:00,24.9,91,6.2,1009.1
2025-02-09T09:00,24.6,89,4.6,1012.3
2025-02-09T10:00,26.0,86,3.6,1013.1
2025-02-09T11:00,27.8,83,5.8,1014.6
2025-02-09T12:00,28.8,81,7.0,1015.5
2025-02-09T13:00,30.2,76,7.1,1015.6
2025-02-09T14:00,30.8,75,9.7,1015.8
2025-02-09T15:00,30.9,74,10.0,1016.5
2025-02-09T16:00,31.2,73,8.8,1017.0
2025-02-09T17:00,30.7,76,8.9,1018.5
2025-02-09T18:00,30.3,75,8.6,1019.2
2025-02-09T19:00,28.2,79,5.6,1020.0
2025-02-09T20:00,24.0,83,4.3,1020.5
2025-02-09T21:00,22.5,82,3.5,1020.9
2025-02-09T22:00,21.5,83,1.3,1021.6
2025-02-09T23:00,24.9,83,2.7,1021.9
2025-02-10T00:00,27.1,80,5.2,1022.2
2025-02-10T01:00,25.2,81,4.4,1022.6
2025-02-10T02:00,25.9,81,5.2,1022.8
2025-02-10T03:00,25.9,83,4.8,1023.0
2025-02-10T04:00,26.3,83,6.2,1023.2
2025-02-10T05:00,24.5,83,5.0,1023.5
2025-02-10T06:00,20.8,84,3.6,1023.8
2025-02-10T07:00,19.8,84,3.7,1024.1
2025-02-10T08:00,19.0,85,3.7,1024.9
2025-02-10T09:00,23.4,76,5.6,1025.5
2025-02-10T10:00,25.4,79,7.4,1025.7
2025-02-10T11:00,27.3,78,7.5,1026.0
2025-02-10T12:00,27.9,74,8.9,1026.2
2025-02-10T13:00,28.2,68,10.4,1025.9
2025-02-10T14:00,28.0,67,10.8,1025.6
2025-02-10T15:00,27.6,69,9.3,1025.4
2025-02-10T16:00,27.3,69,9.1,1025.5
2025-02-10T17:00,26.4,72,8.4,1026.1
2025-02-10T18:00,24.1,75,6.0,1026.5
2025-02-10T19:00,21.4,79,4.7,1026.9
2025-02-10T20:00,18.6,81,4.8,1027.3
2025-02-10T21:00,22.6,78,5.5,1027.7
2025-02-10T22:00,19.1,81,3.3,1027.8
2025-02-10T23:00,17.0,83,3.2,1027.8
2025-02-11T00:00,14.0,85,3.0,1027.7
2025-02-11T01:00,13.4,81,1.4,1027.8
2025-02-11T02:00,12.2,80,1.0,1027.7
2025-02-11T03:00,12.0,78,3.4,1027.5
2025-02-11T04:00,16.2,79,4.4,1027.6
2025-02-11T05:00,16.5,79,5.4,1027.6
2025-02-11T06:00,16.1,79,5.1,1027.7
2025-02-11T07:00,17.7,80,4.8,1027.5
2025-02-11T08:00,18.4,81,4.9,1027.7
2025-02-11T09:00,16.8,78,3.8,1028.3
2025-02-11T10:00,20.8,72,4.9,1027.9
2025-02-11T11:00,23.8,69,5.9,1027.6
2025-02-11T12:00,26.0,66,7.3,1027.1
2025-02-11T13:00,27.5,62,7.4,1025.9
2025-02-11T14:00,28.8,61,7.3,1024.5
2025-02-11T15:00,29.7,62,7.5,1023.6
2025-02-11T16:00,29.6,63,7.1,1022.9
2025-02-11T17:00,28.5,67,6.9,1023.0
2025-02-11T18:00,26.3,71,7.2,1023.0
2025-02-11T19:00,24.1,75,7.5,1023.7
2025-02-11T20:00,23.4,76,7.6,1023.9
2025-02-11T21:00,24.7,73,7.1,1023.1
2025-02-11T22:00,23.9,75,6.4,1023.5
2025-02-11T23:00,24.3,77,5.5,1023.3
2025-02-12T00:00,23.8,78,5.9,1023.4
2025-02-12T01:00,22.7,81,6.1,1023.3
2025-02-12T02:00,19.8,82,4.0,1023.1
2025-02-12T03:00,16.2,81,1.7,1023.4
2025-02-12T04:00,14.9,78,3.6,1023.4
2025-02-12T05:00,15.4,77,6.0,1023.2
2025-02-12T06:00,14.1,80,7.0,1023.8
2025-02-12T07:00,12.6,84,7.2,1024.8
2025-02-12T08:00,12.2,84,7.8,1025.0
2025-02-12T09:00,15.7,78,5.3,1025.3
2025-02-12T10:00,18.4,73,2.7,1026.2
2025-02-12T11:00,20.7,70,3.6,1027.0
2025-02-12T12:00,22.8,69,4.2,1026.9
2025-02-12T13:00,25.2,66,2.9,1025.8
2025-02-12T14:00,27.3,65,3.0,1024.6
2025-02-12T15:00,28.5,65,3.0,1024.0
2025-02-12T16:00,28.9,66,2.8,1024.2
2025-02-12T17:00,28.9,70,4.0,1024.6
2025-02-12T18:00,27.9,75,4.7,1024.5
2025-02-12T19:00,27.9,79,3.4,1024.8
2025-02-12T20:00,29.0,81,4.5,1024.9
2025-02-12T21:00,30.2,80,7.6,1023.5
2025-02-12T22:00,30.6,81,9.3,1023.3
2025-02-12T23:00,30.3,80,10.2,1022.1
2025-02-13T00:00,30.2,80,10.8,1020.8
2025-02-13T01:00,30.6,81,11.7,1020.0
2025-02-13T02:00,31.3,81,14.1,1018.3
2025-02-13T03:00,31.7,83,13.8,1017.7
2025-02-13T04:00,32.3,83,13.5,1016.6
2025-02-13T05:00,33.0,83,15.0,1014.8
2025-02-13T06:00,33.9,82,14.9,1013.1
2025-02-13T07:00,34.8,83,13.5,1012.3
2025-02-13T08:00,35.4,84,13.7,1011.1
2025-02-13T09:00,35.4,83,13.7,1009.7
2025-02-13T10:00,36.6,84,12.0,1007.9
2025-02-13T11:00,37.2,84,12.5,1006.5
2025-02-13T12:00,37.7,86,9.0,1005.5
2025-02-13T13:00,38.3,86,9.6,1004.7
2025-02-13T14:00,38.1,88,10.0,1003.6
2025-02-13T15:00,39.1,87,9.9,1002.6
2025-02-13T16:00,39.3,88,9.9,1003.2
2025-02-13T17:00,38.1,91,5.8,1004.7
2025-02-13T18:00,37.3,77,15.4,1008.0
2025-02-13T19:00,35.0,77,14.1,1010.4
2025-02-13T20:00,32.4,79,10.3,1012.7
2025-02-13T21:00,31.4,81,15.9,1014.2
2025-02-13T22:00,29.7,79,15.2,1015.2
2025-02-13T23:00,28.5,81,15.0,1016.0
2025-02-14T00:00,27.6,80,13.7,1016.9
2025-02-14T01:00,26.2,82,10.4,1018.4
2025-02-14T02:00,25.6,82,8.4,1020.1
2025-02-14T03:00,23.4,76,8.9,1021.7
2025-02-14T04:00,21.1,77,7.2,1023.0
2025-02-14T05:00,19.6,77,6.3,1023.8
2025-02-14T06:00,18.9,77,6.1,1025.1
2025-02-14T07:00,18.9,76,6.0,1026.2
2025-02-14T08:00,17.6,76,4.9,1027.3
2025-02-14T09:00,21.2,69,6.5,1028.6
2025-02-14T10:00,23.1,66,8.2,1029.6
2025-02-14T11:00,25.0,63,8.1,1030.2
2025-02-14T12:00,25.7,60,13.6,1030.9
2025-02-14T13:00,26.2,60,15.0,1031.4
2025-02-14T14:00,26.2,65,15.5,1030.8
2025-02-14T15:00,26.4,63,14.5,1030.8
2025-02-14T16:00,26.2,65,12.3,1031.4
2025-02-14T17:00,25.3,66,10.7,1032.4
2025-02-14T18:00,23.5,70,9.5,1033.2
2025-02-14T19:00,21.3,75,8.4,1034.0
2025-02-14T20:00,19.8,79,7.0,1034.2
2025-02-14T21:00,21.0,75,6.1,1033.2
2025-02-14T22:00,19.7,79,6.4,1032.7
2025-02-14T23:00,19.1,79,4.5,1032.6
2025-02-15T00:00,16.0,78,2.4,1033.2
2025-02-15T01:00,17.1,74,1.0,1033.7
2025-02-15T02:00,17.5,77,1.5,1033.6
2025-02-15T03:00,16.3,77,1.7,1033.5
2025-02-15T04:00,14.3,80,2.2,1032.9
2025-02-15T05:00,15.6,80,3.2,1032.5
2025-02-15T06:00,15.7,81,3.2,1032.7
2025-02-15T07:00,13.4,82,2.3,1031.6
2025-02-15T08:00,12.0,81,2.2,1031.3
2025-02-15T09:00,14.3,80,4.8,1030.8
2025-02-15T10:00,20.8,65,3.8,1030.1
2025-02-15T11:00,24.6,54,3.7,1029.8
2025-02-15T12:00,25.7,57,6.8,1028.7
2025-02-15T13:00,27.3,56,8.3,1027.2
2025-02-15T14:00,28.0,58,8.3,1026.4
2025-02-15T15:00,27.9,65,8.5,1024.6
2025-02-15T16:00,27.7,70,8.9,1022.9
2025-02-15T17:00,27.6,76,8.6,1022.1
2025-02-15T18:00,26.9,81,9.0,1021.5
2025-02-15T19:00,26.6,82,8.9,1021.1
2025-02-15T20:00,27.0,82,9.1,1020.4
2025-02-15T21:00,25.7,82,8.5,1019.2
2025-02-15T22:00,26.1,82,9.3,1017.7
2025-02-15T23:00,26.4,84,8.1,1017.1
2025-02-16T00:00,27.0,84,7.6,1015.8
2025-02-16T01:00,27.4,86,6.2,1014.9
2025-02-16T02:00,27.9,86,4.8,1013.8
2025-02-16T03:00,28.1,86,3.6,1012.5
2025-02-16T04:00,28.3,84,3.9,1010.8
2025-02-16T05:00,28.3,84,4.3,1009.5
2025-02-16T06:00,28.8,82,5.2,1007.1
2025-02-16T07:00,30.3,83,2.8,1005.4
2025-02-16T08:00,29.6,90,5.8,1002.8
2025-02-16T09:00,29.0,88,2.6,1002.5
2025-02-16T10:00,29.7,89,3.6,1000.6
2025-02-16T11:00,32.4,81,4.5,997.4
2025-02-16T12:00,34.0,80,8.2,994.0
2025-02-16T13:00,35.4,81,10.3,990.8
2025-02-16T14:00,37.0,79,17.0,988.2
2025-02-16T15:00,38.4,82,15.5,985.3
2025-02-16T16:00,38.7,82,8.5,983.9
2025-02-16T17:00,38.5,84,8.7,982.0
2025-02-16T18:00,37.1,89,2.2,980.9
2025-02-16T19:00,35.6,94,1.7,980.5
2025-02-16T20:00,35.6,94,4.5,981.4
2025-02-16T21:00,33.6,95,13.0,984.7
2025-02-16T22:00,28.7,81,17.6,988.3
2025-02-16T23:00,25.5,77,14.7,991.3
2025-02-17T00:00,24.4,77,11.8,992.1
2025-02-17T01:00,23.4,80,9.8,992.8
2025-02-17T02:00,22.8,82,8.3,993.5
2025-02-17T03:00,22.5,83,5.7,994.7
2025-02-17T04:00,21.6,83,4.4,995.4
2025-02-17T05:00,21.4,81,4.8,996.1
2025-02-17T06:00,20.4,81,9.6,997.6
2025-02-17T07:00,17.4,77,11.6,999.8
2025-02-17T08:00,15.6,76,11.1,1001.8
2025-02-17T09:00,18.8,74,11.4,1003.5
2025-02-17T10:00,18.1,74,12.0,1004.4
2025-02-17T11:00,19.2,75,8.1,1004.7
2025-02-17T12:00,20.2,73,14.7,1005.3
2025-02-17T13:00,21.2,68,16.9,1006.0
2025-02-17T14:00,22.0,69,14.9,1006.1
2025-02-17T15:00,21.6,70,13.8,1006.3
2025-02-17T16:00,21.6,70,14.4,1006.7
2025-02-17T17:00,21.7,71,16.1,1007.4
2025-02-17T18:00,20.6,65,17.1,1008.6
2025-02-17T19:00,18.7,62,16.2,1009.7
2025-02-17T20:00,17.4,63,15.4,1009.9
2025-02-17T21:00,17.5,56,14.9,1010.4
2025-02-17T22:00,16.1,59,14.4,1010.8
2025-02-17T23:00,15.2,62,13.2,1011.0
2025-02-18T00:00,14.1,63,13.1,1011.0
2025-02-18T01:00,13.5,65,12.6,1011.5
2025-02-18T02:00,12.7,66,11.0,1012.2
2025-02-18T03:00,12.0,67,10.0,1012.6
2025-02-18T04:00,11.7,69,10.2,1013.1
2025-02-18T05:00,11.4,70,9.6,1013.6
2025-02-18T06:00,11.4,71,9.8,1014.5
2025-02-18T07:00,11.1,72,8.8,1015.2
2025-02-18T08:00,10.7,72,8.5,1015.3
2025-02-18T09:00,13.3,66,8.5,1016.3
2025-02-18T10:00,14.9,69,9.7,1016.5
2025-02-18T11:00,15.7,68,12.4,1016.3
2025-02-18T12:00,16.2,69,15.6,1017.1
2025-02-18T13:00,17.1,67,13.8,1017.1
2025-02-18T14:00,18.1,66,15.4,1016.8
2025-02-18T15:00,18.4,63,16.7,1016.7
2025-02-18T16:00,18.6,65,15.2,1017.1
2025-02-18T17:00,18.3,66,12.5,1018.1
2025-02-18T18:00,17.1,69,9.1,1018.6
2025-02-18T19:00,16.4,70,8.6,1019.3
2025-02-18T20:00,16.4,71,8.8,1019.9
2025-02-18T21:00,17.7,70,8.4,1019.9
2025-02-18T22:00,18.2,74,11.0,1020.9
2025-02-18T23:00,17.8,73,11.8,1021.3
2025-02-19T00:00,17.1,74,12.0,1021.4
2025-02-19T01:00,16.5,75,10.8,1021.5
2025-02-19T02:00,16.1,75,11.3,1022.0
2025-02-19T03:00,15.7,75,9.7,1022.5
2025-02-19T04:00,15.0,73,9.7,1022.6
2025-02-19T05:00,13.5,70,9.2,1022.9
2025-02-19T06:00,10.2,72,6.3,1023.4
2025-02-19T07:00,6.1,74,4.2,1023.7
2025-02-19T08:00,3.8,72,3.8,1024.3
2025-02-19T09:00,9.5,65,6.6,1024.6
2025-02-19T10:00,11.4,62,5.4,1025.4
2025-02-19T11:00,12.8,58,6.8,1025.6
2025-02-19T12:00,14.6,60,7.1,1025.6
2025-02-19T13:00,16.2,61,9.4,1024.8
2025-02-19T14:00,17.4,63,10.3,1023.9
2025-02-19T15:00,18.3,63,11.9,1023.5
2025-02-19T16:00,19.1,65,10.6,1023.2
2025-02-19T17:00,19.0,68,8.4,1022.9
2025-02-19T18:00,18.0,70,8.6,1022.5
2025-02-19T19:00,16.3,71,8.7,1022.6
2025-02-19T20:00,15.2,73,9.1,1022.8
2025-02-19T21:00,16.0,72,9.0,1022.1
2025-02-19T22:00,14.8,74,7.5,1022.2
2025-02-19T23:00,13.1,76,5.3,1022.0
2025-02-20T00:00,11.4,78,4.9,1021.4
2025-02-20T01:00,9.8,79,4.5,1021.2
2025-02-20T02:00,7.1,81,3.9,1020.7
2025-02-20T03:00,6.3,82,4.3,1020.2
2025-02-20T04:00,6.2,82,5.2,1019.1
2025-02-20T05:00,5.1,82,4.5,1018.5
2025-02-20T06:00,3.6,81,3.8,1018.3
2025-02-20T07:00,3.0,81,5.4,1017.8
2025-02-20T08:00,2.4,82,6.5,1017.0
2025-02-20T09:00,6.3,76,6.3,1017.0
2025-02-20T10:00,8.7,71,5.1,1016.6
2025-02-20T11:00,11.6,68,5.4,1015.9
2025-02-20T12:00,13.7,64,6.0,1015.0
2025-02-20T13:00,15.3,62,5.5,1014.5
2025-02-20T14:00,17.2,60,4.9,1013.5
2025-02-20T15:00,19.1,58,4.4,1012.6
2025-02-20T16:00,20.6,58,4.6,1011.8
2025-02-20T17:00,20.9,60,3.8,1011.7
2025-02-20T18:00,18.9,69,2.7,1011.5
2025-02-20T19:00,16.4,70,3.1,1011.6
2025-02-20T20:00,17.5,71,4.3,1012.1
2025-02-20T21:00,17.9,76,7.7,1012.2
2025-02-20T22:00,16.2,75,6.6,1013.1
2025-02-20T23:00,14.8,77,7.9,1013.8
2025-02-21T00:00,14.8,79,9.6,1014.3
2025-02-21T01:00,15.7,77,9.3,1014.6
2025-02-21T02:00,15.9,77,9.2,1015.0
2025-02-21T03:00,16.2,78,9.2,1015.3
2025-02-21T04:00,16.1,77,9.7,1015.8
2025-02-21T05:00,15.9,78,9.2,1016.4
2025-02-21T06:00,15.5,78,9.3,1017.2
2025-02-21T07:00,15.2,78,9.1,1017.9
2025-02-21T08:00,14.8,78,9.2,1018.9
2025-02-21T09:00,15.3,73,10.6,1020.4
2025-02-21T10:00,16.2,71,11.1,1021.2
2025-02-21T11:00,17.1,68,13.2,1021.5
2025-02-21T12:00,18.2,66,13.0,1021.9
2025-02-21T13:00,19.4,65,13.9,1022.0
2025-02-21T14:00,20.5,66,14.3,1021.4
2025-02-21T15:00,21.4,67,14.0,1021.4
2025-02-21T16:00,20.6,72,11.5,1022.0
2025-02-21T17:00,19.5,76,11.1,1022.5
2025-02-21T18:00,18.6,76,12.7,1023.2
2025-02-21T19:00,16.9,78,10.5,1024.3
2025-02-21T20:00,15.7,79,9.6,1025.3
2025-02-21T21:00,15.6,76,8.4,1026.3
2025-02-21T22:00,15.0,76,7.6,1026.8
2025-02-21T23:00,15.5,76,7.5,1027.0
2025-02-22T00:00,15.1,76,6.5,1026.8
2025-02-22T01:00,12.6,77,4.6,1026.6
2025-02-22T02:00,9.9,80,4.3,1026.3
2025-02-22T03:00,10.5,82,4.8,1026.5
2025-02-22T04:00,10.2,83,5.2,1026.6
2025-02-22T05:00,7.9,83,4.5,1026.8
2025-02-22T06:00,6.4,84,3.2,1026.9
2025-02-22T07:00,6.3,83,2.0,1026.9
2025-02-22T08:00,6.3,82,1.8,1027.0
2025-02-22T09:00,11.7,71,3.0,1027.1
2025-02-22T10:00,17.9,66,3.5,1026.8
2025-02-22T11:00,20.9,71,4.2,1026.2
2025-02-22T12:00,23.9,71,1.8,1025.3
2025-02-22T13:00,27.1,67,2.8,1024.1
2025-02-22T14:00,30.4,63,5.8,1022.4
2025-02-22T15:00,32.4,59,3.5,1021.2
2025-02-22T16:00,32.4,59,4.3,1020.2
2025-02-22T17:00,29.6,68,8.1,1019.9
2025-02-22T18:00,27.6,70,5.7,1019.1
2025-02-22T19:00,26.6,71,6.6,1018.8
2025-02-22T20:00,26.6,71,6.3,1018.9
2025-02-22T21:00,26.5,69,7.5,1018.4
2025-02-22T22:00,26.1,73,8.8,1017.8
2025-02-22T23:00,26.1,76,9.9,1017.5
2025-02-23T00:00,26.0,78,9.5,1017.0
2025-02-23T01:00,24.7,79,8.5,1016.5
2025-02-23T02:00,25.2,80,5.6,1016.7
2025-02-23T03:00,25.4,82,4.6,1016.4
2025-02-23T04:00,25.5,82,2.9,1016.2
2025-02-23T05:00,25.8,80,1.4,1016.0
2025-02-23T06:00,26.3,76,1.0,1016.1
2025-02-23T07:00,25.8,77,3.4,1016.4
2025-02-23T08:00,24.7,77,4.0,1016.7
2025-02-23T09:00,27.0,70,3.3,1017.1
2025-02-23T10:00,29.7,67,4.9,1017.5
2025-02-23T11:00,31.4,70,6.8,1017.3
2025-02-23T12:00,32.5,72,9.5,1017.3
2025-02-23T13:00,33.2,72,10.4,1017.1
2025-02-23T14:00,33.9,71,10.4,1017.1
2025-02-23T15:00,34.2,73,9.5,1016.8
2025-02-23T16:00,34.0,75,6.9,1016.7
2025-02-23T17:00,33.6,76,4.9,1016.3
2025-02-23T18:00,30.2,81,4.1,1016.4
2025-02-23T19:00,29.3,83,5.7,1017.2
2025-02-23T20:00,29.2,84,5.9,1018.0
2025-02-23T21:00,28.5,79,4.1,1018.2
2025-02-23T22:00,27.0,78,2.3,1018.2
2025-02-23T23:00,27.2,78,0.9,1018.4
2025-02-24T00:00,26.8,79,0.3,1018.3
2025-02-24T01:00,27.0,81,1.2,1018.1
2025-02-24T02:00,27.4,83,2.7,1018.1
2025-02-24T03:00,27.9,84,2.8,1017.9
2025-02-24T04:00,29.1,83,3.3,1017.7
2025-02-24T05:00,28.6,83,3.8,1017.2
2025-02-24T06:00,28.4,85,5.3,1017.7
2025-02-24T07:00,28.6,85,6.3,1017.4
2025-02-24T08:00,28.7,84,6.1,1017.4
2025-02-24T09:00,30.6,79,6.2,1017.6
2025-02-24T10:00,34.2,75,7.5,1017.3
2025-02-24T11:00,36.3,70,10.5,1016.5
2025-02-24T12:00,38.0,65,13.3,1015.3
2025-02-24T13:00,39.6,62,13.9,1014.0
2025-02-24T14:00,40.7,61,15.3,1012.0
2025-02-24T15:00,41.4,59,15.1,1011.0
2025-02-24T16:00,41.6,60,15.8,1009.7
2025-02-24T17:00,41.4,61,16.2,1008.9
2025-02-24T18:00,40.8,66,15.7,1008.5
2025-02-24T19:00,40.4,68,16.3,1008.4
2025-02-24T20:00,39.8,68,16.5,1008.3
2025-02-24T21:00,39.5,65,17.5,1007.5
2025-02-24T22:00,38.9,67,17.1,1008.1
2025-02-24T23:00,38.9,69,16.5,1008.0
2025-02-25T00:00,38.1,72,16.0,1007.8
2025-02-25T01:00,37.6,75,14.8,1007.8
2025-02-25T02:00,37.1,76,13.3,1007.9
2025-02-25T03:00,36.1,78,11.9,1007.7
2025-02-25T04:00,35.2,80,10.9,1007.5
2025-02-25T05:00,35.4,81,10.2,1006.9
2025-02-25T06:00,35.6,82,9.4,1007.0
2025-02-25T07:00,35.1,84,8.4,1007.6
2025-02-25T08:00,35.3,84,8.3,1007.7
2025-02-25T09:00,37.5,78,8.2,1007.6
2025-02-25T10:00,38.6,76,8.1,1007.5
2025-02-25T11:00,41.4,69,6.8,1006.9
2025-02-25T12:00,43.2,65,5.0,1006.0
2025-02-25T13:00,43.4,66,3.7,1005.2
2025-02-25T14:00,44.1,65,3.5,1004.3
2025-02-25T15:00,42.3,69,2.1,1003.5
2025-02-25T16:00,39.2,79,3.6,1004.2
2025-02-25T17:00,39.0,81,4.3,1004.6
2025-02-25T18:00,38.7,85,2.1,1004.6
2025-02-25T19:00,37.9,89,3.1,1004.8
2025-02-25T20:00,36.9,91,1.2,1005.1
2025-02-25T21:00,37.4,86,1.0,1005.4
2025-02-25T22:00,35.2,89,1.2,1006.0
2025-02-25T23:00,34.4,91,0.6,1005.6
2025-02-26T00:00,35.9,95,1.0,1006.0
2025-02-26T01:00,34.7,99,2.1,1006.1
2025-02-26T02:00,34.1,98,1.1,1006.3
2025-02-26T03:00,36.2,93,5.2,1006.5
2025-02-26T04:00,36.5,95,8.1,1006.8
2025-02-26T05:00,36.0,96,7.6,1006.8
2025-02-26T06:00,35.9,96,6.7,1007.2
2025-02-26T07:00,35.2,96,6.6,1007.8
2025-02-26T08:00,35.2,95,6.8,1008.6
2025-02-26T09:00,37.1,93,6.2,1008.7
2025-02-26T10:00,37.9,92,8.9,1009.4
2025-02-26T11:00,38.2,89,11.2,1010.0
2025-02-26T12:00,39.0,82,10.9,1010.5
2025-02-26T13:00,39.6,75,11.4,1011.3
2025-02-26T14:00,39.5,69,10.4,1011.1
2025-02-26T15:00,39.5,67,10.7,1011.4
2025-02-26T16:00,39.4,67,10.0,1012.2
2025-02-26T17:00,38.8,70,8.2,1012.7
2025-02-26T18:00,36.9,74,8.1,1013.7
2025-02-26T19:00,34.8,76,5.5,1014.3
2025-02-26T20:00,33.5,78,3.7,1014.9
2025-02-26T21:00,33.3,72,2.6,1014.3
2025-02-26T22:00,32.7,73,2.9,1014.4
2025-02-26T23:00,32.4,71,1.4,1015.0
2025-02-27T00:00,32.5,71,2.8,1014.5
2025-02-27T01:00,30.4,78,2.8,1014.3
2025-02-27T02:00,30.4,86,3.3,1013.2
2025-02-27T03:00,31.6,85,3.8,1013.1
2025-02-27T04:00,33.5,86,5.5,1012.6
2025-02-27T05:00,34.6,91,6.8,1011.3
2025-02-27T06:00,35.8,92,6.4,1010.2
2025-02-27T07:00,36.7,90,4.7,1008.6
2025-02-27T08:00,37.4,87,8.7,1007.5
2025-02-27T09:00,37.8,87,9.2,1006.8
2025-02-27T10:00,38.2,88,10.7,1005.6
2025-02-27T11:00,38.6,89,12.5,1003.7
2025-02-27T12:00,39.9,89,10.3,1001.9
2025-02-27T13:00,40.7,90,9.9,1000.3
2025-02-27T14:00,42.2,91,13.5,998.6
2025-02-27T15:00,44.6,83,13.8,997.6
2025-02-27T16:00,46.4,77,10.8,997.2
2025-02-27T17:00,48.9,72,11.3,997.1
2025-02-27T18:00,46.6,79,10.1,997.3
2025-02-27T19:00,44.1,84,6.9,998.2
2025-02-27T20:00,41.2,91,9.8,999.9
2025-02-27T21:00,38.2,94,5.6,1001.2
2025-02-27T22:00,36.6,96,4.7,1001.4
2025-02-27T23:00,35.1,95,4.6,1000.9
2025-02-28T00:00,36.4,92,4.6,1000.5
2025-02-28T01:00,36.5,89,3.9,1000.2
2025-02-28T02:00,35.3,88,3.9,999.7
2025-02-28T03:00,36.0,87,6.6,1000.0
2025-02-28T04:00,34.6,88,4.8,999.9
2025-02-28T05:00,33.8,86,4.0,999.8
2025-02-28T06:00,34.3,88,7.5,1000.4
2025-02-28T07:00,34.4,89,12.4,1001.4
2025-02-28T08:00,33.4,86,13.4,1002.6
2025-02-28T09:00,34.6,80,13.2,1003.3
2025-02-28T10:00,35.4,67,14.6,1004.2
2025-02-28T11:00,34.3,54,14.1,1005.1
2025-02-28T12:00,33.6,49,14.1,1006.0
2025-02-28T13:00,33.5,50,12.8,1006.3
2025-02-28T14:00,33.7,50,11.7,1005.8
2025-02-28T15:00,34.0,50,10.7,1005.9
2025-02-28T16:00,33.2,52,8.7,1006.1
2025-02-28T17:00,32.6,55,6.0,1005.9
2025-02-28T18:00,31.5,59,3.9,1006.0
2025-02-28T19:00,29.5,69,6.3,1005.7
2025-02-28T20:00,29.7,70,7.1,1004.9
2025-02-28T21:00,31.3,60,8.0,1003.0
2025-02-28T22:00,33.3,54,8.5,1002.6
2025-02-28T23:00,35.0,53,10.6,1002.8
2025-03-01T00:00,37.0,52,16.1,1000.9
2025-03-01T01:00,38.7,53,17.9,999.1
2025-03-01T02:00,39.4,55,16.8,998.2
2025-03-01T03:00,40.3,54,17.0,997.3
2025-03-01T04:00,38.5,62,15.8,996.5
2025-03-01T05:00,39.0,60,14.5,996.0
2025-03-01T06:00,38.6,63,14.5,995.8
2025-03-01T07:00,38.7,64,13.6,995.5
2025-03-01T08:00,38.8,65,13.2,995.4
2025-03-01T09:00,40.2,71,13.2,995.4
2025-03-01T10:00,42.5,67,8.1,995.1
2025-03-01T11:00,42.7,74,7.9,994.7
2025-03-01T12:00,45.8,68,5.2,994.3
2025-03-01T13:00,39.7,82,14.7,996.2
2025-03-01T14:00,34.9,78,14.9,997.4
2025-03-01T15:00,31.8,77,11.6,998.6
2025-03-01T16:00,28.3,71,11.8,1000.4
2025-03-01T17:00,26.1,66,12.9,1001.9
2025-03-01T18:00,24.1,68,15.5,1003.3
2025-03-01T19:00,22.1,65,16.4,1004.7
2025-03-01T20:00,20.9,67,15.9,1006.1
2025-03-01T21:00,21.4,71,12.8,1008.3
2025-03-01T22:00,19.2,68,13.6,1009.3
2025-03-01T23:00,18.9,68,11.7,1009.7
2025-03-02T00:00,18.6,68,12.8,1009.9
2025-03-02T01:00,17.8,64,13.4,1010.4
2025-03-02T02:00,15.7,55,15.5,1011.5
2025-03-02T03:00,12.9,59,11.9,1012.2
2025-03-02T04:00,11.6,58,11.0,1012.8
2025-03-02T05:00,10.2,57,10.5,1013.5
2025-03-02T06:00,8.6,59,9.0,1014.8
2025-03-02T07:00,7.2,59,8.3,1016.0
2025-03-02T08:00,6.5,56,7.8,1017.2
2025-03-02T09:00,11.1,58,9.6,1017.7
2025-03-02T10:00,11.4,59,11.7,1018.5
2025-03-02T11:00,12.5,57,13.4,1018.8
2025-03-02T12:00,13.6,56,14.2,1018.9
2025-03-02T13:00,14.8,56,14.4,1018.8
2025-03-02T14:00,15.8,56,14.5,1018.6
2025-03-02T15:00,17.8,47,13.2,1018.2
2025-03-02T16:00,17.4,48,13.1,1018.5
2025-03-02T17:00,16.5,50,12.6,1018.7
2025-03-02T18:00,15.2,57,11.6,1019.4
2025-03-02T19:00,13.3,64,9.3,1020.4
2025-03-02T20:00,12.9,65,8.1,1021.0
2025-03-02T21:00,15.3,60,8.7,1020.9
2025-03-02T22:00,14.5,63,6.7,1021.5
2025-03-02T23:00,14.4,64,6.7,1021.7
2025-03-03T00:00,13.6,65,5.6,1021.7
2025-03-03T01:00,12.2,67,5.4,1021.9
2025-03-03T02:00,11.2,68,4.6,1022.4
2025-03-03T03:00,10.0,69,4.9,1022.1
2025-03-03T04:00,9.3,68,5.2,1022.2
2025-03-03T05:00,9.0,67,4.2,1022.3
2025-03-03T06:00,9.0,67,3.0,1022.7
2025-03-03T07:00,8.9,65,2.3,1023.1
2025-03-03T08:00,9.4,63,2.6,1023.7
2025-03-03T09:00,15.1,55,2.9,1024.1
2025-03-03T10:00,18.3,51,2.9,1024.2
2025-03-03T11:00,21.6,47,4.2,1024.0
2025-03-03T12:00,24.8,41,5.2,1023.7
2025-03-03T13:00,27.4,39,6.5,1023.2
2025-03-03T14:00,29.0,38,7.6,1022.3
2025-03-03T15:00,30.6,36,9.5,1021.6
2025-03-03T16:00,30.6,42,9.9,1021.4
2025-03-03T17:00,29.8,43,8.8,1021.1
2025-03-03T18:00,28.1,49,7.0,1021.5
2025-03-03T19:00,25.5,58,4.4,1022.1
2025-03-03T20:00,24.2,61,2.6,1022.2
2025-03-03T21:00,26.0,50,0.3,1021.6
2025-03-03T22:00,26.5,47,1.6,1021.6
2025-03-03T23:00,26.6,51,2.5,1021.5
2025-03-04T00:00,25.5,52,4.5,1021.3
2025-03-04T01:00,25.1,55,7.0,1020.9
2025-03-04T02:00,24.9,57,8.1,1020.9
2025-03-04T03:00,25.3,55,8.6,1020.8
2025-03-04T04:00,25.8,54,8.6,1020.8
2025-03-04T05:00,25.8,53,9.4,1020.4
2025-03-04T06:00,25.3,54,8.7,1020.4
2025-03-04T07:00,25.2,56,9.1,1020.2
2025-03-04T08:00,26.5,57,9.7,1020.2
2025-03-04T09:00,31.5,52,10.4,1020.1
2025-03-04T10:00,36.2,44,10.7,1019.9
2025-03-04T11:00,40.7,38,11.5,1019.2
2025-03-04T12:00,40.5,39,11.5,1018.4
2025-03-04T13:00,43.4,37,11.5,1017.7
2025-03-04T14:00,43.9,40,11.7,1017.1
2025-03-04T15:00,46.3,40,12.1,1015.6
2025-03-04T16:00,47.5,43,11.3,1014.7
2025-03-04T17:00,49.6,42,11.6,1014.0
2025-03-04T18:00,47.8,47,12.8,1013.5
2025-03-04T19:00,46.6,51,14.1,1012.7
2025-03-04T20:00,45.0,59,14.6,1014.1
2025-03-04T21:00,43.9,62,14.7,1013.7
2025-03-04T22:00,43.2,67,13.2,1013.6
2025-03-04T23:00,42.3,71,13.3,1012.7
2025-03-05T00:00,41.7,73,14.1,1012.5
2025-03-05T01:00,41.4,72,14.0,1012.1
2025-03-05T02:00,41.4,70,13.0,1012.6
2025-03-05T03:00,41.3,68,12.1,1011.6
2025-03-05T04:00,41.2,68,12.2,1010.9
2025-03-05T05:00,41.5,69,13.4,1010.2
2025-03-05T06:00,42.5,71,13.7,1009.9
2025-03-05T07:00,43.2,74,13.5,1009.7
2025-03-05T08:00,44.3,76,13.7,1009.5
2025-03-05T09:00,44.4,88,16.2,1008.6
2025-03-05T10:00,45.9,89,16.2,1007.7
2025-03-05T11:00,48.2,86,15.5,1006.5
2025-03-05T12:00,50.1,85,13.8,1005.7
2025-03-05T13:00,52.0,84,14.1,1004.5
2025-03-05T14:00,55.2,75,16.5,1002.7
2025-03-05T15:00,55.5,79,18.9,1001.0
2025-03-05T16:00,54.5,81,18.6,999.7
2025-03-05T17:00,51.9,94,18.6,999.1
2025-03-05T18:00,51.0,94,18.2,998.4
2025-03-05T19:00,50.6,94,20.7,996.8
2025-03-05T20:00,50.8,94,18.4,996.5
2025-03-05T21:00,50.5,94,15.4,994.7
2025-03-05T22:00,50.7,94,19.9,992.7
2025-03-05T23:00,50.7,95,17.7,991.2
2025-03-06T00:00,50.6,94,15.2,989.3
2025-03-06T01:00,50.4,94,13.4,988.5
2025-03-06T02:00,50.1,95,13.8,987.9
2025-03-06T03:00,49.6,96,12.3,987.0
2025-03-06T04:00,49.4,97,10.6,986.3
2025-03-06T05:00,49.1,98,9.8,986.2
2025-03-06T06:00,48.2,100,8.3,986.6
2025-03-06T07:00,46.4,100,6.0,987.9
2025-03-06T08:00,42.9,95,6.8,989.0
2025-03-06T09:00,45.0,86,3.0,989.9
2025-03-06T10:00,45.3,82,4.1,990.3
2025-03-06T11:00,46.7,75,7.2,990.7
2025-03-06T12:00,47.8,68,9.2,991.0
2025-03-06T13:00,47.7,63,10.0,990.7
2025-03-06T14:00,47.1,60,13.0,990.3
2025-03-06T15:00,44.4,64,13.1,990.5
2025-03-06T16:00,43.2,58,11.7,991.4
2025-03-06T17:00,40.4,61,11.5,992.1
2025-03-06T18:00,38.6,58,13.0,993.2
2025-03-06T19:00,35.4,62,13.4,994.3
2025-03-06T20:00,33.4,64,12.0,995.2
2025-03-06T21:00,32.3,71,10.5,996.0
2025-03-06T22:00,30.6,72,13.0,996.5
2025-03-06T23:00,30.2,71,12.5,996.5
2025-03-07T00:00,29.4,72,13.7,996.6
2025-03-07T01:00,28.4,66,15.2,996.8
2025-03-07T02:00,26.7,60,15.8,997.8
2025-03-07T03:00,26.1,63,14.0,998.2
2025-03-07T04:00,26.1,65,12.1,998.3
2025-03-07T05:00,26.5,67,13.2,998.6
2025-03-07T06:00,27.2,67,12.3,998.9
2025-03-07T07:00,26.8,65,15.0,999.7
2025-03-07T08:00,26.5,66,14.3,1000.2
2025-03-07T09:00,31.3,57,12.4,1000.8
2025-03-07T10:00,33.3,58,19.3,1000.7
2025-03-07T11:00,34.3,56,20.6,1000.1
2025-03-07T12:00,35.4,59,19.8,999.6
2025-03-07T13:00,37.7,48,20.4,999.2
2025-03-07T14:00,38.2,44,22.3,999.3
2025-03-07T15:00,37.5,46,23.0,999.5
2025-03-07T16:00,36.0,49,21.8,1000.2
2025-03-07T17:00,33.5,55,20.8,1000.8
2025-03-07T18:00,32.2,53,17.4,1001.5
2025-03-07T19:00,30.5,57,16.4,1002.5
2025-03-07T20:00,29.7,62,13.1,1003.1
2025-03-07T21:00,31.0,57,10.3,1002.4
2025-03-07T22:00,30.4,59,9.6,1002.9
2025-03-07T23:00,29.6,61,7.5,1003.2
2025-03-08T00:00,28.7,63,5.6,1002.7
2025-03-08T01:00,29.1,61,7.0,1002.2
2025-03-08T02:00,29.2,58,6.4,1001.6
2025-03-08T03:00,28.6,60,5.0,1001.0
2025-03-08T04:00,28.0,62,4.7,999.9
2025-03-08T05:00,27.9,61,4.8,999.0
2025-03-08T06:00,26.0,64,2.9,999.1
2025-03-08T07:00,28.8,61,7.7,999.3
2025-03-08T08:00,30.3,69,10.6,999.7
2025-03-08T09:00,33.3,60,15.9,999.8
2025-03-08T10:00,33.0,51,16.4,1000.4
2025-03-08T11:00,33.0,40,17.6,1001.1
2025-03-08T12:00,32.7,40,17.4,1001.5
2025-03-08T13:00,32.9,39,19.6,1001.9
2025-03-08T14:00,32.4,44,19.4,1001.8
2025-03-08T15:00,31.9,47,18.7,1002.1
2025-03-08T16:00,31.3,52,20.6,1002.9
2025-03-08T17:00,29.7,57,18.8,1004.1
2025-03-08T18:00,28.2,63,15.1,1005.2
2025-03-08T19:00,27.8,63,14.0,1006.1
2025-03-08T20:00,27.0,66,13.5,1007.0
2025-03-08T21:00,29.3,60,13.1,1007.0
2025-03-08T22:00,28.9,62,13.4,1007.8
2025-03-08T23:00,28.8,64,13.5,1008.5
2025-03-09T00:00,28.7,67,14.1,1008.6
2025-03-09T01:00,28.7,69,12.9,1008.5
2025-03-09T02:00,28.5,72,10.7,1008.7
2025-03-09T03:00,28.0,75,8.0,1009.2
2025-03-09T04:00,28.8,76,7.5,1009.4
2025-03-09T05:00,29.5,72,7.7,1009.8
2025-03-09T06:00,28.0,72,5.8,1009.6
2025-03-09T07:00,26.9,72,2.9,1009.8
2025-03-09T08:00,28.0,66,4.0,1009.9
2025-03-09T09:00,32.2,51,5.7,1009.9
2025-03-09T10:00,34.9,45,6.2,1009.0
2025-03-09T11:00,38.3,40,6.6,1008.5
2025-03-09T12:00,39.0,41,9.2,1008.5
2025-03-09T13:00,40.2,44,9.4,1007.7
2025-03-09T14:00,42.4,42,10.7,1006.5
2025-03-09T15:00,41.1,56,10.4,1006.7
2025-03-09T16:00,43.2,52,14.9,1006.7
2025-03-09T17:00,41.7,54,12.5,1007.2
2025-03-09T18:00,38.7,50,11.9,1008.2
2025-03-09T19:00,34.4,58,6.0,1008.8
2025-03-09T20:00,31.3,66,3.8,1009.4
2025-03-09T21:00,33.0,53,0.7,1009.0
2025-03-09T22:00,34.2,51,0.3,1008.9
2025-03-09T23:00,32.7,56,2.9,1008.7
2025-03-10T00:00,35.1,54,5.9,1007.9
2025-03-10T01:00,35.8,54,7.9,1007.0
2025-03-10T02:00,35.5,53,10.5,1006.2
2025-03-10T03:00,35.1,52,11.3,1005.0
2025-03-10T04:00,34.2,54,9.6,1005.0
2025-03-10T05:00,32.7,61,8.0,1005.1
2025-03-10T06:00,32.4,67,5.5,1005.8
2025-03-10T07:00,33.6,68,3.6,1006.2
2025-03-10T08:00,35.6,68,3.1,1006.9
2025-03-10T09:00,44.6,50,5.4,1007.3
2025-03-10T10:00,48.6,48,8.1,1008.1
2025-03-10T11:00,50.6,43,9.5,1008.8
2025-03-10T12:00,52.1,38,8.2,1009.1
2025-03-10T13:00,53.4,36,7.3,1009.0
2025-03-10T14:00,54.4,34,7.4,1008.5
2025-03-10T15:00,54.5,35,7.5,1008.0
2025-03-10T16:00,54.0,37,7.9,1007.8
2025-03-10T17:00,52.3,42,7.1,1007.9
2025-03-10T18:00,47.7,54,3.7,1008.2
2025-03-10T19:00,40.0,62,4.1,1008.5
2025-03-10T20:00,40.0,63,4.3,1009.0
2025-03-10T21:00,41.4,55,3.2,1008.9
2025-03-10T22:00,37.5,63,3.1,1008.7
2025-03-10T23:00,33.8,71,3.2,1008.2
2025-03-11T00:00,34.0,65,3.1,1007.9
2025-03-11T01:00,35.9,55,4.4,1007.2
2025-03-11T02:00,39.6,53,7.2,1006.7
2025-03-11T03:00,40.3,61,8.7,1006.1
2025-03-11T04:00,39.7,72,9.2,1005.8
2025-03-11T05:00,40.5,76,10.1,1005.5
2025-03-11T06:00,40.1,79,10.1,1005.4
2025-03-11T07:00,39.6,79,10.2,1005.5
2025-03-11T08:00,41.1,74,10.4,1005.2
2025-03-11T09:00,45.1,60,11.1,1005.8
2025-03-11T10:00,49.9,52,11.8,1005.2
2025-03-11T11:00,54.9,45,12.1,1004.3
2025-03-11T12:00,59.8,38,14.1,1003.0
2025-03-11T13:00,62.1,34,16.7,1001.8
2025-03-11T14:00,63.0,33,18.3,1000.9
2025-03-11T15:00,63.6,35,18.1,999.8
2025-03-11T16:00,64.8,33,16.9,999.4
2025-03-11T17:00,63.3,36,14.9,999.7
2025-03-11T18:00,60.2,40,14.0,1000.4
2025-03-11T19:00,54.7,52,9.5,1003.6
2025-03-11T20:00,48.4,58,6.8,1005.3
2025-03-11T21:00,50.2,45,9.2,1004.8
2025-03-11T22:00,46.1,45,8.7,1006.4
2025-03-11T23:00,42.3,54,7.7,1007.8
2025-03-12T00:00,38.9,65,7.6,1009.1
2025-03-12T01:00,36.4,72,9.0,1010.0
2025-03-12T02:00,34.2,78,7.3,1010.7
2025-03-12T03:00,32.3,85,7.0,1011.5
2025-03-12T04:00,31.4,86,8.1,1012.0
2025-03-12T05:00,30.5,86,8.0,1013.1
2025-03-12T06:00,29.8,83,9.0,1014.1
2025-03-12T07:00,28.0,79,9.3,1015.2
2025-03-12T08:00,27.2,74,9.2,1016.4
2025-03-12T09:00,33.1,48,10.6,1016.2
2025-03-12T10:00,34.2,46,9.7,1016.9
2025-03-12T11:00,36.0,42,8.5,1017.3
2025-03-12T12:00,37.8,37,8.1,1016.9
2025-03-12T13:00,38.6,35,7.6,1016.6
2025-03-12T14:00,39.8,33,7.2,1016.0
2025-03-12T15:00,40.2,31,7.1,1015.6
2025-03-12T16:00,41.0,30,6.9,1015.4
2025-03-12T17:00,40.5,29,8.5,1015.0
2025-03-12T18:00,38.7,33,7.0,1015.5
2025-03-12T19:00,36.9,35,6.5,1016.4
2025-03-12T20:00,34.9,37,6.1,1016.8
2025-03-12T21:00,35.5,32,7.3,1017.1
2025-03-12T22:00,35.1,37,3.7,1017.1
2025-03-12T23:00,34.0,52,0.7,1017.1
2025-03-13T00:00,33.3,52,0.8,1016.9
2025-03-13T01:00,33.2,57,1.3,1017.0
2025-03-13T02:00,33.6,53,2.1,1016.8
2025-03-13T03:00,34.2,54,2.7,1016.4
2025-03-13T04:00,35.2,54,3.3,1016.2
2025-03-13T05:00,35.8,52,3.4,1016.4
2025-03-13T06:00,35.9,53,4.2,1016.9
2025-03-13T07:00,34.8,56,4.2,1017.3
2025-03-13T08:00,36.1,54,5.1,1017.5
2025-03-13T09:00,38.5,51,5.5,1017.9
2025-03-13T10:00,40.8,48,6.6,1018.3
2025-03-13T11:00,44.0,45,7.4,1018.0
2025-03-13T12:00,47.9,40,8.6,1017.4
2025-03-13T13:00,50.5,37,8.7,1017.1
2025-03-13T14:00,52.2,35,8.2,1016.7
2025-03-13T15:00,53.2,34,8.8,1016.0
2025-03-13T16:00,53.4,35,9.1,1015.6
2025-03-13T17:00,52.9,37,9.6,1014.9
2025-03-13T18:00,51.0,43,8.0,1014.9
2025-03-13T19:00,45.9,53,5.8,1015.6
2025-03-13T20:00,43.0,60,7.6,1016.5
2025-03-13T21:00,43.1,54,8.7,1017.0
2025-03-13T22:00,41.3,57,9.0,1017.7
2025-03-13T23:00,39.7,58,9.8,1018.0
2025-03-14T00:00,38.1,59,9.9,1018.2
2025-03-14T01:00,36.2,65,8.9,1018.4
2025-03-14T02:00,34.6,70,7.8,1018.4
2025-03-14T03:00,33.7,74,6.6,1018.2
2025-03-14T04:00,33.0,76,5.3,1018.1
2025-03-14T05:00,32.3,77,4.5,1018.0
2025-03-14T06:00,30.9,80,3.5,1018.7
2025-03-14T07:00,30.4,80,2.5,1019.3
2025-03-14T08:00,33.8,76,2.8,1019.9
2025-03-14T09:00,39.6,63,3.2,1020.2
2025-03-14T10:00,43.3,58,4.0,1020.2
2025-03-14T11:00,47.5,53,4.7,1019.9
2025-03-14T12:00,51.5,50,5.3,1019.1
2025-03-14T13:00,55.0,46,5.7,1018.2
2025-03-14T14:00,57.6,44,6.9,1017.3
2025-03-14T15:00,59.3,44,7.6,1016.7
2025-03-14T16:00,60.2,44,8.0,1016.2
2025-03-14T17:00,59.7,45,8.3,1015.5
2025-03-14T18:00,57.5,52,7.6,1015.5
2025-03-14T19:00,52.8,61,7.8,1015.9
2025-03-14T20:00,50.9,65,9.0,1016.5
2025-03-14T21:00,51.2,61,11.0,1016.1
2025-03-14T22:00,49.4,65,11.5,1016.2
2025-03-14T23:00,47.8,66,12.1,1016.1
2025-03-15T00:00,46.6,71,13.1,1016.0
2025-03-15T01:00,45.2,77,13.9,1016.2
2025-03-15T02:00,44.1,80,14.3,1016.1
2025-03-15T03:00,43.2,83,14.2,1016.0
2025-03-15T04:00,42.6,85,14.0,1015.8
2025-03-15T05:00,41.7,89,13.9,1015.8
2025-03-15T06:00,41.4,91,14.6,1016.1
2025-03-15T07:00,41.0,94,15.5,1016.2
2025-03-15T08:00,41.3,93,15.6,1017.1
2025-03-15T09:00,44.3,83,16.8,1016.1
2025-03-15T10:00,46.5,78,17.0,1015.8
2025-03-15T11:00,49.7,70,16.7,1015.7
2025-03-15T12:00,52.9,64,16.4,1015.2
2025-03-15T13:00,54.9,62,16.4,1015.2
2025-03-15T14:00,56.9,61,16.8,1014.2
2025-03-15T15:00,57.6,60,16.6,1013.9
2025-03-15T16:00,58.0,59,15.8,1012.2
2025-03-15T17:00,57.1,61,15.5,1012.6
2025-03-15T18:00,55.6,65,15.2,1012.0
2025-03-15T19:00,53.4,73,16.9,1012.6
2025-03-15T20:00,52.1,84,18.7,1013.4
2025-03-15T21:00,51.8,83,15.0,1013.9
2025-03-15T22:00,50.5,86,15.8,1014.1
2025-03-15T23:00,49.5,90,15.6,1013.9
2025-03-16T00:00,49.3,92,16.7,1013.8
2025-03-16T01:00,49.0,93,15.3,1014.7
2025-03-16T02:00,48.9,94,13.4,1014.1
2025-03-16T03:00,49.7,96,13.1,1012.9
2025-03-16T04:00,50.4,96,12.6,1012.5
2025-03-16T05:00,50.6,97,14.3,1012.3
2025-03-16T06:00,51.4,98,14.8,1011.8
2025-03-16T07:00,52.2,99,15.8,1011.7
2025-03-16T08:00,53.2,98,15.6,1011.6
2025-03-16T09:00,54.5,96,14.6,1012.5
2025-03-16T10:00,55.8,94,15.7,1012.1
2025-03-16T11:00,57.9,91,17.2,1011.1
2025-03-16T12:00,60.4,88,16.5,1009.7
2025-03-16T13:00,62.7,83,19.9,1008.8
2025-03-16T14:00,62.9,83,19.4,1008.0
2025-03-16T15:00,63.5,82,19.5,1006.8
2025-03-16T16:00,64.2,81,19.8,1005.6
2025-03-16T17:00,64.0,79,24.5,1003.3
2025-03-16T18:00,63.4,79,23.3,1005.1
2025-03-16T19:00,62.2,81,22.4,1005.2
2025-03-16T20:00,62.2,79,21.6,1005.2
2025-03-16T21:00,63.2,70,18.7,1005.5
2025-03-16T22:00,61.2,81,17.0,1005.6
2025-03-16T23:00,59.2,92,14.7,1005.9
2025-03-17T00:00,57.0,99,3.6,1005.8
2025-03-17T01:00,54.5,97,6.0,1006.4
2025-03-17T02:00,53.1,96,4.7,1006.3
2025-03-17T03:00,52.2,96,2.0,1006.9
2025-03-17T04:00,51.7,95,2.7,1006.0
2025-03-17T05:00,51.2,94,2.3,1005.6
2025-03-17T06:00,49.6,96,3.2,1005.8
2025-03-17T07:00,48.6,98,6.3,1006.4
2025-03-17T08:00,47.5,96,5.9,1007.9
2025-03-17T09:00,48.8,96,7.5,1007.8
2025-03-17T10:00,47.9,92,9.2,1009.8
2025-03-17T11:00,45.5,88,9.4,1011.0
2025-03-17T12:00,43.1,88,9.8,1011.6
2025-03-17T13:00,42.0,85,9.9,1012.3
2025-03-17T14:00,43.6,71,11.5,1012.1
2025-03-17T15:00,43.3,69,12.0,1011.6
2025-03-17T16:00,43.3,67,11.9,1012.5
2025-03-17T17:00,42.5,68,11.5,1012.8
2025-03-17T18:00,41.6,72,10.7,1013.0
2025-03-17T19:00,41.0,70,10.5,1013.7
2025-03-17T20:00,39.6,68,9.9,1014.3
2025-03-17T21:00,36.9,70,11.8,1014.4
2025-03-17T22:00,36.2,71,10.5,1015.0
2025-03-17T23:00,35.7,71,10.4,1015.5
2025-03-18T00:00,35.4,69,9.4,1016.2
2025-03-18T01:00,34.5,70,10.8,1016.5
2025-03-18T02:00,31.4,73,9.6,1016.8
2025-03-18T03:00,29.6,74,8.7,1017.5
2025-03-18T04:00,28.5,76,7.7,1017.0
2025-03-18T05:00,27.7,78,6.4,1017.5
2025-03-18T06:00,27.5,80,7.2,1018.0
2025-03-18T07:00,27.9,79,7.2,1018.8
2025-03-18T08:00,28.8,78,6.5,1019.6
2025-03-18T09:00,32.4,69,7.4,1020.0
2025-03-18T10:00,35.7,61,7.9,1020.1
2025-03-18T11:00,39.4,53,7.7,1019.7
2025-03-18T12:00,43.1,46,7.4,1018.4
2025-03-18T13:00,46.4,43,3.6,1017.3
2025-03-18T14:00,49.3,42,3.5,1015.4
2025-03-18T15:00,51.4,42,3.6,1014.8
2025-03-18T16:00,52.4,41,4.0,1015.2
2025-03-18T17:00,53.0,41,1.5,1014.8
2025-03-18T18:00,52.2,61,0.8,1015.1
2025-03-18T19:00,46.8,56,0.3,1015.5
2025-03-18T20:00,43.9,65,4.0,1015.5
2025-03-18T21:00,43.4,65,4.0,1015.7
2025-03-18T22:00,43.6,61,4.7,1016.0
2025-03-18T23:00,43.8,57,5.8,1015.8
2025-03-19T00:00,43.2,56,5.4,1015.6
2025-03-19T01:00,42.4,57,5.4,1015.6
2025-03-19T02:00,41.1,59,4.8,1015.8
2025-03-19T03:00,40.2,58,2.2,1015.9
2025-03-19T04:00,39.8,56,2.2,1015.5
2025-03-19T05:00,37.2,63,3.6,1015.5
2025-03-19T06:00,38.0,61,5.0,1015.8
2025-03-19T07:00,38.7,60,6.0,1016.4
2025-03-19T08:00,42.3,54,7.9,1016.6
2025-03-19T09:00,47.3,52,8.3,1016.6
2025-03-19T10:00,52.6,44,8.2,1016.5
2025-03-19T11:00,57.2,37,10.1,1016.3
2025-03-19T12:00,61.5,33,11.0,1014.9
2025-03-19T13:00,64.8,30,11.6,1014.0
2025-03-19T14:00,67.1,29,12.3,1013.0
2025-03-19T15:00,68.0,29,12.9,1011.8
2025-03-19T16:00,68.2,30,12.5,1011.4
2025-03-19T17:00,67.2,33,12.0,1010.7
2025-03-19T18:00,64.8,36,12.1,1010.6
2025-03-19T19:00,60.8,40,12.6,1010.6
2025-03-19T20:00,56.9,46,12.7,1011.3
2025-03-19T21:00,57.8,30,16.9,1009.9
2025-03-19T22:00,55.3,26,16.6,1010.2
2025-03-19T23:00,53.1,29,15.3,1010.7
2025-03-20T00:00,51.5,38,14.6,1010.7
2025-03-20T01:00,49.7,52,13.8,1010.8
2025-03-20T02:00,48.6,64,14.1,1010.3
2025-03-20T03:00,47.0,72,14.3,1009.5
2025-03-20T04:00,45.6,78,14.4,1009.1
2025-03-20T05:00,43.9,88,14.7,1009.2
2025-03-20T06:00,43.4,94,14.9,1009.4
2025-03-20T07:00,43.4,96,15.9,1008.9
2025-03-20T08:00,44.4,93,16.0,1008.5
2025-03-20T09:00,47.4,87,17.8,1007.9
2025-03-20T10:00,49.7,81,16.4,1007.2
2025-03-20T11:00,53.4,71,15.7,1006.2
2025-03-20T12:00,57.6,64,14.6,1004.7
2025-03-20T13:00,60.3,61,14.5,1003.4
2025-03-20T14:00,62.9,58,14.9,1002.2
2025-03-20T15:00,62.9,55,15.9,1000.6
2025-03-20T16:00,61.3,58,14.5,999.5
2025-03-20T17:00,60.7,58,14.4,998.2
2025-03-20T18:00,58.7,60,14.6,997.7
2025-03-20T19:00,55.2,66,13.2,998.2
2025-03-20T20:00,51.3,80,12.8,998.9
2025-03-20T21:00,52.9,71,11.5,998.5
2025-03-20T22:00,51.8,78,9.4,999.7
2025-03-20T23:00,48.8,96,6.0,1000.5
2025-03-21T00:00,46.7,95,9.6,999.9
2025-03-21T01:00,44.1,94,8.6,999.2
2025-03-21T02:00,42.3,95,7.9,999.6
2025-03-21T03:00,40.6,95,13.4,998.9
2025-03-21T04:00,36.5,100,11.4,1000.1
2025-03-21T05:00,35.3,98,10.2,999.9
2025-03-21T06:00,34.8,94,11.8,1000.1
2025-03-21T07:00,34.3,83,13.8,1001.1
2025-03-21T08:00,32.8,70,15.4,1002.5
2025-03-21T09:00,33.9,63,17.2,1003.6
2025-03-21T10:00,34.6,58,18.9,1004.1
2025-03-21T11:00,36.3,52,19.4,1003.9
2025-03-21T12:00,39.3,44,20.2,1004.0
2025-03-21T13:00,41.5,37,18.9,1004.1
2025-03-21T14:00,43.1,32,17.7,1004.1
2025-03-21T15:00,44.8,27,17.8,1003.8
2025-03-21T16:00,45.5,28,17.0,1004.0
2025-03-21T17:00,45.3,28,16.0,1004.3
2025-03-21T18:00,44.2,32,13.1,1005.3
2025-03-21T19:00,41.5,39,10.6,1006.5
2025-03-21T20:00,38.7,48,10.3,1008.0
2025-03-21T21:00,36.9,52,9.1,1008.1
2025-03-21T22:00,35.2,56,6.1,1008.5
2025-03-21T23:00,32.3,62,3.3,1008.6
2025-03-22T00:00,32.7,56,0.3,1008.2
2025-03-22T01:00,31.7,57,1.5,1007.7
2025-03-22T02:00,31.0,62,2.3,1007.5
2025-03-22T03:00,31.8,61,4.0,1007.5
2025-03-22T04:00,32.5,55,6.3,1006.8
2025-03-22T05:00,33.3,52,7.7,1006.4
2025-03-22T06:00,33.6,52,8.8,1006.2
2025-03-22T07:00,33.1,55,8.5,1005.8
2025-03-22T08:00,35.6,55,8.8,1005.5
2025-03-22T09:00,40.5,49,9.6,1004.7
2025-03-22T10:00,44.9,47,9.0,1003.9
2025-03-22T11:00,50.0,42,10.1,1002.6
2025-03-22T12:00,54.0,38,10.9,1001.1
2025-03-22T13:00,54.2,38,11.2,1000.2
2025-03-22T14:00,55.5,37,11.0,999.5
2025-03-22T15:00,56.4,39,10.1,998.7
2025-03-22T16:00,53.0,49,8.1,998.9
2025-03-22T17:00,53.1,58,5.4,998.5
2025-03-22T18:00,44.9,92,18.5,1001.8
2025-03-22T19:00,39.9,88,12.9,1004.1
2025-03-22T20:00,37.0,75,12.1,1005.9
2025-03-22T21:00,35.0,59,13.5,1008.7
2025-03-22T22:00,33.4,66,13.7,1010.0
2025-03-22T23:00,31.8,66,14.5,1010.6
2025-03-23T00:00,31.6,61,14.6,1011.1
2025-03-23T01:00,31.1,60,12.3,1011.8
2025-03-23T02:00,31.1,56,12.9,1012.2
2025-03-23T03:00,28.9,51,13.3,1013.2
2025-03-23T04:00,26.1,47,13.4,1014.4
2025-03-23T05:00,24.1,49,12.5,1015.1
2025-03-23T06:00,23.1,54,10.6,1016.2
2025-03-23T07:00,22.3,55,10.2,1017.4
2025-03-23T08:00,23.1,50,11.8,1018.5
2025-03-23T09:00,25.2,47,11.7,1019.1
2025-03-23T10:00,27.5,45,10.1,1019.5
2025-03-23T11:00,30.4,42,8.7,1020.0
2025-03-23T12:00,33.4,39,7.1,1019.7
2025-03-23T13:00,36.0,36,5.4,1019.6
2025-03-23T14:00,38.3,35,5.3,1019.7
2025-03-23T15:00,39.9,34,5.5,1018.6
2025-03-23T16:00,40.9,33,6.0,1018.2
2025-03-23T17:00,40.7,34,6.8,1018.4
2025-03-23T18:00,39.3,36,6.3,1019.0
2025-03-23T19:00,35.2,51,2.4,1019.3
2025-03-23T20:00,34.3,46,0.9,1018.9
2025-03-23T21:00,32.0,46,2.1,1019.3
2025-03-23T22:00,31.5,50,4.1,1018.5
2025-03-23T23:00,32.4,49,5.0,1017.9
2025-03-24T00:00,32.5,48,3.6,1017.6
2025-03-24T01:00,34.0,44,3.5,1017.1
2025-03-24T02:00,35.6,41,7.5,1016.4
2025-03-24T03:00,37.7,42,11.3,1015.6
2025-03-24T04:00,38.1,48,12.8,1014.7
2025-03-24T05:00,37.8,57,13.9,1013.1
2025-03-24T06:00,38.1,59,14.7,1012.5
2025-03-24T07:00,38.4,57,15.5,1011.6
2025-03-24T08:00,38.8,60,17.3,1011.5
2025-03-24T09:00,38.4,65,13.9,1010.7
2025-03-24T10:00,38.7,70,13.8,1010.3
2025-03-24T11:00,39.1,76,14.5,1009.7
2025-03-24T12:00,37.4,95,13.4,1009.1
2025-03-24T13:00,39.4,89,12.6,1007.6
2025-03-24T14:00,41.8,85,11.6,1005.9
2025-03-24T15:00,44.5,78,10.8,1004.4
2025-03-24T16:00,45.1,80,10.2,1002.8
2025-03-24T17:00,46.2,82,11.1,1001.8
2025-03-24T18:00,46.8,82,10.2,1002.5
2025-03-24T19:00,44.5,90,9.8,1002.7
2025-03-24T20:00,42.6,93,8.3,1003.4
2025-03-24T21:00,38.4,97,6.2,1005.5
2025-03-24T22:00,36.9,97,5.4,1006.3
2025-03-24T23:00,36.0,98,4.3,1006.6
2025-03-25T00:00,35.2,99,1.6,1007.2
2025-03-25T01:00,35.8,98,1.8,1006.7
2025-03-25T02:00,35.5,92,0.3,1006.7
2025-03-25T03:00,34.8,97,3.3,1007.0
2025-03-25T04:00,34.4,96,5.4,1007.3
2025-03-25T05:00,33.5,95,5.0,1007.3
2025-03-25T06:00,32.4,97,5.7,1007.7
2025-03-25T07:00,32.1,99,5.5,1008.0
2025-03-25T08:00,33.6,98,6.4,1008.6
2025-03-25T09:00,39.7,89,5.3,1008.3
2025-03-25T10:00,44.0,59,8.8,1008.5
2025-03-25T11:00,45.7,43,10.8,1008.6
2025-03-25T12:00,46.6,41,11.0,1008.4
2025-03-25T13:00,47.2,39,10.8,1008.3
2025-03-25T14:00,46.9,40,10.6,1008.1
2025-03-25T15:00,47.1,40,11.0,1008.1
2025-03-25T16:00,46.9,40,10.7,1008.5
2025-03-25T17:00,46.1,41,8.9,1008.9
2025-03-25T18:00,45.1,47,5.8,1009.7
2025-03-25T19:00,42.7,53,7.5,1010.9
2025-03-25T20:00,40.0,64,6.8,1012.3
2025-03-25T21:00,37.7,63,7.0,1013.7
2025-03-25T22:00,36.5,66,6.6,1013.8
2025-03-25T23:00,34.0,71,1.1,1014.3
2025-03-26T00:00,35.5,69,0.6,1014.6
2025-03-26T01:00,33.6,76,2.1,1014.6
2025-03-26T02:00,33.9,76,0.3,1014.7
2025-03-26T03:00,32.4,78,1.0,1014.2
2025-03-26T04:00,31.6,78,0.7,1013.7
2025-03-26T05:00,31.4,79,0.4,1013.6
2025-03-26T06:00,30.4,83,0.3,1014.0
2025-03-26T07:00,29.7,85,0.3,1014.5
2025-03-26T08:00,32.7,81,1.8,1014.9
2025-03-26T09:00,36.9,65,2.2,1015.1
2025-03-26T10:00,39.2,56,3.9,1015.3
2025-03-26T11:00,42.2,48,6.2,1015.0
2025-03-26T12:00,43.5,44,7.0,1014.5
2025-03-26T13:00,44.1,44,7.2,1014.2
2025-03-26T14:00,44.8,45,7.2,1013.8
2025-03-26T15:00,44.7,46,7.5,1013.4
2025-03-26T16:00,43.3,47,8.5,1013.5
2025-03-26T17:00,41.6,49,10.7,1013.7
2025-03-26T18:00,41.1,46,9.9,1014.4
2025-03-26T19:00,37.9,55,8.3,1015.3
2025-03-26T20:00,35.7,58,8.7,1016.1
2025-03-26T21:00,34.2,57,8.6,1017.8
2025-03-26T22:00,32.7,63,7.6,1018.3
2025-03-26T23:00,31.3,70,7.1,1018.6
2025-03-27T00:00,30.1,77,6.8,1018.9
2025-03-27T01:00,30.2,78,6.7,1018.8
2025-03-27T02:00,30.6,77,6.4,1018.7
2025-03-27T03:00,30.1,77,4.5,1018.6
2025-03-27T04:00,29.5,78,4.4,1018.3
2025-03-27T05:00,29.4,76,4.4,1018.5
2025-03-27T06:00,29.2,74,4.5,1018.9
2025-03-27T07:00,28.4,76,5.5,1019.5
2025-03-27T08:00,30.5,73,6.1,1020.4
2025-03-27T09:00,33.6,64,8.1,1020.9
2025-03-27T10:00,36.5,50,9.7,1021.3
2025-03-27T11:00,38.7,43,10.0,1021.3
2025-03-27T12:00,41.1,41,9.6,1020.9
2025-03-27T13:00,43.2,39,9.9,1020.6
2025-03-27T14:00,46.0,34,12.0,1020.0
2025-03-27T15:00,45.9,35,12.1,1019.2
2025-03-27T16:00,45.8,36,11.1,1018.8
2025-03-27T17:00,45.2,36,11.1,1018.9
2025-03-27T18:00,44.5,37,9.4,1019.4
2025-03-27T19:00,41.1,45,4.6,1019.7
2025-03-27T20:00,38.3,52,0.6,1019.5
2025-03-27T21:00,38.8,41,0.4,1019.7
2025-03-27T22:00,37.7,45,2.4,1019.0
2025-03-27T23:00,37.0,45,7.5,1018.1
2025-03-28T00:00,36.0,46,9.6,1017.7
2025-03-28T01:00,37.7,46,7.9,1017.7
2025-03-28T02:00,37.8,49,8.0,1017.5
2025-03-28T03:00,37.0,53,8.9,1017.3
2025-03-28T04:00,34.7,60,7.0,1017.3
2025-03-28T05:00,33.4,66,7.3,1017.5
2025-03-28T06:00,33.0,70,3.9,1018.7
2025-03-28T07:00,33.4,74,2.3,1020.0
2025-03-28T08:00,38.0,76,6.5,1021.1
2025-03-28T09:00,42.4,63,6.3,1020.4
2025-03-28T10:00,43.6,51,7.4,1020.9
2025-03-28T11:00,44.7,45,7.1,1020.9
2025-03-28T12:00,47.4,36,7.3,1020.4
2025-03-28T13:00,50.0,30,7.7,1020.1
2025-03-28T14:00,52.1,31,6.9,1019.3
2025-03-28T15:00,52.6,31,5.3,1018.2
2025-03-28T16:00,53.0,30,6.0,1017.5
2025-03-28T17:00,51.9,34,4.2,1017.0
2025-03-28T18:00,49.0,46,2.8,1016.6
2025-03-28T19:00,47.7,48,3.1,1016.2
2025-03-28T20:00,46.2,51,3.0,1016.5
2025-03-28T21:00,45.3,48,7.3,1015.1
2025-03-28T22:00,44.6,51,4.3,1014.4
2025-03-28T23:00,44.4,55,2.5,1013.8
2025-03-29T00:00,44.7,62,1.2,1013.5
2025-03-29T01:00,43.3,65,0.9,1012.7
2025-03-29T02:00,42.1,76,0.7,1012.0
2025-03-29T03:00,41.9,74,2.1,1010.7
2025-03-29T04:00,39.6,85,1.1,1009.9
2025-03-29T05:00,39.4,92,2.5,1009.8
2025-03-29T06:00,37.5,96,4.7,1010.5
2025-03-29T07:00,37.0,97,6.2,1011.3
2025-03-29T08:00,37.3,94,6.3,1012.4
2025-03-29T09:00,38.2,90,3.2,1012.8
2025-03-29T10:00,42.3,83,1.5,1013.3
2025-03-29T11:00,44.8,78,5.4,1014.0
2025-03-29T12:00,43.3,83,6.6,1014.5
2025-03-29T13:00,43.7,81,6.1,1014.8
2025-03-29T14:00,44.3,79,7.4,1015.2
2025-03-29T15:00,44.7,78,7.7,1015.5
2025-03-29T16:00,43.1,85,7.5,1016.0
2025-03-29T17:00,41.3,91,7.5,1016.7
2025-03-29T18:00,39.9,93,7.2,1017.7
2025-03-29T19:00,38.4,98,6.8,1018.3
2025-03-29T20:00,37.5,98,6.6,1019.2
2025-03-29T21:00,35.8,92,2.2,1020.7
2025-03-29T22:00,36.0,93,2.2,1020.8
2025-03-29T23:00,36.2,96,0.5,1020.8
2025-03-30T00:00,36.8,97,2.7,1020.7
2025-03-30T01:00,36.8,99,2.8,1020.6
2025-03-30T02:00,37.0,98,3.5,1020.3
2025-03-30T03:00,37.5,98,4.3,1019.9
2025-03-30T04:00,38.2,96,8.3,1018.7
2025-03-30T05:00,38.7,95,9.9,1018.3
2025-03-30T06:00,39.6,93,7.1,1018.8
2025-03-30T07:00,39.9,92,8.3,1019.0
2025-03-30T08:00,40.6,90,8.4,1019.6
2025-03-30T09:00,40.5,88,12.9,1019.0
2025-03-30T10:00,43.1,81,10.6,1018.7
2025-03-30T11:00,44.1,79,11.8,1018.3
2025-03-30T12:00,47.3,74,13.3,1017.8
2025-03-30T13:00,50.4,72,13.9,1017.0
2025-03-30T14:00,54.3,67,15.2,1016.2
2025-03-30T15:00,55.9,65,14.8,1015.0
2025-03-30T16:00,57.6,63,13.8,1014.2
2025-03-30T17:00,58.7,63,13.4,1013.1
2025-03-30T18:00,58.0,67,12.3,1012.5
2025-03-30T19:00,56.9,70,11.5,1012.0
2025-03-30T20:00,55.5,72,13.3,1011.8
2025-03-30T21:00,46.5,82,13.0,1012.6
2025-03-30T22:00,47.5,82,14.7,1011.6
2025-03-30T23:00,46.8,91,15.5,1011.1
2025-03-31T00:00,47.3,92,15.5,1010.3
2025-03-31T01:00,47.8,92,15.2,1009.6
2025-03-31T02:00,48.6,92,15.2,1008.5
2025-03-31T03:00,49.3,93,15.3,1007.6
2025-03-31T04:00,50.2,94,15.7,1006.1
2025-03-31T05:00,51.0,94,16.3,1005.0
2025-03-31T06:00,51.6,94,16.8,1004.5
2025-03-31T07:00,52.3,94,16.5,1004.5
2025-03-31T08:00,53.9,93,17.6,1003.9
2025-03-31T09:00,53.9,89,16.2,1003.5
2025-03-31T10:00,57.7,80,15.2,1003.1
2025-03-31T11:00,62.1,74,15.3,1001.6
2025-03-31T12:00,64.3,72,14.7,1000.5
2025-03-31T13:00,67.5,69,15.0,1000.2
2025-03-31T14:00,69.2,68,14.7,999.4
2025-03-31T15:00,72.1,62,12.5,998.7
2025-03-31T16:00,75.8,45,12.1,997.9
2025-03-31T17:00,74.8,48,10.8,997.5
2025-03-31T18:00,72.0,51,9.6,997.8
2025-03-31T19:00,65.8,66,9.8,998.9
2025-03-31T20:00,59.6,74,6.3,999.9
2025-03-31T21:00,56.4,76,9.3,1000.2
2025-03-31T22:00,51.3,70,10.1,1002.2
2025-03-31T23:00,46.3,82,7.8,1003.7
2025-04-01T00:00,43.6,91,7.7,1004.1
2025-04-01T01:00,42.1,93,7.9,1004.7
2025-04-01T02:00,40.9,94,8.3,1004.7
2025-04-01T03:00,40.2,88,10.1,1005.0
2025-04-01T04:00,39.4,81,10.9,1005.3
2025-04-01T05:00,39.3,77,11.0,1005.8
2025-04-01T06:00,39.1,74,10.7,1007.2
2025-04-01T07:00,36.9,66,12.3,1009.2
2025-04-01T08:00,36.1,63,13.4,1010.9
2025-04-01T09:00,38.0,61,14.7,1011.3
2025-04-01T10:00,38.9,56,15.2,1012.5
2025-04-01T11:00,41.2,49,14.7,1013.3
2025-04-01T12:00,42.8,45,14.3,1013.7
2025-04-01T13:00,44.2,41,13.9,1014.5
2025-04-01T14:00,45.5,39,13.4,1015.3
2025-04-01T15:00,45.9,38,13.1,1015.6
2025-04-01T16:00,45.9,35,13.2,1016.1
2025-04-01T17:00,45.0,35,12.3,1017.0
2025-04-01T18:00,44.1,35,10.8,1017.9
2025-04-01T19:00,42.1,37,8.2,1018.9
2025-04-01T20:00,39.4,38,9.3,1020.7
2025-04-01T21:00,37.9,45,6.9,1021.3
2025-04-01T22:00,36.0,41,8.1,1022.8
2025-04-01T23:00,34.1,43,8.6,1024.5
2025-04-02T00:00,32.4,46,9.6,1026.2
2025-04-02T01:00,31.1,48,8.8,1026.8
2025-04-02T02:00,30.5,50,6.9,1027.7
2025-04-02T03:00,30.0,52,6.6,1028.3
2025-04-02T04:00,28.9,51,8.7,1029.0
2025-04-02T05:00,27.4,48,9.0,1029.7
2025-04-02T06:00,26.8,52,7.9,1030.8
2025-04-02T07:00,27.2,51,8.0,1031.7
2025-04-02T08:00,27.9,49,7.4,1032.5
2025-04-02T09:00,30.2,46,6.5,1032.4
2025-04-02T10:00,33.5,43,4.7,1032.3
2025-04-02T11:00,36.9,42,2.2,1031.8
2025-04-02T12:00,39.6,41,1.0,1030.9
2025-04-02T13:00,42.8,40,1.8,1029.8
2025-04-02T14:00,46.7,37,4.3,1029.5
2025-04-02T15:00,45.9,39,4.5,1028.8
2025-04-02T16:00,47.7,37,5.3,1027.2
2025-04-02T17:00,48.8,31,8.4,1025.9
2025-04-02T18:00,47.6,34,7.5,1026.0
2025-04-02T19:00,44.3,49,9.8,1026.2
2025-04-02T20:00,42.7,48,13.4,1025.4
2025-04-02T21:00,37.8,87,11.1,1025.3
2025-04-02T22:00,37.2,90,12.3,1025.5
2025-04-02T23:00,37.3,92,12.0,1025.4
2025-04-03T00:00,37.7,93,15.8,1023.6
2025-04-03T01:00,38.8,91,15.9,1023.0
2025-04-03T02:00,39.8,88,15.2,1022.7
2025-04-03T03:00,41.0,84,16.0,1021.1
2025-04-03T04:00,42.4,81,15.5,1020.0
2025-04-03T05:00,43.9,81,16.3,1018.1
2025-04-03T06:00,45.0,85,15.2,1017.8
2025-04-03T07:00,45.9,88,15.4,1017.3
2025-04-03T08:00,46.6,92,16.0,1016.2
2025-04-03T09:00,45.4,97,16.7,1015.2
2025-04-03T10:00,47.2,95,19.4,1014.2
2025-04-03T11:00,54.0,79,19.8,1013.9
2025-04-03T12:00,59.0,73,15.6,1012.5
2025-04-03T13:00,63.5,69,15.0,1011.5
2025-04-03T14:00,63.7,72,15.7,1010.8
2025-04-03T15:00,63.0,78,14.3,1009.3
2025-04-03T16:00,66.2,73,14.1,1009.1
2025-04-03T17:00,66.9,75,12.8,1008.4
2025-04-03T18:00,67.3,76,10.9,1008.2
2025-04-03T19:00,66.6,78,8.8,1009.3
2025-04-03T20:00,63.2,89,6.3,1010.7
2025-04-03T21:00,58.7,87,1.5,1011.2
2025-04-03T22:00,60.5,77,3.2,1011.4
2025-04-03T23:00,60.6,77,2.1,1011.8
2025-04-04T00:00,61.5,46,9.8,1013.2
2025-04-04T01:00,57.1,47,6.4,1014.4
2025-04-04T02:00,56.3,54,7.2,1015.3
2025-04-04T03:00,54.6,61,7.3,1016.2
2025-04-04T04:00,52.2,65,7.1,1016.9
2025-04-04T05:00,50.9,63,7.5,1017.6
2025-04-04T06:00,49.5,59,7.2,1018.8
2025-04-04T07:00,48.0,58,7.7,1019.5
2025-04-04T08:00,47.0,59,9.7,1020.8
2025-04-04T09:00,50.0,54,10.6,1020.6
2025-04-04T10:00,50.2,52,10.7,1021.7
2025-04-04T11:00,52.0,50,11.5,1021.9
2025-04-04T12:00,53.9,49,10.9,1021.4
2025-04-04T13:00,55.9,47,10.3,1021.2
2025-04-04T14:00,57.7,45,9.9,1021.4
2025-04-04T15:00,59.5,43,9.7,1021.0
2025-04-04T16:00,60.5,40,9.2,1020.9
2025-04-04T17:00,61.3,37,8.7,1021.1
2025-04-04T18:00,60.3,41,6.2,1021.5
2025-04-04T19:00,54.3,56,3.5,1022.8
2025-04-04T20:00,51.8,52,6.1,1023.8
2025-04-04T21:00,50.0,61,3.6,1024.6
2025-04-04T22:00,48.6,59,4.8,1025.2
2025-04-04T23:00,45.5,63,3.6,1025.7
2025-04-05T00:00,43.5,62,4.7,1026.0
2025-04-05T01:00,41.8,64,4.1,1025.9
2025-04-05T02:00,41.1,67,3.1,1025.8
2025-04-05T03:00,41.3,69,1.8,1025.7
2025-04-05T04:00,42.7,73,1.8,1025.4
2025-04-05T05:00,43.0,72,1.4,1025.4
2025-04-05T06:00,43.2,76,0.2,1025.8
2025-04-05T07:00,44.1,73,1.8,1025.2
2025-04-05T08:00,46.7,57,5.4,1025.3
2025-04-05T09:00,47.2,55,10.9,1024.8
2025-04-05T10:00,46.8,63,12.9,1024.3
2025-04-05T11:00,44.5,89,14.3,1023.2
2025-04-05T12:00,44.1,92,16.6,1021.7
2025-04-05T13:00,43.6,92,16.4,1019.8
2025-04-05T14:00,43.8,92,15.2,1019.1
2025-04-05T15:00,44.5,91,13.2,1018.4
2025-04-05T16:00,44.4,88,10.6,1018.3
2025-04-05T17:00,44.5,88,12.3,1017.9
2025-04-05T18:00,44.7,84,14.6,1016.6
2025-04-05T19:00,45.3,80,16.0,1016.0
2025-04-05T20:00,45.5,79,16.6,1015.0
2025-04-05T21:00,43.4,80,14.4,1015.3
2025-04-05T22:00,43.8,82,13.4,1014.2
2025-04-05T23:00,43.4,90,12.8,1013.0
2025-04-06T00:00,43.8,92,12.1,1011.9
2025-04-06T01:00,44.1,93,10.7,1011.2
2025-04-06T02:00,44.1,94,9.1,1010.3
2025-04-06T03:00,44.2,94,9.7,1008.7
2025-04-06T04:00,43.9,96,7.9,1008.6
2025-04-06T05:00,42.9,99,5.0,1008.6
2025-04-06T06:00,42.5,100,0.8,1008.8
2025-04-06T07:00,43.5,96,3.9,1009.1
2025-04-06T08:00,43.8,95,6.9,1009.0
2025-04-06T09:00,43.2,98,5.6,1008.7
2025-04-06T10:00,44.9,93,7.8,1009.1
2025-04-06T11:00,45.4,89,7.6,1008.9
2025-04-06T12:00,48.1,73,10.0,1009.2
2025-04-06T13:00,47.7,65,11.3,1009.4
2025-04-06T14:00,47.7,63,10.5,1009.5
2025-04-06T15:00,49.4,56,9.9,1009.0
2025-04-06T16:00,49.4,53,9.8,1008.7
2025-04-06T17:00,48.5,51,10.8,1008.8
2025-04-06T18:00,47.0,52,10.2,1009.2
2025-04-06T19:00,44.3,58,9.6,1010.1
2025-04-06T20:00,43.6,59,8.5,1010.8
2025-04-06T21:00,42.0,58,5.9,1011.6
2025-04-06T22:00,42.9,55,7.7,1011.9
2025-04-06T23:00,42.5,56,7.4,1011.3
2025-04-07T00:00,41.8,59,5.3,1011.2
2025-04-07T01:00,40.8,62,4.7,1010.6
2025-04-07T02:00,40.4,62,5.1,1010.9
2025-04-07T03:00,38.8,67,6.0,1010.7
2025-04-07T04:00,37.1,79,4.0,1010.7
2025-04-07T05:00,36.0,89,2.6,1011.2
2025-04-07T06:00,35.4,92,2.8,1011.2
2025-04-07T07:00,35.3,93,4.4,1010.9
2025-04-07T08:00,36.0,90,5.2,1010.8
2025-04-07T09:00,36.2,86,5.6,1010.1
2025-04-07T10:00,37.3,80,5.2,1009.8
2025-04-07T11:00,40.2,71,3.9,1009.5
2025-04-07T12:00,41.3,69,4.2,1008.5
2025-04-07T13:00,41.9,69,5.1,1007.6
2025-04-07T14:00,41.3,75,5.3,1006.6
2025-04-07T15:00,41.5,76,6.1,1006.1
2025-04-07T16:00,41.3,80,5.8,1005.2
2025-04-07T17:00,41.4,81,5.0,1004.2
2025-04-07T18:00,41.4,82,4.9,1003.5
2025-04-07T19:00,40.9,83,4.2,1003.4
2025-04-07T20:00,40.3,84,4.7,1003.6
2025-04-07T21:00,39.3,83,4.4,1004.2
2025-04-07T22:00,39.0,84,5.5,1003.2
2025-04-07T23:00,39.0,85,6.1,1002.3
2025-04-08T00:00,38.9,86,7.1,1001.6
2025-04-08T01:00,39.2,86,7.1,1000.6
2025-04-08T02:00,39.0,87,8.2,1000.3
2025-04-08T03:00,39.0,89,9.8,999.8
2025-04-08T04:00,38.7,95,10.2,999.4
2025-04-08T05:00,36.6,96,11.4,999.9
2025-04-08T06:00,33.1,89,9.7,1000.9
2025-04-08T07:00,31.1,81,10.5,1002.0
2025-04-08T08:00,30.4,68,10.0,1002.6
2025-04-08T09:00,32.6,57,12.4,1003.4
2025-04-08T10:00,33.3,54,13.1,1003.7
2025-04-08T11:00,33.5,50,13.2,1003.8
2025-04-08T12:00,34.2,47,14.2,1003.6
2025-04-08T13:00,34.9,43,16.1,1003.3
2025-04-08T14:00,34.8,45,16.6,1003.7
2025-04-08T15:00,33.5,48,16.4,1004.5
2025-04-08T16:00,32.1,51,16.4,1005.1
2025-04-08T17:00,30.6,54,16.3,1006.7
2025-04-08T18:00,29.7,55,17.0,1007.8
2025-04-08T19:00,29.3,57,16.2,1009.1
2025-04-08T20:00,29.7,56,12.5,1010.3
2025-04-08T21:00,28.5,62,10.8,1012.5
2025-04-08T22:00,28.8,63,11.0,1013.5
2025-04-08T23:00,29.3,59,11.2,1014.1
2025-04-09T00:00,29.3,57,11.0,1014.5
2025-04-09T01:00,29.1,60,12.2,1014.8
2025-04-09T02:00,28.8,65,10.7,1015.6
2025-04-09T03:00,28.7,65,9.0,1016.4
2025-04-09T04:00,28.8,56,9.7,1017.2
2025-04-09T05:00,28.4,53,10.7,1018.4
2025-04-09T06:00,27.1,52,10.8,1019.7
2025-04-09T07:00,26.2,56,8.8,1021.0
2025-04-09T08:00,27.7,55,8.4,1022.1
2025-04-09T09:00,29.9,48,10.4,1022.4
2025-04-09T10:00,32.3,46,10.2,1022.5
2025-04-09T11:00,35.5,42,11.2,1022.4
2025-04-09T12:00,37.5,41,11.3,1022.6
2025-04-09T13:00,39.1,41,10.6,1022.1
2025-04-09T14:00,40.5,40,10.1,1022.0
2025-04-09T15:00,41.1,37,9.4,1021.6
2025-04-09T16:00,41.4,36,10.0,1021.3
2025-04-09T17:00,40.7,39,9.5,1021.5
2025-04-09T18:00,38.6,43,9.3,1022.3
2025-04-09T19:00,36.7,48,7.3,1022.8
2025-04-09T20:00,32.8,56,4.1,1023.7
2025-04-09T21:00,33.2,51,4.4,1023.7
2025-04-09T22:00,30.7,58,3.0,1024.3
2025-04-09T23:00,31.6,56,1.9,1024.4
2025-04-10T00:00,33.3,55,0.5,1025.0
2025-04-10T01:00,33.3,56,0.3,1025.9
2025-04-10T02:00,32.8,58,1.1,1026.0
2025-04-10T03:00,32.7,58,2.0,1026.0
2025-04-10T04:00,32.4,62,1.4,1026.0
2025-04-10T05:00,30.4,65,1.1,1025.9
2025-04-10T06:00,28.6,65,0.6,1026.3
2025-04-10T07:00,30.1,67,2.7,1026.5
2025-04-10T08:00,35.9,53,3.8,1026.5
2025-04-10T09:00,40.1,43,1.0,1026.5
2025-04-10T10:00,42.3,44,3.0,1026.1
2025-04-10T11:00,44.3,43,3.4,1025.6
2025-04-10T12:00,45.1,43,3.6,1025.1
2025-04-10T13:00,46.4,42,4.1,1024.4
2025-04-10T14:00,47.7,41,5.1,1023.5
2025-04-10T15:00,52.5,39,7.9,1021.9
2025-04-10T16:00,49.3,50,8.3,1022.0
2025-04-10T17:00,48.8,54,7.3,1021.6
2025-04-10T18:00,47.3,64,10.5,1021.7
2025-04-10T19:00,44.3,72,11.3,1021.9
2025-04-10T20:00,41.6,81,11.9,1022.5
2025-04-10T21:00,40.8,82,10.4,1023.0
2025-04-10T22:00,38.2,93,10.4,1023.6
2025-04-10T23:00,36.8,98,9.7,1023.5
2025-04-11T00:00,36.4,98,8.7,1022.9
2025-04-11T01:00,36.2,98,7.5,1022.7
2025-04-11T02:00,35.8,98,6.7,1022.0
2025-04-11T03:00,35.5,98,6.3,1021.4
2025-04-11T04:00,35.3,97,5.9,1021.3
2025-04-11T05:00,35.2,97,6.2,1021.4
2025-04-11T06:00,35.1,96,7.0,1021.5
2025-04-11T07:00,35.3,96,6.3,1021.6
2025-04-11T08:00,36.7,89,6.1,1021.8
2025-04-11T09:00,38.3,85,5.9,1021.5
2025-04-11T10:00,41.2,75,4.9,1021.3
2025-04-11T11:00,44.1,67,5.9,1021.4
2025-04-11T12:00,45.3,63,8.3,1021.2
2025-04-11T13:00,45.9,63,6.9,1020.7
2025-04-11T14:00,46.8,62,5.5,1020.1
2025-04-11T15:00,47.9,61,7.9,1019.6
2025-04-11T16:00,48.6,60,7.1,1019.0
2025-04-11T17:00,48.0,62,6.3,1018.8
2025-04-11T18:00,46.8,67,5.8,1019.0
2025-04-11T19:00,45.2,73,4.2,1018.5
2025-04-11T20:00,43.6,77,4.4,1018.4
2025-04-11T21:00,42.7,77,5.2,1019.0
2025-04-11T22:00,42.0,80,5.6,1019.1
2025-04-11T23:00,41.5,82,6.5,1018.6
2025-04-12T00:00,40.3,82,5.2,1018.4
2025-04-12T01:00,39.6,83,3.6,1018.1
2025-04-12T02:00,38.7,91,3.3,1017.6
2025-04-12T03:00,37.8,94,5.3,1016.8
2025-04-12T04:00,36.9,96,5.3,1016.8
2025-04-12T05:00,36.1,99,6.5,1016.5
2025-04-12T06:00,35.9,99,6.7,1016.5
2025-04-12T07:00,35.7,100,5.6,1016.9
2025-04-12T08:00,35.5,100,5.6,1017.2
2025-04-12T09:00,35.4,98,8.6,1016.9
2025-04-12T10:00,35.8,95,8.7,1016.8
2025-04-12T11:00,36.9,92,7.9,1016.9
2025-04-12T12:00,37.9,91,8.2,1016.6
2025-04-12T13:00,39.3,89,9.5,1016.2
2025-04-12T14:00,41.3,83,9.7,1015.9
2025-04-12T15:00,41.9,83,8.8,1015.1
2025-04-12T16:00,42.0,83,8.6,1014.7
2025-04-12T17:00,41.4,86,8.1,1014.6
2025-04-12T18:00,41.2,88,7.9,1014.3
2025-04-12T19:00,40.5,88,7.0,1014.5
2025-04-12T20:00,39.8,87,6.0,1014.7
2025-04-12T21:00,39.6,77,5.0,1014.5
2025-04-12T22:00,38.3,82,3.3,1014.7
2025-04-12T23:00,38.0,85,3.3,1014.4
2025-04-13T00:00,38.4,87,4.6,1013.9
2025-04-13T01:00,37.8,91,3.7,1014.2
2025-04-13T02:00,38.3,89,5.4,1013.6
2025-04-13T03:00,37.3,91,5.7,1013.3
2025-04-13T04:00,38.1,91,6.3,1012.7
2025-04-13T05:00,38.2,94,6.4,1012.4
2025-04-13T06:00,37.8,99,7.2,1012.6
2025-04-13T07:00,38.5,98,9.5,1013.1
2025-04-13T08:00,38.8,96,10.3,1013.0
2025-04-13T09:00,43.5,78,13.2,1012.3
2025-04-13T10:00,46.6,68,13.9,1012.0
2025-04-13T11:00,48.0,65,13.0,1012.0
2025-04-13T12:00,49.2,63,13.2,1011.8
2025-04-13T13:00,50.3,60,13.0,1011.5
2025-04-13T14:00,51.9,57,12.0,1010.8
2025-04-13T15:00,53.5,54,11.7,1009.7
2025-04-13T16:00,54.2,52,9.4,1009.1
2025-04-13T17:00,52.8,58,9.5,1009.0
2025-04-13T18:00,51.6,62,10.6,1009.6
2025-04-13T19:00,50.4,59,11.6,1009.9
2025-04-13T20:00,49.9,57,10.6,1010.2
2025-04-13T21:00,46.1,62,6.4,1010.5
2025-04-13T22:00,44.0,66,4.9,1010.8
2025-04-13T23:00,40.7,75,3.0,1010.7
2025-04-14T00:00,41.2,72,1.0,1010.3
2025-04-14T01:00,39.9,77,2.4,1010.6
2025-04-14T02:00,38.5,78,3.1,1010.6
2025-04-14T03:00,37.7,78,3.1,1010.6
2025-04-14T04:00,37.0,77,3.1,1010.5
2025-04-14T05:00,36.9,76,1.8,1010.6
2025-04-14T06:00,36.6,74,1.3,1010.5
2025-04-14T07:00,38.6,73,1.4,1010.9
2025-04-14T08:00,43.5,64,2.0,1011.1
2025-04-14T09:00,47.4,57,2.0,1010.0
2025-04-14T10:00,50.6,53,2.3,1009.9
2025-04-14T11:00,54.3,51,1.7,1009.3
2025-04-14T12:00,57.8,48,2.9,1008.5
2025-04-14T13:00,60.4,43,3.0,1007.9
2025-04-14T14:00,61.3,40,2.2,1006.9
2025-04-14T15:00,62.1,42,4.1,1005.5
2025-04-14T16:00,63.1,42,6.5,1005.0
2025-04-14T17:00,62.6,41,8.2,1004.0
2025-04-14T18:00,62.6,45,6.8,1003.2
2025-04-14T19:00,59.6,50,8.7,1002.8
2025-04-14T20:00,57.3,51,9.7,1003.1
2025-04-14T21:00,56.6,49,9.7,1002.5
2025-04-14T22:00,56.2,49,11.0,1001.5
2025-04-14T23:00,56.3,50,11.7,1000.9
2025-04-15T00:00,55.8,54,12.8,1000.2
2025-04-15T01:00,55.0,57,12.5,999.8
2025-04-15T02:00,50.5,74,1.5,1001.1
2025-04-15T03:00,49.9,81,12.6,998.9
2025-04-15T04:00,50.1,82,9.9,997.9
2025-04-15T05:00,49.6,86,10.1,997.2
2025-04-15T06:00,48.6,91,7.6,997.5
2025-04-15T07:00,48.3,92,7.5,997.4
2025-04-15T08:00,51.8,86,6.0,997.0
2025-04-15T09:00,57.5,73,2.8,996.7
2025-04-15T10:00,60.0,59,3.3,996.0
2025-04-15T11:00,62.3,55,4.5,994.8
2025-04-15T12:00,64.4,46,7.8,993.8
2025-04-15T13:00,63.7,48,13.6,993.4
2025-04-15T14:00,60.1,46,15.6,993.8
2025-04-15T15:00,60.7,46,10.3,992.9
2025-04-15T16:00,60.0,41,10.9,991.8
2025-04-15T17:00,50.7,67,8.1,993.3
2025-04-15T18:00,51.4,67,2.7,993.0
2025-04-15T19:00,49.3,71,11.8,994.2
2025-04-15T20:00,46.8,69,9.8,995.6
2025-04-15T21:00,46.2,64,11.9,997.4
2025-04-15T22:00,44.3,61,13.3,998.2
2025-04-15T23:00,42.2,65,13.7,998.8
2025-04-16T00:00,41.0,67,11.9,999.2
2025-04-16T01:00,40.5,65,11.8,999.3
2025-04-16T02:00,39.6,65,10.9,999.0
2025-04-16T03:00,37.7,72,10.4,999.0
2025-04-16T04:00,37.8,73,10.9,999.1
2025-04-16T05:00,37.4,74,9.6,999.7
2025-04-16T06:00,37.6,73,9.4,1000.0
2025-04-16T07:00,37.5,72,10.3,1000.9
2025-04-16T08:00,38.0,69,11.6,1001.4
2025-04-16T09:00,39.3,60,13.6,1002.4
2025-04-16T10:00,40.7,57,17.4,1002.7
2025-04-16T11:00,40.7,58,17.8,1003.2
2025-04-16T12:00,41.7,56,18.5,1003.3
2025-04-16T13:00,43.6,54,18.3,1003.2
2025-04-16T14:00,44.2,54,18.5,1003.8
2025-04-16T15:00,43.8,54,18.7,1004.0
2025-04-16T16:00,43.3,55,17.8,1004.8
2025-04-16T17:00,42.1,57,17.1,1005.5
2025-04-16T18:00,41.0,59,16.5,1007.0
2025-04-16T19:00,40.3,63,14.2,1007.4
2025-04-16T20:00,39.7,65,12.0,1008.1
2025-04-16T21:00,38.6,68,10.8,1010.0
2025-04-16T22:00,38.5,70,10.1,1010.8
2025-04-16T23:00,38.6,72,10.0,1011.3
2025-04-17T00:00,38.4,73,9.0,1011.9
2025-04-17T01:00,38.1,73,6.5,1012.3
2025-04-17T02:00,37.4,75,4.9,1012.7
2025-04-17T03:00,37.0,76,6.1,1013.4
2025-04-17T04:00,36.9,74,7.5,1014.2
2025-04-17T05:00,36.0,72,7.4,1015.0
2025-04-17T06:00,35.1,73,6.0,1015.9
2025-04-17T07:00,35.5,72,6.7,1017.0
2025-04-17T08:00,37.7,66,7.2,1017.8
2025-04-17T09:00,41.8,54,7.9,1017.8
2025-04-17T10:00,44.8,51,9.5,1017.6
2025-04-17T11:00,48.0,42,12.5,1017.2
2025-04-17T12:00,49.3,43,13.5,1017.3
2025-04-17T13:00,51.0,39,13.9,1017.3
2025-04-17T14:00,52.0,39,13.6,1017.3
2025-04-17T15:00,52.8,37,13.9,1017.1
2025-04-17T16:00,52.8,36,14.6,1017.4
2025-04-17T17:00,52.2,35,13.4,1017.5
2025-04-17T18:00,50.9,36,12.5,1018.0
2025-04-17T19:00,48.6,40,9.7,1018.7
2025-04-17T20:00,45.5,42,8.2,1019.0
2025-04-17T21:00,45.4,36,7.3,1019.2
2025-04-17T22:00,42.9,40,5.3,1019.9
2025-04-17T23:00,39.6,50,3.7,1020.4
2025-04-18T00:00,39.2,49,2.5,1021.3
2025-04-18T01:00,38.5,48,2.2,1021.8
2025-04-18T02:00,38.6,46,0.9,1021.8
2025-04-18T03:00,37.8,45,0.4,1021.7
2025-04-18T04:00,35.1,51,3.1,1021.4
2025-04-18T05:00,35.5,51,5.0,1022.1
2025-04-18T06:00,36.0,48,6.0,1022.6
2025-04-18T07:00,38.3,49,5.8,1022.5
2025-04-18T08:00,44.1,51,6.3,1022.4
2025-04-18T09:00,48.4,44,7.7,1022.6
2025-04-18T10:00,53.0,41,9.6,1021.4
2025-04-18T11:00,57.0,39,12.1,1020.6
2025-04-18T12:00,60.8,35,14.7,1019.3
2025-04-18T13:00,63.8,33,16.6,1017.8
2025-04-18T14:00,65.3,35,16.9,1016.7
2025-04-18T15:00,65.8,36,17.9,1015.9
2025-04-18T16:00,62.8,44,17.2,1014.9
2025-04-18T17:00,63.7,47,17.7,1013.4
2025-04-18T18:00,63.9,45,17.4,1012.8
2025-04-18T19:00,62.9,48,17.0,1012.8
2025-04-18T20:00,60.7,54,18.1,1013.0
2025-04-18T21:00,61.1,47,15.4,1013.3
2025-04-18T22:00,59.4,52,14.6,1013.5
2025-04-18T23:00,59.2,56,14.5,1013.6
2025-04-19T00:00,59.7,58,14.1,1012.6
2025-04-19T01:00,58.5,65,13.1,1012.4
2025-04-19T02:00,58.6,68,13.7,1011.4
2025-04-19T03:00,58.5,71,14.0,1010.0
2025-04-19T04:00,58.3,73,14.0,1009.9
2025-04-19T05:00,57.3,78,14.3,1010.3
2025-04-19T06:00,57.1,79,11.0,1010.5
2025-04-19T07:00,57.3,80,10.3,1010.9
2025-04-19T08:00,58.5,79,10.8,1011.4
2025-04-19T09:00,62.1,70,11.1,1011.4
2025-04-19T10:00,62.8,69,10.7,1010.8
2025-04-19T11:00,63.2,72,9.3,1011.1
2025-04-19T12:00,65.3,82,7.2,1010.9
2025-04-19T13:00,68.7,74,7.5,1009.9
2025-04-19T14:00,74.7,60,8.1,1008.3
2025-04-19T15:00,77.9,57,9.0,1007.6
2025-04-19T16:00,80.3,56,9.5,1006.3
2025-04-19T17:00,76.7,59,12.9,1008.0
2025-04-19T18:00,66.2,94,8.8,1009.4
2025-04-19T19:00,64.8,96,4.0,1010.4
2025-04-19T20:00,63.7,96,2.8,1010.7
2025-04-19T21:00,64.4,92,4.0,1011.0
2025-04-19T22:00,64.9,84,6.3,1012.3
2025-04-19T23:00,62.4,90,10.2,1013.1
2025-04-20T00:00,59.9,86,11.6,1013.7
2025-04-20T01:00,56.4,83,12.1,1015.4
2025-04-20T02:00,53.1,68,10.8,1016.3
2025-04-20T03:00,49.5,64,10.1,1017.0
2025-04-20T04:00,47.1,69,11.6,1018.5
2025-04-20T05:00,46.6,72,10.6,1019.3
2025-04-20T06:00,46.8,72,11.0,1020.4
2025-04-20T07:00,45.9,74,11.9,1021.4
2025-04-20T08:00,46.9,71,11.6,1022.5
2025-04-20T09:00,48.8,55,14.6,1023.6
2025-04-20T10:00,49.1,52,13.9,1024.6
2025-04-20T11:00,51.3,46,14.6,1024.5
2025-04-20T12:00,52.4,45,13.4,1024.5
2025-04-20T13:00,53.9,44,13.8,1024.5
2025-04-20T14:00,55.4,39,13.6,1024.2
2025-04-20T15:00,56.9,35,13.4,1023.9
2025-04-20T16:00,57.8,31,13.1,1023.6
2025-04-20T17:00,57.8,29,12.2,1023.6
2025-04-20T18:00,56.7,32,10.1,1023.9
2025-04-20T19:00,54.0,37,7.3,1024.4
2025-04-20T20:00,49.2,46,5.4,1025.2
2025-04-20T21:00,47.6,55,4.5,1026.1
2025-04-20T22:00,44.7,62,3.7,1026.4
2025-04-20T23:00,44.1,57,4.4,1026.3
2025-04-21T00:00,42.2,59,3.6,1026.7
2025-04-21T01:00,40.8,59,3.7,1026.7
2025-04-21T02:00,39.6,58,3.8,1026.5
2025-04-21T03:00,37.5,61,3.1,1026.2
2025-04-21T04:00,37.2,59,3.5,1026.2
2025-04-21T05:00,38.3,55,3.3,1025.8
2025-04-21T06:00,35.7,59,3.2,1025.3
2025-04-21T07:00,38.7,61,2.0,1025.4
2025-04-21T08:00,43.0,56,1.7,1025.5
2025-04-21T09:00,47.2,47,3.7,1025.0
2025-04-21T10:00,50.2,46,5.0,1024.5
2025-04-21T11:00,54.6,43,8.4,1023.3
2025-04-21T12:00,55.8,43,10.0,1022.1
2025-04-21T13:00,55.8,45,9.2,1021.0
2025-04-21T14:00,53.8,57,9.5,1020.3
2025-04-21T15:00,57.8,47,12.4,1018.4
2025-04-21T16:00,59.2,38,13.2,1017.1
2025-04-21T17:00,58.2,46,13.3,1016.3
2025-04-21T18:00,57.9,41,15.3,1015.8
2025-04-21T19:00,55.6,42,15.8,1015.4
2025-04-21T20:00,54.1,41,16.3,1015.2
2025-04-21T21:00,53.4,40,15.8,1015.2
2025-04-21T22:00,52.0,51,16.8,1014.6
2025-04-21T23:00,49.7,75,13.8,1014.5
2025-04-22T00:00,49.2,86,14.6,1013.9
2025-04-22T01:00,50.4,87,15.0,1012.7
2025-04-22T02:00,51.6,88,13.4,1012.5
2025-04-22T03:00,51.5,94,10.2,1012.3
2025-04-22T04:00,51.9,94,10.5,1012.2
2025-04-22T05:00,51.6,96,8.6,1011.9
2025-04-22T06:00,50.5,98,8.1,1011.9
2025-04-22T07:00,51.2,97,8.9,1012.1
2025-04-22T08:00,53.0,95,7.0,1012.6
2025-04-22T09:00,55.0,90,5.5,1013.2
2025-04-22T10:00,57.2,85,2.7,1013.4
2025-04-22T11:00,59.6,73,6.7,1013.2
2025-04-22T12:00,62.1,65,7.6,1012.6
2025-04-22T13:00,64.9,55,9.7,1012.2
2025-04-22T14:00,66.7,48,10.1,1012.1
2025-04-22T15:00,67.5,46,10.8,1012.0
2025-04-22T16:00,65.7,48,13.0,1012.2
2025-04-22T17:00,62.8,52,11.7,1012.8
2025-04-22T18:00,61.6,53,8.9,1013.3
2025-04-22T19:00,59.4,56,7.5,1013.8
2025-04-22T20:00,55.1,60,9.5,1015.6
2025-04-22T21:00,55.8,55,8.5,1015.9
2025-04-22T22:00,52.8,59,7.4,1016.9
2025-04-22T23:00,49.9,64,5.2,1017.6
2025-04-23T00:00,47.1,70,3.7,1018.1
2025-04-23T01:00,45.6,72,3.6,1018.5
2025-04-23T02:00,44.2,73,3.3,1018.8
2025-04-23T03:00,43.2,75,3.6,1019.3
2025-04-23T04:00,41.6,79,3.5,1019.9
2025-04-23T05:00,40.9,81,3.8,1020.1
2025-04-23T06:00,40.4,81,4.2,1020.7
2025-04-23T07:00,41.8,79,4.9,1021.6
2025-04-23T08:00,45.1,73,3.7,1022.3
2025-04-23T09:00,50.2,61,5.6,1022.5
2025-04-23T10:00,53.2,54,5.2,1022.4
2025-04-23T11:00,56.1,50,5.6,1022.0
2025-04-23T12:00,58.7,48,5.7,1021.6
2025-04-23T13:00,61.4,46,6.4,1021.3
2025-04-23T14:00,63.3,43,7.6,1021.0
2025-04-23T15:00,64.6,42,8.7,1020.9
2025-04-23T16:00,65.1,43,10.0,1020.4
2025-04-23T17:00,64.5,44,10.3,1020.5
2025-04-23T18:00,63.1,47,9.2,1020.8
2025-04-23T19:00,60.4,53,7.1,1021.2
2025-04-23T20:00,56.6,59,5.3,1021.7
2025-04-23T21:00,57.6,54,5.4,1021.7
2025-04-23T22:00,54.7,60,4.5,1021.9
2025-04-23T23:00,52.1,65,3.8,1022.1
2025-04-24T00:00,51.0,68,4.1,1022.4
2025-04-24T01:00,48.0,74,3.6,1022.5
2025-04-24T02:00,46.4,75,1.6,1022.7
2025-04-24T03:00,45.2,75,1.6,1023.3
2025-04-24T04:00,44.1,77,2.4,1023.5
2025-04-24T05:00,44.1,76,1.1,1023.6
2025-04-24T06:00,45.1,73,0.7,1023.8
2025-04-24T07:00,47.8,74,0.3,1024.2
2025-04-24T08:00,50.4,71,2.8,1024.7
2025-04-24T09:00,53.9,65,2.9,1024.7
2025-04-24T10:00,54.9,73,0.6,1024.6
2025-04-24T11:00,61.7,61,3.8,1023.7
2025-04-24T12:00,65.0,51,7.3,1022.8
2025-04-24T13:00,68.3,48,9.1,1021.9
2025-04-24T14:00,71.4,48,7.6,1020.7
2025-04-24T15:00,73.4,48,6.0,1020.3
2025-04-24T16:00,74.4,47,5.7,1019.8
2025-04-24T17:00,68.2,60,5.8,1020.2
2025-04-24T18:00,69.7,60,2.5,1019.7
2025-04-24T19:00,66.6,77,2.4,1019.8
2025-04-24T20:00,62.5,79,2.1,1019.7
2025-04-24T21:00,62.6,66,7.4,1020.0
2025-04-24T22:00,59.2,74,2.1,1020.3
2025-04-24T23:00,57.4,77,0.6,1020.2
2025-04-25T00:00,55.9,81,4.5,1020.0
2025-04-25T01:00,54.6,83,2.1,1020.3
2025-04-25T02:00,56.1,76,3.2,1019.4
2025-04-25T03:00,54.3,79,3.9,1019.4
2025-04-25T04:00,54.2,81,5.6,1019.6
2025-04-25T05:00,55.0,74,6.7,1019.9
2025-04-25T06:00,54.9,66,6.2,1020.2
2025-04-25T07:00,55.8,64,6.3,1020.5
2025-04-25T08:00,58.7,64,5.1,1021.2
2025-04-25T09:00,63.8,57,5.8,1020.5
2025-04-25T10:00,66.6,56,3.6,1020.3
2025-04-25T11:00,69.6,53,3.6,1019.9
2025-04-25T12:00,72.2,51,2.6,1019.2
2025-04-25T13:00,74.7,46,3.8,1018.4
2025-04-25T14:00,74.6,46,5.5,1017.8
2025-04-25T15:00,74.1,46,5.3,1017.4
2025-04-25T16:00,74.3,45,5.3,1016.5
2025-04-25T17:00,73.4,51,2.2,1015.5
2025-04-25T18:00,72.3,61,2.8,1015.3
2025-04-25T19:00,68.9,65,5.9,1015.1
2025-04-25T20:00,66.4,72,5.4,1014.9
2025-04-25T21:00,69.3,42,12.0,1014.7
2025-04-25T22:00,66.7,53,11.7,1015.1
2025-04-25T23:00,64.2,59,10.2,1014.6
2025-04-26T00:00,63.6,63,10.7,1013.9
2025-04-26T01:00,62.1,70,11.9,1013.1
2025-04-26T02:00,60.6,73,13.8,1011.6
2025-04-26T03:00,60.0,75,13.8,1010.4
2025-04-26T04:00,59.7,94,13.2,1009.3
2025-04-26T05:00,59.4,95,12.2,1008.6
2025-04-26T06:00,59.3,96,14.1,1007.6
2025-04-26T07:00,59.4,96,15.0,1006.5
2025-04-26T08:00,59.6,97,16.5,1005.9
2025-04-26T09:00,61.5,95,13.3,1005.7
2025-04-26T10:00,62.6,98,15.0,1004.9
2025-04-26T11:00,63.1,98,14.4,1004.5
2025-04-26T12:00,63.9,98,11.2,1004.0
2025-04-26T13:00,64.7,96,10.9,1003.3
2025-04-26T14:00,64.9,96,7.3,1002.7
2025-04-26T15:00,68.5,87,6.4,1002.1
2025-04-26T16:00,67.5,86,6.4,1001.8
2025-04-26T17:00,58.8,87,13.1,1003.9
2025-04-26T18:00,57.6,77,10.4,1005.1
2025-04-26T19:00,54.9,75,10.7,1006.4
2025-04-26T20:00,52.4,73,10.1,1007.5
2025-04-26T21:00,50.9,68,9.7,1009.9
2025-04-26T22:00,49.1,67,10.1,1010.3
2025-04-26T23:00,47.5,67,10.8,1010.0
2025-04-27T00:00,46.1,67,12.1,1009.6
2025-04-27T01:00,45.4,68,8.7,1009.0
2025-04-27T02:00,45.3,71,8.8,1008.4
2025-04-27T03:00,44.6,74,9.9,1008.2
2025-04-27T04:00,43.4,78,10.6,1007.8
2025-04-27T05:00,42.7,80,10.2,1007.3
2025-04-27T06:00,42.4,81,8.6,1007.6
2025-04-27T07:00,42.8,80,8.8,1008.2
2025-04-27T08:00,43.5,78,12.3,1009.1
2025-04-27T09:00,45.0,72,15.3,1009.6
2025-04-27T10:00,46.3,68,15.0,1010.2
2025-04-27T11:00,47.8,62,15.6,1010.4
2025-04-27T12:00,49.4,57,17.2,1010.6
2025-04-27T13:00,49.2,62,16.3,1011.6
2025-04-27T14:00,49.5,63,18.7,1012.5
2025-04-27T15:00,49.5,65,18.4,1013.1
2025-04-27T16:00,50.0,64,15.9,1013.4
2025-04-27T17:00,52.5,59,15.5,1013.9
2025-04-27T18:00,51.6,63,11.0,1014.1
2025-04-27T19:00,49.9,72,6.7,1014.1
2025-04-27T20:00,46.9,78,6.0,1014.9
2025-04-27T21:00,45.9,78,7.1,1016.8
2025-04-27T22:00,45.8,77,6.5,1017.4
2025-04-27T23:00,46.1,74,5.8,1017.8
2025-04-28T00:00,46.4,70,4.9,1018.4
2025-04-28T01:00,45.5,70,4.0,1019.0
2025-04-28T02:00,44.1,72,3.2,1019.7
2025-04-28T03:00,44.5,69,1.8,1020.4
2025-04-28T04:00,43.7,71,1.8,1021.0
2025-04-28T05:00,42.5,73,2.5,1021.5
2025-04-28T06:00,41.1,76,3.1,1022.5
2025-04-28T07:00,44.6,73,3.5,1023.3
2025-04-28T08:00,48.6,69,3.0,1024.0
2025-04-28T09:00,53.0,59,2.7,1024.9
2025-04-28T10:00,57.2,55,3.0,1025.0
2025-04-28T11:00,61.3,51,3.6,1024.8
2025-04-28T12:00,64.6,46,3.8,1024.2
2025-04-28T13:00,66.7,40,3.5,1023.6
2025-04-28T14:00,68.0,39,3.4,1023.0
2025-04-28T15:00,68.7,40,4.1,1022.8
2025-04-28T16:00,68.7,40,4.5,1022.1
2025-04-28T17:00,68.7,39,3.9,1021.8
2025-04-28T18:00,68.1,42,2.7,1021.5
2025-04-28T19:00,64.0,59,4.0,1021.5
2025-04-28T20:00,59.2,59,5.3,1021.7
2025-04-28T21:00,60.0,50,6.5,1021.2
2025-04-28T22:00,59.0,49,6.8,1020.7
2025-04-28T23:00,58.7,49,9.0,1020.2
2025-04-29T00:00,57.3,52,9.5,1020.2
2025-04-29T01:00,55.8,53,10.1,1020.1
2025-04-29T02:00,54.3,54,9.8,1019.8
2025-04-29T03:00,53.1,53,9.5,1019.7
2025-04-29T04:00,52.2,52,9.5,1019.6
2025-04-29T05:00,51.4,52,9.3,1019.3
2025-04-29T06:00,51.3,53,10.4,1018.7
2025-04-29T07:00,52.8,54,11.2,1018.7
2025-04-29T08:00,55.8,56,10.0,1018.5
2025-04-29T09:00,61.2,53,12.5,1016.8
2025-04-29T10:00,64.4,51,12.6,1016.2
2025-04-29T11:00,67.5,50,13.1,1015.1
2025-04-29T12:00,70.7,50,13.8,1013.8
2025-04-29T13:00,73.3,50,14.5,1012.9
2025-04-29T14:00,74.5,50,15.9,1011.8
2025-04-29T15:00,75.1,51,17.9,1010.2
2025-04-29T16:00,75.6,51,18.5,1008.2
2025-04-29T17:00,76.1,51,18.0,1007.0
2025-04-29T18:00,74.9,54,17.0,1006.8
2025-04-29T19:00,73.6,55,15.8,1006.2
2025-04-29T20:00,72.4,53,16.3,1005.7
2025-04-29T21:00,67.9,73,9.0,1007.8
2025-04-29T22:00,63.4,91,8.2,1007.5
2025-04-29T23:00,63.4,88,13.2,1006.0
2025-04-30T00:00,63.0,91,12.5,1005.8
2025-04-30T01:00,61.9,96,8.2,1006.4
2025-04-30T02:00,62.5,92,13.6,1008.1
2025-04-30T03:00,55.3,81,11.8,1009.9
2025-04-30T04:00,51.3,78,12.2,1011.4
2025-04-30T05:00,47.7,82,10.4,1012.2
2025-04-30T06:00,46.8,83,10.4,1012.5
2025-04-30T07:00,48.1,79,9.9,1013.3
2025-04-30T08:00,49.3,75,13.1,1014.1
2025-04-30T09:00,51.4,69,13.8,1014.3
2025-04-30T10:00,53.5,62,13.6,1015.2
2025-04-30T11:00,55.6,56,13.0,1015.4
2025-04-30T12:00,57.3,51,12.5,1015.4
2025-04-30T13:00,58.8,48,11.5,1015.2
2025-04-30T14:00,60.0,46,11.3,1015.3
2025-04-30T15:00,61.0,43,11.4,1015.0
2025-04-30T16:00,61.3,42,11.6,1015.1
2025-04-30T17:00,61.2,42,10.5,1015.1
2025-04-30T18:00,60.0,45,9.9,1015.5
2025-04-30T19:00,55.5,61,9.5,1016.2
2025-04-30T20:00,51.4,63,8.1,1017.3
2025-04-30T21:00,51.1,57,5.7,1018.2
2025-04-30T22:00,48.8,61,5.1,1018.9
2025-04-30T23:00,47.9,65,5.4,1019.5
2025-05-01T00:00,46.8,69,5.2,1019.4
2025-05-01T01:00,45.1,70,4.0,1019.6
2025-05-01T02:00,44.2,70,3.8,1020.0
2025-05-01T03:00,43.7,70,4.2,1019.7
2025-05-01T04:00,40.9,77,2.7,1019.5
2025-05-01T05:00,39.9,79,2.6,1019.9
2025-05-01T06:00,39.4,79,2.9,1020.1
2025-05-01T07:00,43.3,73,2.4,1020.7
2025-05-01T08:00,47.1,63,1.6,1021.1
2025-05-01T09:00,50.4,59,1.4,1020.7
2025-05-01T10:00,53.9,56,1.5,1020.5
2025-05-01T11:00,58.3,50,1.5,1020.1
2025-05-01T12:00,61.7,45,3.2,1019.2
2025-05-01T13:00,64.0,44,5.5,1017.9
2025-05-01T14:00,65.6,45,6.9,1017.0
2025-05-01T15:00,66.3,46,7.7,1016.2
2025-05-01T16:00,67.8,46,7.4,1014.8
2025-05-01T17:00,69.1,45,6.5,1013.9
2025-05-01T18:00,68.5,49,7.3,1013.2
2025-05-01T19:00,66.0,51,9.4,1012.7
2025-05-01T20:00,64.1,46,12.1,1013.0
2025-05-01T21:00,63.0,42,13.7,1012.4
2025-05-01T22:00,61.5,38,15.2,1012.4
2025-05-01T23:00,60.1,37,15.3,1011.9
2025-05-02T00:00,60.0,39,15.9,1011.4
2025-05-02T01:00,59.4,44,16.6,1011.0
2025-05-02T02:00,59.3,49,15.7,1009.9
2025-05-02T03:00,59.4,57,15.6,1009.2
2025-05-02T04:00,58.8,68,15.3,1008.3
2025-05-02T05:00,58.7,76,14.2,1007.5
2025-05-02T06:00,58.5,82,11.5,1007.7
2025-05-02T07:00,59.0,85,12.6,1008.5
2025-05-02T08:00,60.2,86,11.3,1008.4
2025-05-02T09:00,60.9,84,9.9,1008.6
2025-05-02T10:00,64.1,80,8.6,1008.7
2025-05-02T11:00,66.9,76,9.1,1008.6
2025-05-02T12:00,70.1,72,8.5,1008.0
2025-05-02T13:00,72.0,71,8.2,1007.7
2025-05-02T14:00,74.9,65,6.5,1006.9
2025-05-02T15:00,77.4,56,5.6,1006.5
2025-05-02T16:00,78.9,47,7.9,1006.1
2025-05-02T17:00,77.6,46,9.8,1006.5
2025-05-02T18:00,75.3,55,7.5,1007.1
2025-05-02T19:00,70.4,71,5.2,1007.6
2025-05-02T20:00,66.1,81,2.0,1008.2
2025-05-02T21:00,63.9,83,0.6,1008.0
2025-05-02T22:00,63.7,79,2.2,1009.0
2025-05-02T23:00,63.9,79,4.4,1009.3
2025-05-03T00:00,63.4,79,3.6,1009.1
2025-05-03T01:00,60.4,85,2.8,1009.4
2025-05-03T02:00,61.2,83,3.2,1008.8
2025-05-03T03:00,61.2,81,0.5,1009.1
2025-05-03T04:00,60.3,85,0.6,1009.1
2025-05-03T05:00,59.8,88,0.7,1009.5
2025-05-03T06:00,59.0,88,0.6,1009.4
2025-05-03T07:00,60.8,89,2.0,1009.9
2025-05-03T08:00,62.5,93,0.5,1010.1
2025-05-03T09:00,65.5,84,3.4,1009.8
2025-05-03T10:00,67.2,80,1.4,1009.8
2025-05-03T11:00,68.6,76,1.1,1009.6
2025-05-03T12:00,70.4,72,3.1,1009.1
2025-05-03T13:00,68.7,76,8.3,1009.3
2025-05-03T14:00,66.6,84,7.7,1009.2
2025-05-03T15:00,64.5,88,6.5,1008.8
2025-05-03T16:00,63.9,89,5.1,1009.0
2025-05-03T17:00,66.2,82,6.2,1008.9
2025-05-03T18:00,64.7,82,6.1,1009.2
2025-05-03T19:00,63.0,84,3.9,1010.0
2025-05-03T20:00,61.2,88,4.3,1010.4
2025-05-03T21:00,58.7,94,4.4,1011.2
2025-05-03T22:00,56.8,97,1.9,1011.2
2025-05-03T23:00,55.8,99,2.4,1011.3
2025-05-04T00:00,54.9,99,3.7,1011.6
2025-05-04T01:00,54.5,97,4.1,1011.2
2025-05-04T02:00,53.8,99,4.5,1011.0
2025-05-04T03:00,54.0,97,4.8,1010.5
2025-05-04T04:00,54.3,98,3.6,1010.1
2025-05-04T05:00,53.7,99,4.5,1010.2
2025-05-04T06:00,53.1,98,4.7,1011.2
2025-05-04T07:00,53.9,95,5.3,1011.6
2025-05-04T08:00,55.0,95,4.2,1012.2
2025-05-04T09:00,56.8,92,5.2,1012.7
2025-05-04T10:00,58.5,90,5.0,1012.8
2025-05-04T11:00,60.2,88,5.4,1012.6
2025-05-04T12:00,59.5,95,6.6,1012.8
2025-05-04T13:00,59.1,97,7.5,1013.2
2025-05-04T14:00,58.0,98,7.7,1012.8
2025-05-04T15:00,59.3,92,8.0,1012.7
2025-05-04T16:00,59.8,94,7.2,1012.3
2025-05-04T17:00,59.4,97,7.3,1012.5
2025-05-04T18:00,57.8,99,7.3,1012.7
2025-05-04T19:00,56.8,98,7.8,1012.9
2025-05-04T20:00,55.9,98,6.8,1013.4
2025-05-04T21:00,55.9,98,3.4,1014.3
2025-05-04T22:00,56.2,98,3.1,1014.5
2025-05-04T23:00,56.8,98,2.1,1014.8
2025-05-05T00:00,57.1,98,2.0,1014.9
2025-05-05T01:00,57.7,96,1.1,1015.1
2025-05-05T02:00,57.8,96,0.8,1015.1
2025-05-05T03:00,57.5,96,0.3,1015.3
2025-05-05T04:00,56.7,98,2.6,1015.9
2025-05-05T05:00,56.0,98,2.3,1016.8
2025-05-05T06:00,56.6,97,4.1,1017.0
2025-05-05T07:00,57.1,97,3.5,1017.5
2025-05-05T08:00,58.1,97,3.9,1018.6
2025-05-05T09:00,60.3,92,4.6,1019.1
2025-05-05T10:00,63.5,84,4.7,1019.4
2025-05-05T11:00,62.6,85,5.1,1020.0
2025-05-05T12:00,61.3,85,6.6,1020.1
2025-05-05T13:00,62.0,85,6.1,1019.9
2025-05-05T14:00,62.1,88,6.9,1019.5
2025-05-05T15:00,61.2,88,5.3,1019.4
2025-05-05T16:00,61.2,93,6.2,1018.9
2025-05-05T17:00,60.3,92,4.4,1018.8
2025-05-05T18:00,59.6,92,5.4,1018.5
2025-05-05T19:00,58.5,93,4.5,1018.4
2025-05-05T20:00,58.1,91,2.9,1019.3
2025-05-05T21:00,57.6,88,10.8,1019.4
2025-05-05T22:00,58.1,88,10.7,1019.4
2025-05-05T23:00,58.5,87,6.4,1019.3
2025-05-06T00:00,58.6,86,6.7,1019.0
2025-05-06T01:00,57.8,93,6.8,1018.5
2025-05-06T02:00,57.7,94,5.8,1017.9
2025-05-06T03:00,57.0,96,2.7,1018.6
2025-05-06T04:00,56.7,95,4.4,1018.1
2025-05-06T05:00,56.9,95,4.9,1017.7
2025-05-06T06:00,56.1,96,2.4,1018.0
2025-05-06T07:00,57.3,96,4.2,1018.4
2025-05-06T08:00,59.8,92,9.9,1017.9
2025-05-06T09:00,63.6,89,10.3,1017.7
2025-05-06T10:00,65.8,86,10.8,1017.4
2025-05-06T11:00,66.1,85,10.8,1016.9
2025-05-06T12:00,66.9,83,11.3,1016.2
2025-05-06T13:00,70.2,73,13.9,1015.0
2025-05-06T14:00,70.5,74,10.8,1014.0
2025-05-06T15:00,70.8,76,12.2,1013.3
2025-05-06T16:00,69.8,82,11.1,1012.0
2025-05-06T17:00,69.9,79,10.7,1011.0
2025-05-06T18:00,69.5,77,10.9,1010.7
2025-05-06T19:00,67.6,80,9.5,1010.3
2025-05-06T20:00,65.5,82,11.5,1010.5
2025-05-06T21:00,62.8,86,12.7,1011.4
2025-05-06T22:00,61.3,91,13.1,1011.8
2025-05-06T23:00,61.1,92,12.6,1011.1
2025-05-07T00:00,60.4,92,11.7,1011.1
2025-05-07T01:00,58.5,98,11.3,1011.4
2025-05-07T02:00,58.0,99,10.5,1011.6
2025-05-07T03:00,57.1,98,8.6,1011.5
2025-05-07T04:00,55.8,98,7.7,1011.5
2025-05-07T05:00,55.1,98,6.5,1011.5
2025-05-07T06:00,54.4,97,7.6,1011.8
2025-05-07T07:00,55.1,94,8.9,1012.5
2025-05-07T08:00,56.9,89,10.9,1012.5
2025-05-07T09:00,59.9,83,9.1,1012.7
2025-05-07T10:00,62.2,78,9.3,1012.3
2025-05-07T11:00,63.6,75,8.9,1012.0
2025-05-07T12:00,64.2,72,8.4,1011.8
2025-05-07T13:00,63.8,75,9.5,1011.6
2025-05-07T14:00,65.5,66,11.7,1011.3
2025-05-07T15:00,64.6,74,9.7,1011.2
2025-05-07T16:00,66.4,69,8.7,1010.6
2025-05-07T17:00,66.8,70,8.3,1010.2
2025-05-07T18:00,66.6,71,8.6,1010.2
2025-05-07T19:00,64.5,78,6.7,1010.8
2025-05-07T20:00,61.1,85,4.0,1011.3
2025-05-07T21:00,60.1,88,4.3,1012.4
2025-05-07T22:00,59.0,91,2.9,1013.2
2025-05-07T23:00,59.0,91,2.6,1013.4
2025-05-08T00:00,57.8,93,2.8,1013.5
2025-05-08T01:00,56.7,94,2.1,1013.5
2025-05-08T02:00,56.1,96,1.2,1013.6
2025-05-08T03:00,55.1,97,1.8,1013.8
2025-05-08T04:00,55.8,97,3.7,1014.0
2025-05-08T05:00,55.5,98,4.3,1014.2
2025-05-08T06:00,55.1,97,4.7,1014.5
2025-05-08T07:00,56.3,89,5.0,1014.6
2025-05-08T08:00,57.8,85,4.5,1015.2
2025-05-08T09:00,62.0,81,4.0,1015.4
2025-05-08T10:00,63.6,78,4.2,1015.5
2025-05-08T11:00,64.1,77,6.0,1015.5
2025-05-08T12:00,63.0,79,8.2,1015.7
2025-05-08T13:00,62.8,78,6.9,1015.4
2025-05-08T14:00,64.0,75,6.7,1015.0
2025-05-08T15:00,61.6,77,9.0,1015.3
2025-05-08T16:00,62.0,74,8.4,1015.0
2025-05-08T17:00,61.5,73,9.5,1015.0
2025-05-08T18:00,58.3,75,9.2,1015.6
2025-05-08T19:00,55.2,79,9.2,1016.1
2025-05-08T20:00,53.0,80,8.6,1016.5
2025-05-08T21:00,51.9,77,8.4,1017.3
2025-05-08T22:00,50.7,78,6.8,1017.7
2025-05-08T23:00,49.9,81,7.1,1017.7
2025-05-09T00:00,49.0,84,7.6,1017.4
2025-05-09T01:00,48.4,87,8.4,1016.9
2025-05-09T02:00,47.7,88,7.5,1016.3
2025-05-09T03:00,47.9,89,7.2,1016.3
2025-05-09T04:00,47.8,90,7.4,1015.9
2025-05-09T05:00,47.6,93,8.4,1015.6
2025-05-09T06:00,47.5,97,7.5,1015.7
2025-05-09T07:00,47.6,97,7.9,1015.3
2025-05-09T08:00,47.9,97,7.7,1015.2
2025-05-09T09:00,47.4,97,8.6,1015.5
2025-05-09T10:00,48.3,97,8.4,1014.8
2025-05-09T11:00,48.7,97,7.8,1014.5
2025-05-09T12:00,49.1,97,8.5,1014.1
2025-05-09T13:00,49.1,98,9.3,1013.2
2025-05-09T14:00,49.8,99,6.8,1012.7
2025-05-09T15:00,49.6,99,6.5,1012.9
2025-05-09T16:00,50.9,94,9.1,1011.7
2025-05-09T17:00,53.2,93,7.3,1011.4
2025-05-09T18:00,53.1,95,6.7,1011.0
2025-05-09T19:00,52.6,95,6.4,1010.7
2025-05-09T20:00,51.2,98,7.2,1010.5
2025-05-09T21:00,49.5,98,6.0,1011.6
2025-05-09T22:00,49.4,98,5.3,1011.9
2025-05-09T23:00,49.0,98,5.7,1011.4
2025-05-10T00:00,48.6,98,6.1,1011.2
2025-05-10T01:00,48.5,98,6.4,1010.7
2025-05-10T02:00,48.3,99,5.5,1010.4
2025-05-10T03:00,48.1,99,6.7,1009.5
2025-05-10T04:00,47.7,100,7.4,1009.0
2025-05-10T05:00,47.7,99,8.4,1008.8
2025-05-10T06:00,48.1,99,7.3,1009.4
2025-05-10T07:00,48.6,100,7.0,1009.8
2025-05-10T08:00,49.2,99,8.6,1009.7
2025-05-10T09:00,50.9,94,10.4,1009.8
2025-05-10T10:00,52.7,88,10.5,1010.3
2025-05-10T11:00,54.5,85,10.0,1011.0
2025-05-10T12:00,56.9,78,9.8,1011.4
2025-05-10T13:00,58.0,72,10.5,1011.9
2025-05-10T14:00,61.2,61,8.5,1011.3
2025-05-10T15:00,65.7,51,8.8,1010.7
2025-05-10T16:00,66.7,47,10.6,1010.6
2025-05-10T17:00,64.8,50,13.2,1011.1
2025-05-10T18:00,62.0,56,12.6,1012.1
2025-05-10T19:00,60.5,57,10.9,1013.0
2025-05-10T20:00,58.1,57,9.5,1014.0
2025-05-10T21:00,57.2,55,6.4,1015.1
2025-05-10T22:00,53.5,63,4.4,1016.2
2025-05-10T23:00,53.5,59,1.8,1016.5
2025-05-11T00:00,54.2,55,0.6,1016.9
2025-05-11T01:00,52.9,56,1.1,1016.7
2025-05-11T02:00,52.1,57,0.9,1016.9
2025-05-11T03:00,49.6,64,3.9,1017.6
2025-05-11T04:00,47.9,73,4.2,1018.0
2025-05-11T05:00,48.7,75,4.5,1018.6
2025-05-11T06:00,48.0,80,5.0,1019.8
2025-05-11T07:00,49.4,80,6.8,1021.4
2025-05-11T08:00,50.6,73,9.1,1022.3
2025-05-11T09:00,52.9,69,10.2,1022.5
2025-05-11T10:00,53.9,69,8.6,1023.0
2025-05-11T11:00,56.2,64,8.4,1023.5
2025-05-11T12:00,58.2,62,7.3,1023.7
2025-05-11T13:00,60.3,59,5.5,1023.6
2025-05-11T14:00,62.3,55,4.3,1023.3
2025-05-11T15:00,63.8,48,4.1,1023.1
2025-05-11T16:00,64.7,42,4.8,1022.8
2025-05-11T17:00,64.7,40,4.7,1023.0
2025-05-11T18:00,63.8,46,4.1,1023.6
2025-05-11T19:00,61.0,69,2.2,1024.1
2025-05-11T20:00,56.1,73,0.8,1024.7
2025-05-11T21:00,55.4,66,0.7,1024.4
2025-05-11T22:00,53.1,69,0.9,1024.9
2025-05-11T23:00,51.3,71,1.2,1025.1
2025-05-12T00:00,49.7,76,1.1,1025.1
2025-05-12T01:00,47.7,82,1.4,1025.0
2025-05-12T02:00,45.5,87,2.1,1025.1
2025-05-12T03:00,44.9,84,2.5,1024.7
2025-05-12T04:00,44.8,78,0.5,1025.0
2025-05-12T05:00,44.0,78,2.3,1024.9
2025-05-12T06:00,44.3,76,1.4,1025.4
2025-05-12T07:00,48.0,72,5.5,1025.5
2025-05-12T08:00,52.3,70,5.7,1025.5
2025-05-12T09:00,56.7,66,8.1,1025.5
2025-05-12T10:00,60.4,57,10.7,1024.5
2025-05-12T11:00,63.1,44,12.3,1023.8
2025-05-12T12:00,65.1,44,12.3,1022.9
2025-05-12T13:00,66.9,49,11.9,1021.8
2025-05-12T14:00,68.1,53,12.4,1020.7
2025-05-12T15:00,68.4,56,12.2,1020.0
2025-05-12T16:00,68.7,60,12.2,1019.4
2025-05-12T17:00,68.8,63,11.7,1018.5
2025-05-12T18:00,67.7,70,8.9,1018.2
2025-05-12T19:00,66.1,72,9.1,1017.8
2025-05-12T20:00,64.2,74,9.2,1017.7
2025-05-12T21:00,65.7,70,9.6,1017.3
2025-05-12T22:00,64.3,72,9.4,1018.0
2025-05-12T23:00,63.0,76,7.4,1018.4
2025-05-13T00:00,62.0,79,7.0,1018.7
2025-05-13T01:00,60.8,82,4.7,1018.9
2025-05-13T02:00,58.0,86,2.1,1018.9
2025-05-13T03:00,57.4,87,2.3,1019.0
2025-05-13T04:00,57.6,84,1.0,1018.9
2025-05-13T05:00,55.4,90,2.3,1019.6
2025-05-13T06:00,54.8,91,2.7,1019.8
2025-05-13T07:00,59.3,85,3.4,1020.2
2025-05-13T08:00,62.7,84,0.9,1020.6
2025-05-13T09:00,67.2,72,2.4,1020.9
2025-05-13T10:00,70.0,60,5.7,1020.7
2025-05-13T11:00,71.2,51,7.9,1020.7
2025-05-13T12:00,72.0,47,8.9,1020.2
2025-05-13T13:00,73.1,47,9.4,1020.0
2025-05-13T14:00,73.9,50,10.0,1019.7
2025-05-13T15:00,74.1,52,10.5,1019.3
2025-05-13T16:00,73.8,55,9.9,1018.8
2025-05-13T17:00,73.2,61,9.1,1018.3
2025-05-13T18:00,71.2,70,7.5,1018.4
2025-05-13T19:00,69.2,73,6.5,1018.5
2025-05-13T20:00,66.6,68,8.2,1018.9
2025-05-13T21:00,65.4,74,9.2,1018.7
2025-05-13T22:00,63.4,72,9.4,1019.2
2025-05-13T23:00,61.8,68,9.0,1019.4
2025-05-14T00:00,60.5,69,8.4,1019.3
2025-05-14T01:00,59.7,72,8.0,1019.3
2025-05-14T02:00,59.2,75,6.9,1018.9
2025-05-14T03:00,58.8,79,6.5,1018.7
2025-05-14T04:00,58.5,82,5.6,1018.6
2025-05-14T05:00,58.1,83,5.1,1018.6
2025-05-14T06:00,58.0,82,5.3,1018.6
2025-05-14T07:00,59.5,80,5.5,1018.8
2025-05-14T08:00,62.5,77,2.7,1018.6
2025-05-14T09:00,66.6,71,5.2,1018.9
2025-05-14T10:00,67.5,70,5.0,1019.0
2025-05-14T11:00,68.7,70,6.5,1018.5
2025-05-14T12:00,68.5,70,7.8,1018.2
2025-05-14T13:00,70.5,67,8.7,1017.6
2025-05-14T14:00,72.4,60,12.9,1016.8
2025-05-14T15:00,69.6,73,8.8,1016.8
2025-05-14T16:00,70.9,68,8.6,1015.8
2025-05-14T17:00,71.3,67,9.1,1015.1
2025-05-14T18:00,70.5,71,8.4,1014.5
2025-05-14T19:00,69.3,73,7.3,1014.3
2025-05-14T20:00,67.5,74,7.6,1014.0
2025-05-14T21:00,66.6,76,8.3,1014.2
2025-05-14T22:00,66.1,77,9.1,1013.8
2025-05-14T23:00,65.7,80,9.8,1013.7
2025-05-15T00:00,64.8,84,8.3,1013.3
2025-05-15T01:00,64.9,85,8.0,1013.2
2025-05-15T02:00,64.8,86,7.6,1013.1
2025-05-15T03:00,64.5,87,5.8,1012.8
2025-05-15T04:00,63.9,89,5.5,1012.4
2025-05-15T05:00,63.9,88,5.7,1012.0
2025-05-15T06:00,63.5,88,5.6,1011.8
2025-05-15T07:00,64.0,88,6.2,1011.8
2025-05-15T08:00,65.1,87,4.1,1011.7
2025-05-15T09:00,69.0,83,5.7,1011.3
2025-05-15T10:00,70.4,81,7.1,1010.8
2025-05-15T11:00,72.1,78,7.0,1010.4
2025-05-15T12:00,73.7,77,5.7,1010.1
2025-05-15T13:00,74.6,74,6.4,1009.6
2025-05-15T14:00,74.5,74,6.3,1008.9
2025-05-15T15:00,75.1,73,6.4,1008.3
2025-05-15T16:00,75.6,73,5.8,1007.4
2025-05-15T17:00,72.2,80,6.5,1007.4
2025-05-15T18:00,71.8,81,5.6,1007.1
2025-05-15T19:00,70.8,85,4.2,1007.0
2025-05-15T20:00,68.4,91,2.8,1006.8
2025-05-15T21:00,67.6,90,8.1,1007.2
2025-05-15T22:00,66.3,91,8.6,1007.2
2025-05-15T23:00,64.8,92,8.0,1006.9
2025-05-16T00:00,64.1,94,8.4,1006.7
2025-05-16T01:00,63.7,96,8.6,1007.1
2025-05-16T02:00,63.3,98,8.3,1007.0
2025-05-16T03:00,63.5,98,7.7,1006.5
2025-05-16T04:00,63.5,99,7.3,1006.7
2025-05-16T05:00,63.5,99,6.9,1006.8
2025-05-16T06:00,63.3,100,6.8,1006.2
2025-05-16T07:00,63.7,99,6.8,1006.7
2025-05-16T08:00,64.0,98,6.2,1006.6
2025-05-16T09:00,69.1,85,5.9,1005.5
2025-05-16T10:00,71.4,79,6.9,1005.9
2025-05-16T11:00,73.3,76,8.0,1005.2
2025-05-16T12:00,73.8,76,9.2,1004.5
2025-05-16T13:00,76.2,71,9.8,1003.8
2025-05-16T14:00,76.9,71,10.9,1003.4
2025-05-16T15:00,77.6,67,11.8,1002.8
2025-05-16T16:00,77.8,67,11.5,1003.0
2025-05-16T17:00,75.2,80,6.3,1002.7
2025-05-16T18:00,74.7,81,10.0,1002.3
2025-05-16T19:00,73.1,85,9.4,1002.4
2025-05-16T20:00,71.6,88,6.9,1003.1
2025-05-16T21:00,69.2,89,11.9,1001.7
2025-05-16T22:00,69.3,91,12.7,1002.2
2025-05-16T23:00,69.0,93,10.4,1002.8
2025-05-17T00:00,68.4,96,10.6,1002.2
2025-05-17T01:00,68.0,97,10.2,1001.9
2025-05-17T02:00,67.5,98,9.7,1001.9
2025-05-17T03:00,67.5,98,8.8,1001.4
2025-05-17T04:00,67.5,99,8.1,1001.2
2025-05-17T05:00,67.5,100,8.9,1000.7
2025-05-17T06:00,67.2,100,8.9,1000.6
2025-05-17T07:00,67.9,98,10.3,1000.3
2025-05-17T08:00,69.3,93,13.1,1000.5
2025-05-17T09:00,71.0,87,13.3,999.6
2025-05-17T10:00,71.5,84,14.1,998.6
2025-05-17T11:00,73.4,80,13.8,997.7
2025-05-17T12:00,75.8,75,13.2,997.0
2025-05-17T13:00,71.8,86,10.8,996.7
2025-05-17T14:00,74.3,75,12.9,995.5
2025-05-17T15:00,71.2,81,10.6,994.9
2025-05-17T16:00,68.8,89,12.0,994.6
2025-05-17T17:00,70.9,83,9.6,994.5
2025-05-17T18:00,67.3,89,5.6,995.3
2025-05-17T19:00,65.5,87,8.2,996.8
2025-05-17T20:00,64.9,93,1.2,996.6
2025-05-17T21:00,63.0,87,9.5,998.2
2025-05-17T22:00,61.4,84,4.1,998.8
2025-05-17T23:00,61.1,82,4.2,999.2
2025-05-18T00:00,59.2,86,3.7,998.9
2025-05-18T01:00,57.8,88,3.8,998.6
2025-05-18T02:00,56.2,87,6.4,998.6
2025-05-18T03:00,55.8,90,4.0,998.4
2025-05-18T04:00,55.3,88,4.0,998.4
2025-05-18T05:00,54.0,88,3.9,998.2
2025-05-18T06:00,53.9,89,5.1,998.4
2025-05-18T07:00,55.5,88,6.8,998.3
2025-05-18T08:00,57.6,83,7.1,998.3
2025-05-18T09:00,59.0,87,6.5,998.1
2025-05-18T10:00,59.6,84,7.0,998.2
2025-05-18T11:00,59.3,86,8.4,998.2
2025-05-18T12:00,59.6,84,9.6,998.0
2025-05-18T13:00,61.6,80,11.2,998.1
2025-05-18T14:00,61.3,80,12.5,998.2
2025-05-18T15:00,61.5,78,14.1,998.5
2025-05-18T16:00,60.7,81,11.0,998.7
2025-05-18T17:00,61.2,77,13.5,998.5
2025-05-18T18:00,60.6,77,12.6,999.0
2025-05-18T19:00,59.3,79,12.7,999.6
2025-05-18T20:00,57.6,80,12.8,1000.3
2025-05-18T21:00,56.8,81,12.3,1001.5
2025-05-18T22:00,55.2,79,11.6,1002.7
2025-05-18T23:00,53.6,75,11.2,1003.3
2025-05-19T00:00,52.3,76,9.4,1003.7
2025-05-19T01:00,50.7,81,9.3,1004.3
2025-05-19T02:00,50.4,80,9.4,1004.8
2025-05-19T03:00,50.0,77,9.3,1005.1
2025-05-19T04:00,49.6,76,8.9,1005.6
2025-05-19T05:00,48.7,77,8.8,1006.3
2025-05-19T06:00,48.6,77,8.5,1006.7
2025-05-19T07:00,48.9,77,8.8,1007.3
2025-05-19T08:00,49.6,75,11.0,1007.6
2025-05-19T09:00,50.8,73,12.8,1007.9
2025-05-19T10:00,52.1,70,13.4,1007.6
2025-05-19T11:00,53.6,67,14.0,1007.7
2025-05-19T12:00,55.1,64,14.3,1007.6
2025-05-19T13:00,55.8,62,14.1,1007.1
2025-05-19T14:00,57.2,61,14.3,1007.1
2025-05-19T15:00,57.6,58,13.5,1007.3
2025-05-19T16:00,57.2,58,14.7,1007.5
2025-05-19T17:00,56.4,62,12.4,1007.5
2025-05-19T18:00,55.1,64,12.2,1008.3
2025-05-19T19:00,53.2,65,12.2,1009.2
2025-05-19T20:00,51.6,64,11.6,1009.9
2025-05-19T21:00,49.3,64,11.1,1011.2
2025-05-19T22:00,48.6,67,10.0,1011.7
2025-05-19T23:00,48.3,67,10.7,1011.6
2025-05-20T00:00,47.8,68,10.6,1011.6
2025-05-20T01:00,47.4,68,10.6,1011.6
2025-05-20T02:00,47.0,68,10.4,1011.6
2025-05-20T03:00,46.6,69,9.3,1012.1
2025-05-20T04:00,46.0,70,9.0,1012.6
2025-05-20T05:00,45.9,70,8.8,1012.4
2025-05-20T06:00,45.9,71,8.6,1012.9
2025-05-20T07:00,46.4,72,8.8,1013.4
2025-05-20T08:00,47.7,69,11.6,1013.4
2025-05-20T09:00,49.0,67,11.3,1013.6
2025-05-20T10:00,50.5,67,11.0,1014.0
2025-05-20T11:00,52.0,66,10.7,1014.0
2025-05-20T12:00,53.7,64,10.7,1014.0
2025-05-20T13:00,54.8,64,10.4,1013.9
2025-05-20T14:00,55.8,64,10.3,1013.7
2025-05-20T15:00,56.7,64,11.1,1013.6
2025-05-20T16:00,56.9,64,10.5,1013.8
2025-05-20T17:00,56.7,66,9.9,1013.8
2025-05-20T18:00,55.8,67,9.4,1014.1
2025-05-20T19:00,54.4,71,7.5,1014.3
2025-05-20T20:00,52.2,77,4.8,1014.9
2025-05-20T21:00,50.2,81,6.2,1015.0
2025-05-20T22:00,48.9,84,5.7,1015.4
2025-05-20T23:00,48.2,86,5.3,1015.1
2025-05-21T00:00,48.4,87,3.3,1014.9
2025-05-21T01:00,49.5,89,1.1,1014.8
2025-05-21T02:00,49.5,89,1.8,1015.2
2025-05-21T03:00,49.3,93,0.7,1015.1
2025-05-21T04:00,49.6,93,0.6,1015.3
2025-05-21T05:00,50.0,93,1.0,1015.5
2025-05-21T06:00,50.6,89,3.1,1015.0
2025-05-21T07:00,51.6,85,3.1,1015.0
2025-05-21T08:00,52.4,82,2.7,1014.9
2025-05-21T09:00,53.8,75,5.3,1014.9
2025-05-21T10:00,54.4,72,6.6,1015.0
2025-05-21T11:00,54.7,70,7.5,1014.8
2025-05-21T12:00,54.8,70,7.9,1014.7
2025-05-21T13:00,54.9,71,7.4,1014.5
2025-05-21T14:00,53.8,71,7.4,1014.5
2025-05-21T15:00,53.4,71,7.5,1014.5
2025-05-21T16:00,54.4,69,8.6,1013.9
2025-05-21T17:00,53.2,70,7.5,1013.5
2025-05-21T18:00,52.5,72,6.1,1013.3
2025-05-21T19:00,51.7,71,5.8,1013.2
2025-05-21T20:00,50.7,71,5.9,1013.4
2025-05-21T21:00,48.7,76,6.1,1014.3
2025-05-21T22:00,47.7,81,6.7,1014.3
2025-05-21T23:00,46.9,85,6.3,1013.9
2025-05-22T00:00,46.6,88,5.9,1013.9
2025-05-22T01:00,46.3,88,6.4,1013.1
2025-05-22T02:00,46.5,87,6.2,1012.5
2025-05-22T03:00,46.8,86,5.4,1012.1
2025-05-22T04:00,46.8,85,6.1,1011.6
2025-05-22T05:00,46.0,91,3.2,1011.4
2025-05-22T06:00,46.4,90,2.1,1011.2
2025-05-22T07:00,46.9,86,2.9,1011.2
2025-05-22T08:00,46.9,91,4.3,1011.0
2025-05-22T09:00,48.4,87,6.6,1011.1
2025-05-22T10:00,48.2,87,6.8,1010.8
2025-05-22T11:00,49.5,83,9.0,1010.5
2025-05-22T12:00,49.5,81,8.5,1010.4
2025-05-22T13:00,50.7,78,9.7,1010.0
2025-05-22T14:00,51.0,75,9.9,1009.4
2025-05-22T15:00,51.4,72,10.5,1009.4
2025-05-22T16:00,51.1,72,8.4,1009.2
2025-05-22T17:00,51.1,71,6.7,1009.1
2025-05-22T18:00,49.5,74,4.9,1009.0
2025-05-22T19:00,48.3,76,5.5,1009.1
2025-05-22T20:00,47.2,78,5.1,1009.0
2025-05-22T21:00,45.6,93,4.7,1009.4
2025-05-22T22:00,44.9,93,4.7,1009.3
2025-05-22T23:00,45.0,95,3.5,1008.9
2025-05-23T00:00,45.2,95,2.7,1008.5
2025-05-23T01:00,45.3,97,2.6,1008.3
2025-05-23T02:00,45.1,96,3.0,1007.5
2025-05-23T03:00,44.8,97,3.6,1007.0
2025-05-23T04:00,44.5,97,3.6,1006.7
2025-05-23T05:00,44.1,98,4.1,1006.7
2025-05-23T06:00,44.1,98,3.2,1006.7
2025-05-23T07:00,44.2,96,2.5,1006.8
2025-05-23T08:00,44.5,94,1.6,1006.9
2025-05-23T09:00,47.0,87,1.1,1006.5
2025-05-23T10:00,48.9,82,1.7,1006.9
2025-05-23T11:00,49.5,82,3.2,1007.1
2025-05-23T12:00,50.9,79,4.9,1006.9
2025-05-23T13:00,52.3,77,6.3,1006.8
2025-05-23T14:00,52.4,79,5.9,1006.7
2025-05-23T15:00,52.2,82,7.0,1007.0
2025-05-23T16:00,51.2,87,6.6,1006.9
2025-05-23T17:00,50.8,91,7.3,1007.1
2025-05-23T18:00,51.2,94,5.1,1007.2
2025-05-23T19:00,51.4,91,5.0,1007.3
2025-05-23T20:00,50.3,92,4.1,1007.8
2025-05-23T21:00,49.4,94,5.6,1008.6
2025-05-23T22:00,48.6,95,6.2,1009.1
2025-05-23T23:00,48.3,95,6.7,1008.8
2025-05-24T00:00,48.4,93,6.7,1008.7
2025-05-24T01:00,48.5,92,5.3,1008.4
2025-05-24T02:00,48.1,95,4.1,1008.1
2025-05-24T03:00,47.9,97,4.5,1008.0
2025-05-24T04:00,47.7,97,4.5,1008.0
2025-05-24T05:00,47.7,97,4.8,1008.1
2025-05-24T06:00,47.8,97,4.3,1008.6
2025-05-24T07:00,48.3,96,4.8,1009.0
2025-05-24T08:00,49.2,93,6.9,1009.3
2025-05-24T09:00,52.5,90,7.4,1009.8
2025-05-24T10:00,53.6,82,8.2,1009.8
2025-05-24T11:00,54.9,74,8.4,1009.7
2025-05-24T12:00,55.5,70,8.8,1009.8
2025-05-24T13:00,55.5,70,8.5,1010.1
2025-05-24T14:00,54.9,74,8.5,1010.5
2025-05-24T15:00,55.9,74,9.0,1010.8
2025-05-24T16:00,56.1,73,9.7,1011.1
2025-05-24T17:00,55.1,79,10.1,1011.4
2025-05-24T18:00,54.7,79,7.9,1011.7
2025-05-24T19:00,54.2,76,9.6,1012.2
2025-05-24T20:00,52.9,82,8.1,1012.6
2025-05-24T21:00,52.5,82,8.1,1013.3
2025-05-24T22:00,52.2,84,7.9,1013.5
2025-05-24T23:00,51.2,86,8.5,1013.4
2025-05-25T00:00,50.8,85,8.6,1014.0
2025-05-25T01:00,50.4,86,8.5,1014.2
2025-05-25T02:00,50.0,86,8.4,1014.4
2025-05-25T03:00,49.9,86,8.1,1014.7
2025-05-25T04:00,50.0,86,7.7,1014.7
2025-05-25T05:00,49.9,87,7.2,1015.1
2025-05-25T06:00,49.8,89,7.2,1015.7
2025-05-25T07:00,50.6,89,7.5,1016.3
2025-05-25T08:00,51.4,89,9.4,1016.4
2025-05-25T09:00,53.5,85,10.2,1016.5
2025-05-25T10:00,53.9,83,10.8,1016.4
2025-05-25T11:00,55.9,76,11.4,1016.1
2025-05-25T12:00,58.7,67,10.9,1015.7
2025-05-25T13:00,59.3,65,10.0,1015.6
2025-05-25T14:00,59.9,63,10.4,1015.8
2025-05-25T15:00,60.6,61,9.1,1015.8
2025-05-25T16:00,59.6,66,7.4,1015.3
2025-05-25T17:00,60.4,62,7.4,1015.0
2025-05-25T18:00,60.1,65,4.7,1015.4
2025-05-25T19:00,59.4,70,2.9,1016.0
2025-05-25T20:00,56.2,79,3.6,1016.6
2025-05-25T21:00,55.6,79,6.3,1017.6
2025-05-25T22:00,54.6,81,6.7,1018.7
2025-05-25T23:00,53.4,84,7.3,1019.2
2025-05-26T00:00,51.6,91,4.1,1018.8
2025-05-26T01:00,50.2,95,2.4,1018.4
2025-05-26T02:00,49.3,93,1.2,1018.3
2025-05-26T03:00,48.3,93,3.1,1018.5
2025-05-26T04:00,46.9,96,3.5,1019.1
2025-05-26T05:00,46.5,95,2.0,1019.7
2025-05-26T06:00,46.8,94,3.0,1020.4
2025-05-26T07:00,50.0,92,4.2,1021.1
2025-05-26T08:00,52.3,86,5.7,1021.5
2025-05-26T09:00,55.3,88,3.5,1021.8
2025-05-26T10:00,58.5,80,4.3,1021.9
2025-05-26T11:00,61.6,73,4.7,1021.6
2025-05-26T12:00,64.2,64,5.4,1021.4
2025-05-26T13:00,65.7,63,6.1,1021.2
2025-05-26T14:00,66.7,60,6.5,1020.9
2025-05-26T15:00,67.0,55,6.4,1020.8
2025-05-26T16:00,64.5,69,5.1,1021.0
2025-05-26T17:00,64.5,67,5.2,1020.9
2025-05-26T18:00,62.1,75,6.2,1021.6
2025-05-26T19:00,61.3,78,1.9,1021.7
2025-05-26T20:00,58.5,85,0.9,1022.3
2025-05-26T21:00,56.5,79,2.6,1022.5
2025-05-26T22:00,55.8,77,1.7,1023.2
2025-05-26T23:00,55.2,74,1.2,1023.4
2025-05-27T00:00,54.8,72,0.9,1023.6
2025-05-27T01:00,54.7,71,0.2,1023.4
2025-05-27T02:00,53.0,75,0.3,1023.6
2025-05-27T03:00,51.4,79,0.8,1023.8
2025-05-27T04:00,51.1,80,1.5,1024.0
2025-05-27T05:00,50.5,82,1.6,1024.1
2025-05-27T06:00,50.6,86,0.8,1025.3
2025-05-27T07:00,52.6,88,1.8,1026.1
2025-05-27T08:00,56.4,85,1.1,1026.5
2025-05-27T09:00,60.6,76,0.8,1026.5
2025-05-27T10:00,63.6,72,1.9,1026.2
2025-05-27T11:00,66.8,66,2.4,1025.5
2025-05-27T12:00,69.6,59,2.8,1025.3
2025-05-27T13:00,71.5,51,2.9,1025.0
2025-05-27T14:00,72.3,48,2.6,1024.7
2025-05-27T15:00,72.9,46,2.0,1024.1
2025-05-27T16:00,72.6,45,2.4,1023.5
2025-05-27T17:00,72.1,47,2.5,1023.4
2025-05-27T18:00,71.1,54,2.9,1023.3
2025-05-27T19:00,68.4,64,3.6,1023.6
2025-05-27T20:00,65.3,71,3.2,1023.3
2025-05-27T21:00,64.3,54,6.8,1022.7
2025-05-27T22:00,63.1,53,6.8,1022.9
2025-05-27T23:00,61.5,57,6.1,1023.2
2025-05-28T00:00,60.4,62,6.9,1023.2
2025-05-28T01:00,59.7,64,7.7,1023.1
2025-05-28T02:00,58.6,68,6.5,1022.9
2025-05-28T03:00,57.2,72,5.6,1023.3
2025-05-28T04:00,55.8,77,4.5,1023.2
2025-05-28T05:00,55.3,79,4.9,1023.2
2025-05-28T06:00,55.5,80,4.2,1023.4
2025-05-28T07:00,58.0,81,4.9,1023.8
2025-05-28T08:00,60.5,79,3.9,1023.9
2025-05-28T09:00,63.9,74,3.6,1023.9
2025-05-28T10:00,66.5,71,3.9,1023.6
2025-05-28T11:00,69.3,66,4.4,1023.3
2025-05-28T12:00,70.6,63,5.6,1022.9
2025-05-28T13:00,71.5,56,7.4,1022.7
2025-05-28T14:00,72.1,55,8.1,1022.1
2025-05-28T15:00,72.3,54,8.7,1021.4
2025-05-28T16:00,71.9,55,8.4,1020.9
2025-05-28T17:00,71.3,56,7.8,1020.4
2025-05-28T18:00,70.2,60,5.9,1020.0
2025-05-28T19:00,67.3,65,10.9,1020.1
2025-05-28T20:00,62.4,65,9.8,1020.7
2025-05-28T21:00,60.8,59,10.2,1020.6
2025-05-28T22:00,58.1,68,10.1,1020.8
2025-05-28T23:00,57.1,75,9.4,1020.8
2025-05-29T00:00,56.6,80,6.6,1020.5
2025-05-29T01:00,56.2,84,4.3,1020.0
2025-05-29T02:00,56.2,87,5.0,1019.1
2025-05-29T03:00,55.9,89,2.3,1019.1
2025-05-29T04:00,56.1,90,2.8,1018.6
2025-05-29T05:00,56.0,92,2.8,1018.1
2025-05-29T06:00,56.8,91,3.9,1017.6
2025-05-29T07:00,57.8,91,2.3,1017.2
2025-05-29T08:00,59.6,90,4.6,1017.4
2025-05-29T09:00,62.5,80,7.3,1017.1
2025-05-29T10:00,63.3,78,7.6,1016.5
2025-05-29T11:00,65.7,72,7.9,1015.0
2025-05-29T12:00,68.3,68,7.5,1014.0
2025-05-29T13:00,69.4,66,8.0,1013.3
2025-05-29T14:00,68.4,68,7.8,1012.7
2025-05-29T15:00,68.6,69,5.9,1012.1
2025-05-29T16:00,68.4,71,5.6,1011.3
2025-05-29T17:00,67.6,74,4.5,1010.6
2025-05-29T18:00,68.1,75,4.6,1010.2
2025-05-29T19:00,66.9,76,3.1,1009.9
2025-05-29T20:00,64.8,86,3.7,1009.9
2025-05-29T21:00,62.7,92,4.3,1010.2
2025-05-29T22:00,61.8,92,3.7,1010.0
2025-05-29T23:00,60.9,94,4.8,1009.6
2025-05-30T00:00,60.3,95,5.2,1008.8
2025-05-30T01:00,59.5,95,6.0,1008.2
2025-05-30T02:00,59.3,96,6.2,1007.8
2025-05-30T03:00,58.8,97,6.5,1007.2
2025-05-30T04:00,58.9,98,6.5,1006.5
2025-05-30T05:00,59.3,98,5.5,1005.9
2025-05-30T06:00,59.1,98,6.7,1005.8
2025-05-30T07:00,59.4,98,6.7,1005.5
2025-05-30T08:00,61.2,93,5.5,1005.2
2025-05-30T09:00,64.5,85,4.1,1004.4
2025-05-30T10:00,67.2,75,4.1,1003.7
2025-05-30T11:00,68.9,67,6.0,1003.1
2025-05-30T12:00,70.6,63,7.1,1002.3
2025-05-30T13:00,72.5,58,6.8,1001.2
2025-05-30T14:00,73.7,54,7.3,1000.3
2025-05-30T15:00,74.6,51,7.5,999.3
2025-05-30T16:00,75.2,49,7.1,998.0
2025-05-30T17:00,74.4,50,7.5,997.6
2025-05-30T18:00,72.4,55,6.0,997.0
2025-05-30T19:00,70.4,65,3.1,996.6
2025-05-30T20:00,68.4,71,1.1,996.3
2025-05-30T21:00,65.3,76,1.8,995.7
2025-05-30T22:00,64.6,80,3.1,995.8
2025-05-30T23:00,64.5,78,6.2,995.1
2025-05-31T00:00,63.8,84,5.2,994.5
2025-05-31T01:00,62.9,90,4.7,993.4
2025-05-31T02:00,61.4,94,4.4,992.5
2025-05-31T03:00,61.0,95,1.1,991.3
2025-05-31T04:00,60.7,97,1.3,990.5
2025-05-31T05:00,60.3,98,4.6,989.6
2025-05-31T06:00,59.6,99,7.5,988.3
2025-05-31T07:00,59.0,98,9.7,987.0
2025-05-31T08:00,59.1,98,7.7,986.7
2025-05-31T09:00,58.2,97,11.5,985.7
2025-05-31T10:00,57.9,97,15.0,984.8
2025-05-31T11:00,57.8,97,12.8,984.8
2025-05-31T12:00,58.0,93,11.7,985.5
2025-05-31T13:00,57.4,97,11.3,985.6
2025-05-31T14:00,58.7,96,12.8,985.9
2025-05-31T15:00,58.7,96,12.4,986.7
2025-05-31T16:00,57.3,96,15.8,987.8
2025-05-31T17:00,54.7,96,15.8,989.0
2025-05-31T18:00,52.5,95,14.4,990.4
2025-05-31T19:00,51.3,95,12.9,991.6
2025-05-31T20:00,50.4,95,11.2,992.6
2025-05-31T21:00,48.6,93,9.7,994.1
2025-05-31T22:00,48.5,93,8.6,995.2
2025-05-31T23:00,48.5,94,8.1,995.7
2025-06-01T00:00,48.5,95,7.9,996.1
2025-06-01T01:00,48.4,94,7.4,996.3
2025-06-01T02:00,48.6,91,8.4,996.6
2025-06-01T03:00,48.6,91,7.9,997.1
2025-06-01T04:00,48.1,91,6.6,997.5
2025-06-01T05:00,47.0,92,5.8,998.1
2025-06-01T06:00,47.3,90,6.0,999.1
2025-06-01T07:00,49.0,86,7.5,1000.0
2025-06-01T08:00,50.3,80,10.0,1000.7
2025-06-01T09:00,52.3,73,11.0,1001.0
2025-06-01T10:00,52.4,68,12.7,1001.7
2025-06-01T11:00,53.8,63,14.1,1002.5
2025-06-01T12:00,54.8,61,13.8,1002.9
2025-06-01T13:00,54.6,63,13.1,1003.4
2025-06-01T14:00,53.9,69,11.1,1003.9
2025-06-01T15:00,56.1,64,11.1,1004.2
2025-06-01T16:00,57.6,60,11.5,1004.5
2025-06-01T17:00,57.6,61,10.6,1005.0
2025-06-01T18:00,57.8,62,8.5,1005.0
2025-06-01T19:00,57.6,66,5.7,1005.6
2025-06-01T20:00,54.8,72,4.4,1006.4
2025-06-01T21:00,51.1,75,3.1,1007.7
2025-06-01T22:00,51.0,72,1.2,1008.6
2025-06-01T23:00,50.1,74,1.2,1009.0
2025-06-02T00:00,47.7,82,3.4,1009.4
2025-06-02T01:00,46.6,84,3.5,1009.8
2025-06-02T02:00,46.1,84,2.2,1010.1
2025-06-02T03:00,46.4,85,2.2,1010.6
2025-06-02T04:00,46.3,87,2.2,1010.9
2025-06-02T05:00,46.8,87,2.0,1011.2
2025-06-02T06:00,47.9,87,1.7,1011.7
2025-06-02T07:00,49.9,86,2.2,1012.5
2025-06-02T08:00,52.2,80,2.0,1012.9
2025-06-02T09:00,56.0,76,2.5,1012.7
2025-06-02T10:00,59.4,72,5.1,1012.9
2025-06-02T11:00,62.4,61,7.2,1012.8
2025-06-02T12:00,64.7,55,8.2,1012.7
2025-06-02T13:00,66.5,50,8.7,1012.4
2025-06-02T14:00,67.6,46,9.3,1011.8
2025-06-02T15:00,68.3,44,9.7,1011.5
2025-06-02T16:00,68.0,43,9.6,1011.4
2025-06-02T17:00,67.6,44,10.1,1011.5
2025-06-02T18:00,66.3,50,8.6,1012.0
2025-06-02T19:00,64.1,55,7.6,1012.6
2025-06-02T20:00,60.0,65,3.8,1013.0
2025-06-02T21:00,58.0,63,3.7,1013.2
2025-06-02T22:00,57.9,60,1.5,1014.1
2025-06-02T23:00,57.3,58,0.4,1014.2
2025-06-03T00:00,56.3,56,0.9,1014.6
2025-06-03T01:00,56.0,54,0.7,1014.9
2025-06-03T02:00,55.0,55,0.7,1015.1
2025-06-03T03:00,54.0,56,0.7,1015.7
2025-06-03T04:00,50.4,66,3.0,1016.0
2025-06-03T05:00,50.6,69,3.6,1016.8
2025-06-03T06:00,51.2,71,4.1,1017.3
2025-06-03T07:00,53.7,75,5.1,1017.9
2025-06-03T08:00,56.6,77,4.5,1018.7
2025-06-03T09:00,60.5,71,4.4,1019.1
2025-06-03T10:00,63.7,69,4.7,1019.4
2025-06-03T11:00,67.0,62,4.1,1019.7
2025-06-03T12:00,70.2,54,4.8,1019.6
2025-06-03T13:00,72.1,47,5.8,1019.2
2025-06-03T14:00,73.1,47,6.2,1018.6
2025-06-03T15:00,73.5,51,6.5,1018.5
2025-06-03T16:00,73.4,55,6.5,1018.2
2025-06-03T17:00,73.3,57,6.2,1017.9
2025-06-03T18:00,72.9,61,5.7,1018.0
2025-06-03T19:00,71.2,70,4.7,1018.3
2025-06-03T20:00,68.0,74,5.0,1018.8
2025-06-03T21:00,67.8,69,6.8,1018.3
2025-06-03T22:00,66.6,68,8.3,1018.9
2025-06-03T23:00,65.0,68,8.6,1019.2
2025-06-04T00:00,63.9,70,8.9,1019.3
2025-06-04T01:00,63.2,73,9.2,1018.9
2025-06-04T02:00,62.4,74,9.4,1019.0
2025-06-04T03:00,61.4,73,9.1,1019.2
2025-06-04T04:00,60.3,72,9.1,1019.4
2025-06-04T05:00,59.7,73,8.6,1019.6
2025-06-04T06:00,59.6,74,8.0,1020.0
2025-06-04T07:00,61.6,74,7.7,1020.2
2025-06-04T08:00,64.6,73,7.2,1020.1
2025-06-04T09:00,67.5,70,7.4,1020.0
2025-06-04T10:00,70.9,69,6.9,1019.7
2025-06-04T11:00,74.3,67,6.8,1019.3
2025-06-04T12:00,77.1,62,7.6,1018.8
2025-06-04T13:00,78.9,60,8.4,1018.4
2025-06-04T14:00,80.5,60,8.6,1017.8
2025-06-04T15:00,81.4,63,8.4,1017.1
2025-06-04T16:00,81.9,66,7.9,1016.6
2025-06-04T17:00,81.7,69,8.1,1016.2
2025-06-04T18:00,80.9,72,7.4,1015.9
2025-06-04T19:00,79.3,76,7.0,1015.9
2025-06-04T20:00,76.8,79,7.8,1016.1
2025-06-04T21:00,76.9,72,10.4,1015.4
2025-06-04T22:00,74.6,74,10.9,1016.2
2025-06-04T23:00,72.0,72,10.6,1016.3
2025-06-05T00:00,70.2,75,10.6,1016.1
2025-06-05T01:00,69.2,78,10.2,1015.6
2025-06-05T02:00,68.5,81,9.2,1015.4
2025-06-05T03:00,67.9,83,7.5,1015.3
2025-06-05T04:00,67.4,85,7.3,1015.1
2025-06-05T05:00,66.6,87,4.5,1015.0
2025-06-05T06:00,67.0,87,4.7,1015.5
2025-06-05T07:00,69.3,86,5.3,1015.8
2025-06-05T08:00,71.6,85,3.9,1016.1
2025-06-05T09:00,75.6,79,4.1,1015.7
2025-06-05T10:00,78.6,73,3.7,1015.4
2025-06-05T11:00,81.0,68,3.3,1015.2
2025-06-05T12:00,82.8,66,3.3,1014.6
2025-06-05T13:00,84.3,64,3.3,1013.9
2025-06-05T14:00,85.3,60,3.5,1013.5
2025-06-05T15:00,82.8,69,7.2,1013.1
2025-06-05T16:00,81.4,75,6.0,1012.7
2025-06-05T17:00,82.7,73,3.8,1012.1
2025-06-05T18:00,81.4,74,5.1,1011.9
2025-06-05T19:00,80.1,80,3.2,1012.2
2025-06-05T20:00,77.8,86,3.6,1012.4
2025-06-05T21:00,71.3,93,7.3,1013.1
2025-06-05T22:00,70.7,92,1.3,1012.8
2025-06-05T23:00,71.0,90,3.2,1013.1
2025-06-06T00:00,70.1,90,0.6,1013.0
2025-06-06T01:00,70.0,91,2.6,1013.0
2025-06-06T02:00,69.7,92,4.6,1012.6
2025-06-06T03:00,68.7,95,3.4,1012.4
2025-06-06T04:00,67.9,96,3.7,1012.5
2025-06-06T05:00,67.1,97,3.2,1012.3
2025-06-06T06:00,66.5,96,5.0,1012.8
2025-06-06T07:00,67.3,91,5.7,1013.0
2025-06-06T08:00,67.3,92,4.6,1013.0
2025-06-06T09:00,72.0,83,6.3,1013.0
2025-06-06T10:00,75.4,75,3.0,1012.6
2025-06-06T11:00,78.0,69,1.9,1012.4
2025-06-06T12:00,77.5,70,2.8,1011.7
2025-06-06T13:00,79.3,70,3.0,1010.5
2025-06-06T14:00,79.0,71,4.4,1010.3
2025-06-06T15:00,77.4,75,1.9,1009.6
2025-06-06T16:00,73.3,84,5.1,1009.9
2025-06-06T17:00,74.9,82,2.1,1009.7
2025-06-06T18:00,73.6,83,3.6,1009.5
2025-06-06T19:00,71.3,93,3.6,1009.2
2025-06-06T20:00,70.0,96,1.5,1009.2
2025-06-06T21:00,67.5,96,1.2,1009.1
2025-06-06T22:00,66.7,97,0.3,1009.4
2025-06-06T23:00,66.3,96,0.6,1009.2
2025-06-07T00:00,65.5,98,2.2,1009.3
2025-06-07T01:00,66.1,98,2.8,1008.3
2025-06-07T02:00,65.5,98,2.5,1008.0
2025-06-07T03:00,65.7,98,2.9,1007.7
2025-06-07T04:00,65.6,98,2.0,1007.2
2025-06-07T05:00,65.2,98,0.2,1007.1
2025-06-07T06:00,65.4,98,2.7,1006.7
2025-06-07T07:00,65.7,99,1.8,1007.2
2025-06-07T08:00,66.2,98,2.4,1007.0
2025-06-07T09:00,67.4,98,3.3,1006.8
2025-06-07T10:00,67.4,98,2.8,1006.5
2025-06-07T11:00,66.7,98,7.1,1006.1
2025-06-07T12:00,64.5,99,10.3,1005.8
2025-06-07T13:00,64.4,99,7.7,1005.6
2025-06-07T14:00,64.4,97,8.5,1005.6
2025-06-07T15:00,67.7,93,8.6,1005.1
2025-06-07T16:00,68.7,86,8.8,1004.9
2025-06-07T17:00,70.0,82,8.3,1005.0
2025-06-07T18:00,70.5,79,8.2,1005.1
2025-06-07T19:00,70.0,81,6.5,1005.3
2025-06-07T20:00,68.0,85,6.3,1005.8
2025-06-07T21:00,65.5,89,3.4,1007.0
2025-06-07T22:00,64.1,91,2.7,1007.2
2025-06-07T23:00,63.7,91,2.5,1007.3
2025-06-08T00:00,63.0,90,3.1,1007.7
2025-06-08T01:00,62.6,90,3.9,1008.0
2025-06-08T02:00,62.4,91,5.5,1007.8
2025-06-08T03:00,61.3,94,5.5,1007.9
2025-06-08T04:00,60.3,96,5.7,1007.8
2025-06-08T05:00,59.1,97,5.2,1008.1
2025-06-08T06:00,59.1,97,4.7,1008.5
2025-06-08T07:00,61.1,93,3.6,1009.2
2025-06-08T08:00,63.2,91,3.7,1009.6
2025-06-08T09:00,66.1,86,3.4,1009.6
2025-06-08T10:00,69.4,81,2.4,1009.4
2025-06-08T11:00,72.1,71,0.7,1009.1
2025-06-08T12:00,73.9,65,1.0,1009.3
2025-06-08T13:00,75.0,63,1.9,1009.3
2025-06-08T14:00,76.5,58,2.7,1008.6
2025-06-08T15:00,77.4,54,3.8,1008.4
2025-06-08T16:00,77.7,51,4.9,1007.9
2025-06-08T17:00,75.7,57,5.6,1007.8
2025-06-08T18:00,73.3,69,6.1,1008.2
2025-06-08T19:00,71.8,74,5.8,1008.5
2025-06-08T20:00,69.6,76,6.6,1008.9
2025-06-08T21:00,68.5,74,9.6,1009.5
2025-06-08T22:00,67.6,76,10.3,1010.2
2025-06-08T23:00,66.5,81,9.2,1010.5
2025-06-09T00:00,65.6,84,8.8,1010.6
2025-06-09T01:00,64.8,83,8.6,1010.7
2025-06-09T02:00,64.0,82,8.0,1010.8
2025-06-09T03:00,63.4,80,7.8,1010.7
2025-06-09T04:00,63.0,76,7.5,1010.4
2025-06-09T05:00,62.5,73,7.3,1010.4
2025-06-09T06:00,62.1,72,8.2,1010.3
2025-06-09T07:00,62.2,72,6.5,1010.6
2025-06-09T08:00,63.0,75,4.1,1011.1
2025-06-09T09:00,64.9,77,6.0,1010.6
2025-06-09T10:00,67.1,75,8.1,1010.8
2025-06-09T11:00,67.5,75,10.6,1010.7
2025-06-09T12:00,67.4,83,6.9,1010.9
2025-06-09T13:00,67.0,89,6.2,1010.8
2025-06-09T14:00,69.5,81,9.9,1010.1
2025-06-09T15:00,70.4,80,8.9,1009.7
2025-06-09T16:00,69.8,83,6.8,1009.8
2025-06-09T17:00,69.2,87,6.4,1009.5
2025-06-09T18:00,68.5,90,5.6,1009.5
2025-06-09T19:00,68.4,92,5.5,1009.8
2025-06-09T20:00,67.9,92,5.4,1009.5
2025-06-09T21:00,66.3,90,5.8,1009.4
2025-06-09T22:00,65.8,90,7.8,1009.9
2025-06-09T23:00,65.5,89,8.9,1009.8
2025-06-10T00:00,65.0,90,9.3,1009.9
2025-06-10T01:00,64.6,91,9.9,1009.3
2025-06-10T02:00,64.3,91,10.0,1008.6
2025-06-10T03:00,64.2,90,9.7,1008.3
2025-06-10T04:00,64.1,90,9.3,1008.0
2025-06-10T05:00,64.0,92,8.3,1008.2
2025-06-10T06:00,64.1,93,6.8,1008.3
2025-06-10T07:00,64.8,92,6.0,1008.6
2025-06-10T08:00,65.2,93,7.5,1008.5
2025-06-10T09:00,66.9,90,10.0,1009.0
2025-06-10T10:00,66.6,94,9.0,1008.8
2025-06-10T11:00,66.6,95,8.6,1008.8
2025-06-10T12:00,68.6,89,11.2,1008.7
2025-06-10T13:00,68.1,91,8.7,1008.7
2025-06-10T14:00,70.3,85,8.6,1007.8
2025-06-10T15:00,73.3,79,7.5,1007.0
2025-06-10T16:00,74.6,76,7.4,1006.6
2025-06-10T17:00,72.3,81,9.7,1006.4
2025-06-10T18:00,68.9,87,9.1,1007.6
2025-06-10T19:00,69.1,85,3.2,1008.6
2025-06-10T20:00,67.9,86,4.6,1009.5
2025-06-10T21:00,65.9,89,3.7,1010.7
2025-06-10T22:00,63.5,89,3.6,1011.9
2025-06-10T23:00,62.5,85,1.9,1012.2
2025-06-11T00:00,61.6,84,1.4,1012.5
2025-06-11T01:00,60.3,85,1.8,1012.6
2025-06-11T02:00,59.4,87,3.6,1012.8
2025-06-11T03:00,59.2,91,4.4,1013.3
2025-06-11T04:00,56.9,93,2.7,1013.6
2025-06-11T05:00,55.9,93,2.3,1014.0
2025-06-11T06:00,57.5,95,5.6,1014.6
2025-06-11T07:00,59.0,98,6.6,1015.1
2025-06-11T08:00,61.9,95,5.7,1015.4
2025-06-11T09:00,65.6,84,5.7,1015.2
2025-06-11T10:00,68.6,76,5.6,1015.0
2025-06-11T11:00,71.4,66,7.3,1014.7
2025-06-11T12:00,73.1,61,9.1,1014.4
2025-06-11T13:00,74.4,58,10.6,1014.3
2025-06-11T14:00,74.7,59,11.1,1014.0
2025-06-11T15:00,74.9,60,9.2,1013.9
2025-06-11T16:00,75.8,58,8.7,1013.5
2025-06-11T17:00,75.6,60,9.2,1013.2
2025-06-11T18:00,75.6,63,5.9,1012.9
2025-06-11T19:00,74.7,70,3.1,1012.6
2025-06-11T20:00,71.9,75,4.1,1012.5
2025-06-11T21:00,71.5,68,5.6,1012.4
2025-06-11T22:00,69.7,73,8.6,1013.0
2025-06-11T23:00,68.1,75,8.6,1012.9
2025-06-12T00:00,67.5,76,8.8,1012.6
2025-06-12T01:00,66.7,78,9.0,1012.5
2025-06-12T02:00,65.5,81,8.7,1012.2
2025-06-12T03:00,65.2,80,7.5,1011.7
2025-06-12T04:00,65.1,80,5.4,1011.5
2025-06-12T05:00,65.0,80,4.1,1011.9
2025-06-12T06:00,66.3,77,4.6,1012.4
2025-06-12T07:00,69.4,74,9.1,1013.0
2025-06-12T08:00,70.6,77,8.4,1013.5
2025-06-12T09:00,73.8,66,9.3,1013.2
2025-06-12T10:00,73.7,60,9.4,1013.6
2025-06-12T11:00,74.0,57,9.5,1013.8
2025-06-12T12:00,74.7,53,9.6,1013.9
2025-06-12T13:00,73.8,54,9.8,1013.9
2025-06-12T14:00,74.4,52,12.0,1014.0
2025-06-12T15:00,74.1,52,11.7,1014.0
2025-06-12T16:00,73.6,53,11.8,1014.1
2025-06-12T17:00,72.5,54,11.5,1014.1
2025-06-12T18:00,71.0,56,9.5,1014.0
2025-06-12T19:00,68.9,59,8.7,1014.5
2025-06-12T20:00,65.9,61,8.7,1015.3
2025-06-12T21:00,64.8,57,6.8,1015.3
2025-06-12T22:00,63.3,61,6.3,1015.8
2025-06-12T23:00,62.3,66,6.7,1016.1
2025-06-13T00:00,60.4,74,4.8,1016.4
2025-06-13T01:00,59.3,79,4.8,1017.0
2025-06-13T02:00,58.0,84,3.8,1017.2
2025-06-13T03:00,56.7,87,4.5,1017.2
2025-06-13T04:00,55.8,82,5.5,1017.3
2025-06-13T05:00,55.6,80,5.4,1017.8
2025-06-13T06:00,56.0,76,5.4,1018.7
2025-06-13T07:00,56.6,76,3.6,1019.5
2025-06-13T08:00,57.3,75,3.5,1020.0
2025-06-13T09:00,60.6,68,3.2,1020.3
2025-06-13T10:00,62.6,65,3.0,1020.4
2025-06-13T11:00,64.2,63,3.8,1020.5
2025-06-13T12:00,64.5,64,3.5,1020.4
2025-06-13T13:00,66.4,63,3.3,1020.1
2025-06-13T14:00,68.6,58,3.5,1019.4
2025-06-13T15:00,69.4,55,3.5,1018.9
2025-06-13T16:00,70.7,52,2.9,1018.5
2025-06-13T17:00,71.3,52,2.5,1018.0
2025-06-13T18:00,71.1,53,1.7,1017.7
2025-06-13T19:00,69.6,61,2.1,1017.8
2025-06-13T20:00,66.4,79,1.7,1018.1
2025-06-13T21:00,64.6,67,5.1,1018.2
2025-06-13T22:00,63.8,65,4.7,1018.4
2025-06-13T23:00,63.3,67,2.8,1018.4
2025-06-14T00:00,62.2,78,0.9,1018.2
2025-06-14T01:00,61.7,80,2.3,1018.3
2025-06-14T02:00,61.3,87,1.0,1018.1
2025-06-14T03:00,60.8,91,0.9,1018.0
2025-06-14T04:00,60.3,94,1.0,1018.1
2025-06-14T05:00,59.6,97,1.9,1018.1
2025-06-14T06:00,59.4,97,1.5,1017.8
2025-06-14T07:00,59.5,98,1.1,1018.2
2025-06-14T08:00,60.1,95,2.2,1018.4
2025-06-14T09:00,60.3,92,1.9,1018.8
2025-06-14T10:00,61.6,87,0.9,1018.6
2025-06-14T11:00,63.0,84,2.5,1018.5
2025-06-14T12:00,65.3,77,1.7,1018.2
2025-06-14T13:00,66.4,75,1.3,1018.1
2025-06-14T14:00,67.0,74,0.7,1017.8
2025-06-14T15:00,66.7,76,0.6,1017.5
2025-06-14T16:00,67.3,75,1.4,1017.3
2025-06-14T17:00,67.3,75,2.4,1017.1
2025-06-14T18:00,66.8,74,2.5,1017.0
2025-06-14T19:00,66.5,76,2.1,1017.2
2025-06-14T20:00,65.5,77,3.9,1017.4
2025-06-14T21:00,63.4,79,4.1,1018.2
2025-06-14T22:00,62.6,80,3.8,1018.9
2025-06-14T23:00,61.2,82,4.0,1019.0
2025-06-15T00:00,60.6,83,5.0,1019.2
2025-06-15T01:00,60.1,84,4.1,1019.1
2025-06-15T02:00,59.4,87,3.3,1019.2
2025-06-15T03:00,59.5,86,3.9,1019.3
2025-06-15T04:00,59.4,85,3.5,1019.2
2025-06-15T05:00,59.4,83,3.7,1019.3
2025-06-15T06:00,59.5,82,4.2,1019.5
2025-06-15T07:00,60.2,81,4.2,1019.6
2025-06-15T08:00,61.8,77,3.1,1019.8
2025-06-15T09:00,63.9,71,3.0,1020.0
2025-06-15T10:00,65.5,70,3.8,1020.0
2025-06-15T11:00,67.4,69,5.6,1019.7
2025-06-15T12:00,67.8,69,7.2,1019.8
2025-06-15T13:00,69.5,67,7.2,1019.5
2025-06-15T14:00,70.2,67,6.7,1019.1
2025-06-15T15:00,69.3,69,5.7,1019.0
2025-06-15T16:00,69.8,69,5.3,1018.4
2025-06-15T17:00,70.4,69,5.5,1018.0
2025-06-15T18:00,69.6,72,5.3,1018.1
2025-06-15T19:00,68.7,75,5.7,1018.2
2025-06-15T20:00,67.0,81,3.8,1018.5
2025-06-15T21:00,65.0,86,3.1,1018.6
2025-06-15T22:00,64.2,89,4.9,1019.2
2025-06-15T23:00,63.0,91,5.5,1019.2
2025-06-16T00:00,62.2,90,5.4,1019.2
2025-06-16T01:00,61.7,89,5.9,1019.2
2025-06-16T02:00,61.2,88,6.0,1019.2
2025-06-16T03:00,60.4,90,5.8,1019.3
2025-06-16T04:00,59.5,91,4.9,1019.0
2025-06-16T05:00,58.8,91,3.6,1018.9
2025-06-16T06:00,58.9,91,2.6,1019.1
2025-06-16T07:00,62.2,87,1.8,1019.4
2025-06-16T08:00,64.8,82,1.6,1019.8
2025-06-16T09:00,67.1,78,2.6,1019.8
2025-06-16T10:00,70.2,71,4.3,1019.5
2025-06-16T11:00,72.5,63,6.8,1018.9
2025-06-16T12:00,72.7,65,8.0,1018.7
2025-06-16T13:00,72.2,68,8.1,1018.5
2025-06-16T14:00,74.7,64,9.0,1017.7
2025-06-16T15:00,73.6,67,9.8,1017.2
2025-06-16T16:00,74.2,67,9.6,1016.7
2025-06-16T17:00,73.5,67,8.5,1016.0
2025-06-16T18:00,72.5,72,7.3,1016.0
2025-06-16T19:00,70.5,79,6.2,1016.1
2025-06-16T20:00,68.7,83,5.7,1016.6
2025-06-16T21:00,67.8,80,8.2,1016.4
2025-06-16T22:00,65.7,81,9.2,1016.4
2025-06-16T23:00,64.6,84,9.7,1016.3
2025-06-17T00:00,63.4,87,10.4,1015.9
2025-06-17T01:00,62.7,89,8.4,1015.9
2025-06-17T02:00,62.2,90,6.7,1015.9
2025-06-17T03:00,63.3,86,5.3,1015.9
2025-06-17T04:00,63.6,87,5.3,1015.9
2025-06-17T05:00,63.5,89,6.0,1015.6
2025-06-17T06:00,63.1,93,7.2,1015.9
2025-06-17T07:00,63.2,97,6.7,1015.7
2025-06-17T08:00,64.1,95,7.9,1015.8
2025-06-17T09:00,65.4,92,7.3,1015.9
2025-06-17T10:00,67.7,86,10.7,1015.6
2025-06-17T11:00,69.7,82,11.7,1015.4
2025-06-17T12:00,69.6,85,9.3,1015.4
2025-06-17T13:00,69.5,88,10.0,1015.1
2025-06-17T14:00,68.0,93,11.2,1014.8
2025-06-17T15:00,68.9,90,11.4,1014.1
2025-06-17T16:00,69.2,92,12.3,1013.4
2025-06-17T17:00,69.9,90,13.3,1012.9
2025-06-17T18:00,69.9,91,12.2,1012.4
2025-06-17T19:00,69.7,91,10.6,1012.5
2025-06-17T20:00,69.1,92,10.3,1012.5
2025-06-17T21:00,67.9,95,10.2,1012.4
2025-06-17T22:00,68.1,93,10.6,1012.8
2025-06-17T23:00,67.8,93,10.6,1012.2
2025-06-18T00:00,67.5,94,10.4,1012.2
2025-06-18T01:00,67.2,95,10.5,1012.2
2025-06-18T02:00,67.1,95,10.5,1012.0
2025-06-18T03:00,66.8,97,10.9,1011.6
2025-06-18T04:00,66.7,97,10.6,1011.3
2025-06-18T05:00,66.5,98,10.2,1011.0
2025-06-18T06:00,66.5,98,10.5,1011.0
2025-06-18T07:00,66.7,98,9.3,1011.0
2025-06-18T08:00,67.2,97,9.6,1011.3
2025-06-18T09:00,68.6,94,10.0,1011.3
2025-06-18T10:00,70.2,91,10.0,1011.3
2025-06-18T11:00,72.0,89,8.6,1010.9
2025-06-18T12:00,73.0,87,8.1,1011.0
2025-06-18T13:00,73.4,88,7.1,1010.5
2025-06-18T14:00,77.7,80,6.2,1010.0
2025-06-18T15:00,75.2,88,8.6,1009.9
2025-06-18T16:00,74.0,94,5.3,1008.7
2025-06-18T17:00,77.1,86,8.6,1008.5
2025-06-18T18:00,77.4,87,7.6,1008.3
2025-06-18T19:00,76.7,88,7.3,1008.5
2025-06-18T20:00,74.5,90,6.4,1008.7
2025-06-18T21:00,73.7,95,7.4,1008.4
2025-06-18T22:00,72.9,95,7.0,1008.7
2025-06-18T23:00,72.4,95,8.1,1008.2
2025-06-19T00:00,71.9,96,8.5,1008.5
2025-06-19T01:00,71.4,96,7.8,1007.9
2025-06-19T02:00,71.0,97,8.0,1007.8
2025-06-19T03:00,71.1,98,7.2,1007.5
2025-06-19T04:00,70.9,100,7.3,1007.3
2025-06-19T05:00,70.9,100,7.1,1007.1
2025-06-19T06:00,70.9,99,7.4,1007.3
2025-06-19T07:00,71.1,99,7.5,1007.8
2025-06-19T08:00,72.1,96,7.5,1007.7
2025-06-19T09:00,75.8,87,7.8,1007.2
2025-06-19T10:00,78.1,83,8.0,1006.7
2025-06-19T11:00,81.0,78,7.7,1005.8
2025-06-19T12:00,82.8,76,8.7,1005.2
2025-06-19T13:00,84.3,72,10.9,1004.0
2025-06-19T14:00,79.2,84,13.8,1003.8
2025-06-19T15:00,76.4,88,9.5,1004.0
2025-06-19T16:00,80.3,86,12.5,1002.5
2025-06-19T17:00,80.1,85,12.0,1001.5
2025-06-19T18:00,79.9,82,13.2,1001.3
2025-06-19T19:00,77.7,86,12.6,1001.4
2025-06-19T20:00,76.5,89,14.9,1001.5
2025-06-19T21:00,76.4,89,12.6,1000.3
2025-06-19T22:00,74.7,94,8.2,1000.9
2025-06-19T23:00,73.3,97,5.9,1000.8
2025-06-20T00:00,71.2,97,7.6,1000.7
2025-06-20T01:00,70.4,90,8.9,1001.2
2025-06-20T02:00,67.4,85,9.3,1002.1
2025-06-20T03:00,65.4,83,8.3,1002.6
2025-06-20T04:00,64.6,82,9.4,1002.8
2025-06-20T05:00,63.2,81,12.4,1003.4
2025-06-20T06:00,62.6,81,12.3,1004.4
2025-06-20T07:00,62.8,79,13.5,1005.8
2025-06-20T08:00,64.4,78,10.3,1006.6
2025-06-20T09:00,67.7,73,13.3,1007.1
2025-06-20T10:00,69.2,69,16.9,1008.0
2025-06-20T11:00,70.8,64,16.1,1008.7
2025-06-20T12:00,71.5,64,15.0,1009.3
2025-06-20T13:00,74.0,58,14.6,1009.1
2025-06-20T14:00,75.1,56,15.8,1008.8
2025-06-20T15:00,75.6,55,14.9,1009.0
2025-06-20T16:00,75.1,60,13.7,1009.5
2025-06-20T17:00,74.7,62,11.4,1009.8
2025-06-20T18:00,74.0,63,10.4,1010.3
2025-06-20T19:00,72.5,66,9.0,1011.0
2025-06-20T20:00,70.2,70,8.1,1011.6
2025-06-20T21:00,68.9,71,6.7,1012.7
2025-06-20T22:00,67.8,72,6.6,1013.5
2025-06-20T23:00,66.5,75,5.4,1013.7
2025-06-21T00:00,65.4,77,4.7,1013.7
2025-06-21T01:00,63.8,82,3.6,1013.8
2025-06-21T02:00,63.2,82,3.5,1014.1
2025-06-21T03:00,62.0,84,2.6,1014.8
2025-06-21T04:00,62.2,82,0.8,1015.4
2025-06-21T05:00,61.5,84,0.5,1016.0
2025-06-21T06:00,61.6,87,1.1,1016.7
2025-06-21T07:00,64.8,84,1.2,1017.3
2025-06-21T08:00,67.4,82,0.8,1017.8
2025-06-21T09:00,70.5,74,1.0,1018.2
2025-06-21T10:00,72.6,74,2.5,1017.7
2025-06-21T11:00,74.8,71,2.7,1017.4
2025-06-21T12:00,77.7,64,4.3,1017.7
2025-06-21T13:00,79.8,59,4.6,1017.8
2025-06-21T14:00,81.3,56,4.2,1017.0
2025-06-21T15:00,82.9,54,3.6,1016.6
2025-06-21T16:00,82.5,56,3.9,1015.9
2025-06-21T17:00,81.5,61,5.7,1015.3
2025-06-21T18:00,80.6,65,5.5,1015.3
2025-06-21T19:00,79.0,75,4.8,1015.2
2025-06-21T20:00,77.2,79,6.3,1014.9
2025-06-21T21:00,76.5,75,9.2,1014.7
2025-06-21T22:00,76.0,74,8.7,1015.3
2025-06-21T23:00,74.3,80,8.8,1015.4
2025-06-22T00:00,74.6,79,10.3,1014.4
2025-06-22T01:00,73.8,80,10.0,1014.2
2025-06-22T02:00,73.9,78,10.1,1013.7
2025-06-22T03:00,73.3,76,10.4,1013.1
2025-06-22T04:00,72.6,75,9.8,1012.7
2025-06-22T05:00,71.7,77,8.5,1013.5
2025-06-22T06:00,71.8,78,10.2,1013.2
2025-06-22T07:00,71.9,78,9.4,1012.9
2025-06-22T08:00,72.9,80,9.5,1012.7
2025-06-22T09:00,72.2,90,9.7,1012.8
2025-06-22T10:00,76.5,81,8.3,1013.0
2025-06-22T11:00,78.8,77,7.6,1013.2
2025-06-22T12:00,82.3,73,7.7,1012.7
2025-06-22T13:00,83.7,71,11.4,1012.1
2025-06-22T14:00,84.7,69,11.6,1012.1
2025-06-22T15:00,85.9,69,11.7,1011.9
2025-06-22T16:00,86.3,70,11.7,1011.8
2025-06-22T17:00,84.9,73,11.4,1011.8
2025-06-22T18:00,84.1,76,10.0,1012.2
2025-06-22T19:00,82.6,81,7.7,1012.4
2025-06-22T20:00,80.9,84,7.1,1013.0
2025-06-22T21:00,78.0,89,2.9,1013.8
2025-06-22T22:00,76.9,91,3.4,1014.5
2025-06-22T23:00,76.3,92,3.4,1014.6
2025-06-23T00:00,75.3,93,3.3,1014.6
2025-06-23T01:00,74.9,92,2.8,1014.8
2025-06-23T02:00,74.2,92,1.7,1015.1
2025-06-23T03:00,74.1,92,1.1,1015.5
2025-06-23T04:00,74.2,92,0.3,1015.5
2025-06-23T05:00,73.6,95,2.2,1015.8
2025-06-23T06:00,74.5,95,4.2,1016.3
2025-06-23T07:00,76.0,95,5.1,1016.5
2025-06-23T08:00,79.1,93,3.8,1016.7
2025-06-23T09:00,82.9,85,3.6,1017.1
2025-06-23T10:00,85.2,79,3.0,1016.7
2025-06-23T11:00,87.4,76,4.0,1016.4
2025-06-23T12:00,89.5,73,5.0,1016.1
2025-06-23T13:00,91.3,67,7.5,1015.9
2025-06-23T14:00,92.1,61,8.1,1015.7
2025-06-23T15:00,92.7,58,9.0,1015.7
2025-06-23T16:00,92.5,59,7.1,1015.3
2025-06-23T17:00,92.3,61,7.2,1015.1
2025-06-23T18:00,91.0,65,6.6,1014.8
2025-06-23T19:00,88.9,71,5.6,1014.6
2025-06-23T20:00,85.6,79,3.3,1014.7
2025-06-23T21:00,85.8,75,2.5,1014.8
2025-06-23T22:00,85.0,76,0.9,1015.4
2025-06-23T23:00,83.7,78,0.4,1015.4
2025-06-24T00:00,81.4,83,2.2,1015.4
2025-06-24T01:00,79.3,84,3.5,1015.9
2025-06-24T02:00,79.2,79,1.7,1015.7
2025-06-24T03:00,78.9,76,1.2,1015.9
2025-06-24T04:00,78.3,75,0.9,1016.3
2025-06-24T05:00,76.5,78,2.0,1016.6
2025-06-24T06:00,76.7,79,1.7,1016.8
2025-06-24T07:00,79.4,75,2.8,1017.2
2025-06-24T08:00,80.4,75,2.1,1017.5
2025-06-24T09:00,83.7,71,2.3,1017.3
2025-06-24T10:00,86.2,69,4.2,1016.8
2025-06-24T11:00,88.4,67,5.7,1016.6
2025-06-24T12:00,90.2,64,7.6,1016.5
2025-06-24T13:00,91.8,61,9.1,1015.9
2025-06-24T14:00,92.5,57,11.2,1015.5
2025-06-24T15:00,92.4,56,10.4,1015.1
2025-06-24T16:00,92.4,55,10.4,1014.6
2025-06-24T17:00,91.1,59,10.2,1014.2
2025-06-24T18:00,90.0,63,8.8,1014.3
2025-06-24T19:00,88.1,67,6.4,1014.5
2025-06-24T20:00,85.7,72,5.5,1014.7
2025-06-24T21:00,84.0,70,4.5,1014.7
2025-06-24T22:00,81.5,76,3.4,1015.1
2025-06-24T23:00,80.3,79,3.5,1014.8
2025-06-25T00:00,79.4,81,3.8,1014.7
2025-06-25T01:00,77.9,85,3.4,1014.6
2025-06-25T02:00,77.1,86,3.0,1014.5
2025-06-25T03:00,76.1,87,3.2,1014.6
2025-06-25T04:00,75.5,86,2.7,1014.5
2025-06-25T05:00,74.8,86,2.5,1014.7
2025-06-25T06:00,75.2,86,3.4,1015.2
2025-06-25T07:00,76.7,84,4.0,1015.6
2025-06-25T08:00,78.2,81,4.4,1016.0
2025-06-25T09:00,81.9,76,5.8,1015.8
2025-06-25T10:00,84.3,71,6.9,1015.8
2025-06-25T11:00,85.8,69,6.4,1015.8
2025-06-25T12:00,86.8,66,8.4,1015.5
2025-06-25T13:00,83.8,73,5.1,1015.5
2025-06-25T14:00,87.9,63,3.5,1014.8
2025-06-25T15:00,88.9,59,6.8,1013.9
2025-06-25T16:00,84.4,69,7.2,1014.2
2025-06-25T17:00,85.6,68,1.5,1013.5
2025-06-25T18:00,84.7,66,6.5,1013.3
2025-06-25T19:00,83.5,72,2.8,1013.9
2025-06-25T20:00,81.3,80,3.9,1014.3
2025-06-25T21:00,81.0,77,5.4,1014.4
2025-06-25T22:00,78.6,67,9.4,1015.1
2025-06-25T23:00,75.8,67,8.3,1015.5
2025-06-26T00:00,74.2,69,7.8,1015.7
2025-06-26T01:00,73.4,71,7.6,1015.9
2025-06-26T02:00,72.5,72,7.5,1016.0
2025-06-26T03:00,71.3,72,7.3,1016.1
2025-06-26T04:00,69.8,67,6.8,1016.4
2025-06-26T05:00,68.8,65,5.8,1016.4
2025-06-26T06:00,68.1,67,6.4,1016.7
2025-06-26T07:00,68.4,70,4.7,1017.0
2025-06-26T08:00,70.5,68,4.2,1017.5
2025-06-26T09:00,71.9,71,2.8,1017.6
2025-06-26T10:00,72.5,73,1.2,1017.6
2025-06-26T11:00,75.4,62,3.3,1017.7
2025-06-26T12:00,75.9,50,3.5,1017.4
2025-06-26T13:00,74.5,54,2.1,1018.1
2025-06-26T14:00,70.9,75,5.3,1017.7
2025-06-26T15:00,70.0,81,5.7,1017.7
2025-06-26T16:00,69.4,77,6.4,1017.6
2025-06-26T17:00,69.1,74,5.2,1017.4
2025-06-26T18:00,68.8,74,3.8,1017.6
2025-06-26T19:00,68.7,72,2.9,1018.2
2025-06-26T20:00,67.9,73,2.2,1018.5
2025-06-26T21:00,63.5,88,2.5,1019.8
2025-06-26T22:00,63.3,89,1.4,1020.6
2025-06-26T23:00,63.3,88,0.3,1020.7
2025-06-27T00:00,62.4,94,0.4,1021.1
2025-06-27T01:00,61.4,97,1.4,1021.1
2025-06-27T02:00,61.0,97,1.7,1021.2
2025-06-27T03:00,61.2,95,1.7,1021.1
2025-06-27T04:00,60.9,94,1.5,1021.2
2025-06-27T05:00,60.9,94,1.4,1021.3
2025-06-27T06:00,61.8,93,1.4,1021.6
2025-06-27T07:00,63.0,91,1.9,1022.0
2025-06-27T08:00,63.7,91,1.7,1022.7
2025-06-27T09:00,64.8,85,2.1,1022.8
2025-06-27T10:00,67.3,75,4.6,1022.8
2025-06-27T11:00,69.3,66,7.0,1022.5
2025-06-27T12:00,71.4,60,9.0,1022.4
2025-06-27T13:00,71.8,59,9.5,1022.0
2025-06-27T14:00,72.7,56,9.7,1021.7
2025-06-27T15:00,73.2,56,10.2,1021.0
2025-06-27T16:00,72.4,58,10.0,1020.5
2025-06-27T17:00,71.8,62,10.1,1019.9
2025-06-27T18:00,71.7,63,10.5,1019.7
2025-06-27T19:00,70.3,63,10.5,1019.6
2025-06-27T20:00,68.0,64,10.8,1019.4
2025-06-27T21:00,61.2,85,13.0,1020.1
2025-06-27T22:00,59.8,79,14.2,1020.0
2025-06-27T23:00,59.9,71,13.7,1019.5
2025-06-28T00:00,60.6,65,13.3,1019.3
2025-06-28T01:00,61.1,63,13.0,1018.9
2025-06-28T02:00,61.0,64,13.8,1018.0
2025-06-28T03:00,58.9,77,13.4,1018.1
2025-06-28T04:00,58.4,86,13.3,1017.7
2025-06-28T05:00,59.0,90,14.0,1017.2
2025-06-28T06:00,59.9,91,13.9,1017.1
2025-06-28T07:00,61.8,91,12.9,1016.8
2025-06-28T08:00,63.4,91,12.5,1016.6
2025-06-28T09:00,66.7,82,13.1,1016.1
2025-06-28T10:00,69.9,80,13.1,1015.5
2025-06-28T11:00,72.9,77,11.9,1015.1
2025-06-28T12:00,73.9,77,11.2,1014.5
2025-06-28T13:00,77.5,74,10.4,1013.8
2025-06-28T14:00,78.3,75,9.6,1013.1
2025-06-28T15:00,81.0,71,9.2,1012.5
2025-06-28T16:00,80.3,74,9.4,1011.9
2025-06-28T17:00,81.9,72,10.1,1010.4
2025-06-28T18:00,81.6,74,10.9,1009.9
2025-06-28T19:00,80.4,77,7.3,1010.4
2025-06-28T20:00,73.9,94,2.5,1011.3
2025-06-28T21:00,77.4,83,9.6,1010.0
2025-06-28T22:00,71.7,97,2.5,1012.0
2025-06-28T23:00,72.0,95,7.1,1011.6
2025-06-29T00:00,71.2,96,6.1,1011.9
2025-06-29T01:00,70.1,97,3.2,1012.1
2025-06-29T02:00,69.2,93,7.9,1012.7
2025-06-29T03:00,66.7,93,6.6,1013.2
2025-06-29T04:00,65.2,93,5.1,1013.4
2025-06-29T05:00,64.1,92,3.4,1013.8
2025-06-29T06:00,64.8,87,4.7,1014.5
2025-06-29T07:00,64.7,88,7.4,1014.9
2025-06-29T08:00,65.1,85,7.3,1015.2
2025-06-29T09:00,67.5,78,7.1,1015.0
2025-06-29T10:00,69.8,75,6.8,1014.9
2025-06-29T11:00,71.6,70,8.3,1015.0
2025-06-29T12:00,71.1,69,7.8,1015.1
2025-06-29T13:00,72.9,65,7.0,1014.5
2025-06-29T14:00,74.2,62,7.4,1014.2
2025-06-29T15:00,75.6,61,8.4,1014.2
2025-06-29T16:00,76.2,60,7.8,1013.8
2025-06-29T17:00,75.8,62,6.6,1012.9
2025-06-29T18:00,75.5,64,6.1,1012.6
2025-06-29T19:00,74.2,70,4.9,1012.9
2025-06-29T20:00,71.3,77,3.7,1013.0
2025-06-29T21:00,70.3,75,1.4,1013.4
2025-06-29T22:00,69.8,74,0.7,1013.9
2025-06-29T23:00,68.7,76,1.0,1014.4
2025-06-30T00:00,67.5,78,1.2,1014.6
2025-06-30T01:00,66.8,78,0.4,1014.1
2025-06-30T02:00,65.7,81,0.9,1014.1
2025-06-30T03:00,64.3,84,0.8,1014.4
2025-06-30T04:00,63.3,86,0.7,1014.4
2025-06-30T05:00,63.4,84,0.2,1014.5
2025-06-30T06:00,63.6,86,0.7,1014.9
2025-06-30T07:00,66.0,86,1.8,1015.5
2025-06-30T08:00,67.9,85,1.4,1016.0
2025-06-30T09:00,70.8,82,1.6,1015.6
2025-06-30T10:00,73.9,75,1.8,1015.2
2025-06-30T11:00,76.6,69,2.8,1014.7
2025-06-30T12:00,79.1,64,2.9,1014.1
2025-06-30T13:00,81.1,62,3.2,1013.3
2025-06-30T14:00,82.8,63,4.0,1012.5
2025-06-30T15:00,84.7,63,5.1,1011.4
2025-06-30T16:00,85.6,63,6.5,1010.6
2025-06-30T17:00,85.5,64,8.8,1010.0
2025-06-30T18:00,84.5,66,8.4,1010.0
2025-06-30T19:00,82.8,68,7.8,1009.8
2025-06-30T20:00,81.0,70,7.1,1009.8
2025-06-30T21:00,79.8,71,6.2,1009.5
2025-06-30T22:00,79.2,69,8.4,1009.7
2025-06-30T23:00,78.5,70,10.8,1009.7
2025-07-01T00:00,76.9,76,10.4,1009.5
2025-07-01T01:00,76.0,80,10.4,1009.2
2025-07-01T02:00,75.3,86,10.9,1008.6
2025-07-01T03:00,75.0,89,11.2,1007.9
2025-07-01T04:00,74.9,92,12.9,1007.7
2025-07-01T05:00,74.2,93,11.7,1006.9
2025-07-01T06:00,73.5,92,11.2,1007.2
2025-07-01T07:00,73.4,96,8.1,1007.9
2025-07-01T08:00,73.8,98,10.3,1008.2
2025-07-01T09:00,75.2,94,11.1,1007.3
2025-07-01T10:00,78.9,91,8.8,1007.3
2025-07-01T11:00,81.6,83,7.4,1006.9
2025-07-01T12:00,83.8,76,7.6,1006.7
2025-07-01T13:00,84.6,74,6.7,1006.2
2025-07-01T14:00,83.1,76,9.7,1006.4
2025-07-01T15:00,81.0,80,5.8,1005.8
2025-07-01T16:00,83.7,72,6.5,1005.3
2025-07-01T17:00,74.7,91,6.8,1006.9
2025-07-01T18:00,73.8,94,4.2,1006.2
2025-07-01T19:00,74.1,95,5.4,1006.0
2025-07-01T20:00,74.0,92,4.9,1006.2
2025-07-01T21:00,73.9,90,7.8,1006.7
2025-07-01T22:00,73.4,89,6.9,1007.3
2025-07-01T23:00,72.7,91,7.9,1007.5
2025-07-02T00:00,72.0,96,7.1,1007.7
2025-07-02T01:00,72.0,94,5.4,1007.3
2025-07-02T02:00,71.1,94,5.6,1007.2
2025-07-02T03:00,70.2,96,4.0,1007.3
2025-07-02T04:00,69.3,97,2.7,1007.5
2025-07-02T05:00,68.7,97,3.4,1008.1
2025-07-02T06:00,68.7,97,1.9,1008.5
2025-07-02T07:00,71.2,91,3.6,1009.0
2025-07-02T08:00,72.3,87,4.6,1009.6
2025-07-02T09:00,74.0,80,5.0,1009.8
2025-07-02T10:00,76.0,72,5.5,1009.8
2025-07-02T11:00,77.7,68,6.6,1009.8
2025-07-02T12:00,79.2,66,7.2,1009.5
2025-07-02T13:00,80.6,63,7.2,1009.2
2025-07-02T14:00,81.2,60,7.5,1008.8
2025-07-02T15:00,81.3,59,8.3,1008.4
2025-07-02T16:00,82.3,58,8.2,1008.0
2025-07-02T17:00,82.0,58,7.9,1007.7
2025-07-02T18:00,81.0,60,8.1,1007.6
2025-07-02T19:00,79.1,67,6.5,1007.8
2025-07-02T20:00,76.5,70,6.3,1008.4
2025-07-02T21:00,75.6,71,4.6,1008.6
2025-07-02T22:00,72.4,77,3.4,1008.8
2025-07-02T23:00,71.2,77,2.0,1008.7
2025-07-03T00:00,71.1,74,0.6,1008.7
2025-07-03T01:00,70.2,74,0.3,1009.0
2025-07-03T02:00,69.4,73,0.8,1008.7
2025-07-03T03:00,68.8,72,0.7,1008.5
2025-07-03T04:00,68.3,72,0.5,1008.3
2025-07-03T05:00,67.4,73,0.9,1008.5
2025-07-03T06:00,66.6,79,2.2,1008.7
2025-07-03T07:00,69.2,79,4.4,1008.6
2025-07-03T08:00,71.6,80,3.3,1008.6
2025-07-03T09:00,70.6,83,5.6,1009.9
2025-07-03T10:00,72.6,76,2.8,1009.4
2025-07-03T11:00,73.9,80,0.9,1009.1
2025-07-03T12:00,75.0,76,5.3,1009.1
2025-07-03T13:00,73.6,76,3.7,1008.9
2025-07-03T14:00,76.0,71,4.7,1008.4
2025-07-03T15:00,77.9,65,6.7,1007.9
2025-07-03T16:00,78.6,60,8.3,1007.6
2025-07-03T17:00,77.4,58,9.1,1007.6
2025-07-03T18:00,75.0,65,6.9,1007.9
2025-07-03T19:00,74.2,68,6.2,1008.5
2025-07-03T20:00,72.6,70,6.8,1009.5
2025-07-03T21:00,70.2,70,4.5,1009.9
2025-07-03T22:00,67.4,75,4.0,1010.8
2025-07-03T23:00,66.3,75,4.5,1011.3
2025-07-04T00:00,65.2,76,4.8,1011.9
2025-07-04T01:00,63.9,81,4.3,1012.1
2025-07-04T02:00,62.6,87,3.6,1012.5
2025-07-04T03:00,61.9,88,3.9,1012.7
2025-07-04T04:00,60.8,91,3.5,1013.3
2025-07-04T05:00,59.1,92,3.0,1014.0
2025-07-04T06:00,60.0,91,3.4,1014.8
2025-07-04T07:00,62.2,87,3.8,1015.8
2025-07-04T08:00,64.4,80,5.5,1016.5
2025-07-04T09:00,66.9,71,6.8,1016.4
2025-07-04T10:00,68.7,63,8.2,1016.6
2025-07-04T11:00,70.3,57,10.4,1016.9
2025-07-04T12:00,71.1,54,9.2,1016.7
2025-07-04T13:00,74.8,46,10.0,1016.2
2025-07-04T14:00,75.3,45,11.2,1015.9
2025-07-04T15:00,76.3,45,9.9,1015.9
2025-07-04T16:00,77.3,44,8.8,1015.5
2025-07-04T17:00,78.4,40,9.2,1015.0
2025-07-04T18:00,75.8,49,9.0,1015.5
2025-07-04T19:00,73.6,56,7.2,1016.0
2025-07-04T20:00,70.6,64,5.3,1016.4
2025-07-04T21:00,69.8,65,6.6,1017.6
2025-07-04T22:00,67.5,71,4.3,1018.2
2025-07-04T23:00,64.8,77,3.4,1018.9
2025-07-05T00:00,63.5,78,3.5,1019.3
2025-07-05T01:00,62.1,81,2.7,1019.2
2025-07-05T02:00,61.7,81,1.7,1019.2
2025-07-05T03:00,60.7,83,1.4,1019.1
2025-07-05T04:00,59.7,86,1.2,1019.4
2025-07-05T05:00,59.1,88,0.5,1019.3
2025-07-05T06:00,59.5,87,0.6,1019.4
2025-07-05T07:00,62.5,83,2.6,1019.6
2025-07-05T08:00,65.0,79,3.0,1019.8
2025-07-05T09:00,67.3,75,2.7,1020.5
2025-07-05T10:00,70.4,69,3.0,1020.1
2025-07-05T11:00,73.5,64,3.8,1019.8
2025-07-05T12:00,76.0,57,5.9,1019.3
2025-07-05T13:00,77.7,52,6.8,1018.7
2025-07-05T14:00,79.1,49,5.9,1018.3
2025-07-05T15:00,80.4,51,5.6,1017.5
2025-07-05T16:00,80.9,55,5.9,1017.0
2025-07-05T17:00,81.0,56,7.0,1016.1
2025-07-05T18:00,80.5,56,7.2,1015.7
2025-07-05T19:00,79.1,60,5.9,1015.5
2025-07-05T20:00,76.5,64,5.9,1015.5
2025-07-05T21:00,75.6,67,7.4,1015.5
2025-07-05T22:00,75.1,67,8.5,1015.7
2025-07-05T23:00,73.8,69,8.6,1015.6
2025-07-06T00:00,72.7,71,8.5,1015.3
2025-07-06T01:00,71.9,74,8.3,1014.9
2025-07-06T02:00,71.3,76,8.1,1014.7
2025-07-06T03:00,70.8,78,8.6,1014.3
2025-07-06T04:00,70.4,78,9.2,1014.2
2025-07-06T05:00,70.0,79,8.7,1014.2
2025-07-06T06:00,69.9,80,8.0,1014.4
2025-07-06T07:00,71.4,79,8.5,1014.7
2025-07-06T08:00,73.9,78,7.4,1014.8
2025-07-06T09:00,77.6,74,6.7,1015.0
2025-07-06T10:00,81.0,68,7.5,1014.6
2025-07-06T11:00,84.2,62,7.0,1014.3
2025-07-06T12:00,86.4,60,8.3,1013.9
2025-07-06T13:00,87.0,61,9.4,1013.3
2025-07-06T14:00,86.0,64,11.7,1012.9
2025-07-06T15:00,87.8,61,9.7,1012.3
2025-07-06T16:00,89.0,56,9.2,1012.1
2025-07-06T17:00,89.1,55,8.6,1011.1
2025-07-06T18:00,88.2,54,8.3,1011.1
2025-07-06T19:00,86.4,61,6.1,1011.2
2025-07-06T20:00,83.1,65,8.2,1011.6
2025-07-06T21:00,81.9,64,10.1,1011.6
2025-07-06T22:00,80.7,65,11.1,1012.3
2025-07-06T23:00,79.0,66,9.5,1012.7
2025-07-07T00:00,77.1,68,8.2,1012.7
2025-07-07T01:00,75.5,70,8.4,1012.7
2025-07-07T02:00,73.9,73,9.0,1012.7
2025-07-07T03:00,73.0,76,9.4,1012.5
2025-07-07T04:00,72.4,80,9.4,1012.7
2025-07-07T05:00,71.9,85,9.1,1012.6
2025-07-07T06:00,71.7,89,9.0,1013.0
2025-07-07T07:00,73.5,89,9.4,1013.1
2025-07-07T08:00,75.6,84,10.7,1013.4
2025-07-07T09:00,78.1,82,8.8,1013.0
2025-07-07T10:00,80.5,77,9.0,1012.9
2025-07-07T11:00,81.3,75,9.1,1012.8
2025-07-07T12:00,81.7,73,9.1,1012.8
2025-07-07T13:00,83.2,69,9.7,1012.0
2025-07-07T14:00,85.9,63,9.2,1010.9
2025-07-07T15:00,86.9,60,9.7,1010.1
2025-07-07T16:00,88.3,58,10.8,1009.6
2025-07-07T17:00,86.7,62,11.7,1009.5
2025-07-07T18:00,85.0,69,13.7,1009.8
2025-07-07T19:00,79.7,82,11.1,1010.5
2025-07-07T20:00,79.2,84,10.3,1010.3
2025-07-07T21:00,81.1,80,10.4,1010.7
2025-07-07T22:00,79.8,82,10.2,1011.5
2025-07-07T23:00,77.5,88,9.5,1011.3
2025-07-08T00:00,76.9,91,9.2,1011.3
2025-07-08T01:00,75.6,95,6.0,1011.3
2025-07-08T02:00,74.6,98,3.6,1011.5
2025-07-08T03:00,73.6,98,1.7,1011.7
2025-07-08T04:00,73.1,98,1.1,1011.7
2025-07-08T05:00,73.5,94,1.3,1012.0
2025-07-08T06:00,73.9,92,2.1,1012.4
2025-07-08T07:00,75.4,87,4.7,1012.7
2025-07-08T08:00,76.4,82,5.5,1013.0
2025-07-08T09:00,79.4,77,7.7,1013.6
2025-07-08T10:00,81.0,72,7.9,1013.9
2025-07-08T11:00,83.0,66,8.2,1013.9
2025-07-08T12:00,84.5,62,9.3,1013.6
2025-07-08T13:00,85.5,60,9.1,1013.2
2025-07-08T14:00,85.1,60,8.7,1013.0
2025-07-08T15:00,86.1,58,9.1,1012.4
2025-07-08T16:00,85.5,59,7.9,1012.1
2025-07-08T17:00,85.3,58,7.1,1011.9
2025-07-08T18:00,83.8,60,6.3,1011.9
2025-07-08T19:00,82.1,64,6.7,1012.0
2025-07-08T20:00,80.0,69,4.7,1012.7
2025-07-08T21:00,77.5,77,2.7,1013.2
2025-07-08T22:00,76.2,79,3.9,1013.6
2025-07-08T23:00,74.2,80,4.0,1013.8
2025-07-09T00:00,72.4,81,3.6,1013.6
2025-07-09T01:00,71.1,81,4.4,1013.6
2025-07-09T02:00,70.0,81,2.7,1013.8
2025-07-09T03:00,69.3,81,2.7,1013.8
2025-07-09T04:00,68.9,81,4.3,1013.7
2025-07-09T05:00,68.2,83,4.6,1013.9
2025-07-09T06:00,67.8,85,4.2,1014.2
2025-07-09T07:00,69.5,82,3.8,1014.7
2025-07-09T08:00,72.2,76,3.7,1015.2
2025-07-09T09:00,75.1,72,4.1,1015.1
2025-07-09T10:00,77.2,68,4.0,1014.8
2025-07-09T11:00,79.1,64,3.3,1014.7
2025-07-09T12:00,81.0,62,2.2,1014.6
2025-07-09T13:00,82.2,59,2.6,1014.2
2025-07-09T14:00,84.6,55,4.3,1013.5
2025-07-09T15:00,84.7,51,5.6,1013.2
2025-07-09T16:00,82.9,55,5.4,1012.8
2025-07-09T17:00,84.1,53,4.9,1011.9
2025-07-09T18:00,83.6,55,4.8,1011.4
2025-07-09T19:00,82.1,60,3.3,1011.7
2025-07-09T20:00,80.0,69,2.2,1012.3
2025-07-09T21:00,78.3,72,2.4,1012.5
2025-07-09T22:00,77.4,76,2.2,1012.6
2025-07-09T23:00,76.3,79,1.6,1012.6
2025-07-10T00:00,75.7,82,0.9,1012.2
2025-07-10T01:00,75.4,79,1.0,1011.8
2025-07-10T02:00,74.5,80,2.5,1011.9
2025-07-10T03:00,74.0,80,1.3,1012.1
2025-07-10T04:00,73.2,83,0.8,1012.2
2025-07-10T05:00,72.3,86,1.3,1012.3
2025-07-10T06:00,72.2,87,2.5,1012.3
2025-07-10T07:00,73.8,84,1.7,1012.4
2025-07-10T08:00,74.9,83,2.2,1012.7
2025-07-10T09:00,75.8,84,2.4,1012.7
2025-07-10T10:00,78.2,79,3.3,1013.0
2025-07-10T11:00,80.2,73,3.6,1013.1
2025-07-10T12:00,81.9,68,5.5,1012.6
2025-07-10T13:00,82.1,67,4.3,1012.2
2025-07-10T14:00,83.7,64,4.2,1011.7
2025-07-10T15:00,82.4,63,7.3,1011.5
2025-07-10T16:00,80.2,71,5.4,1011.5
2025-07-10T17:00,80.8,70,5.7,1011.0
2025-07-10T18:00,80.0,71,5.6,1011.2
2025-07-10T19:00,79.5,72,5.4,1011.3
2025-07-10T20:00,77.9,77,4.7,1011.4
2025-07-10T21:00,73.6,89,6.6,1012.1
2025-07-10T22:00,73.3,90,6.9,1012.6
2025-07-10T23:00,72.6,88,8.2,1013.0
2025-07-11T00:00,71.7,88,7.9,1013.1
2025-07-11T01:00,71.0,90,8.6,1012.9
2025-07-11T02:00,70.4,91,7.9,1012.7
2025-07-11T03:00,70.2,92,7.9,1012.6
2025-07-11T04:00,69.8,93,6.8,1012.7
2025-07-11T05:00,69.6,95,7.4,1013.1
2025-07-11T06:00,70.2,96,7.6,1013.6
2025-07-11T07:00,71.5,93,8.5,1013.5
2025-07-11T08:00,72.8,91,8.3,1014.2
2025-07-11T09:00,75.8,84,6.9,1014.3
2025-07-11T10:00,77.9,79,6.1,1014.4
2025-07-11T11:00,81.0,71,5.5,1014.3
2025-07-11T12:00,82.9,67,5.2,1014.3
2025-07-11T13:00,84.6,64,5.5,1014.0
2025-07-11T14:00,85.6,62,5.8,1013.8
2025-07-11T15:00,85.9,62,5.7,1013.5
2025-07-11T16:00,86.3,61,6.0,1012.9
2025-07-11T17:00,84.7,65,6.0,1012.7
2025-07-11T18:00,84.6,65,5.2,1012.5
2025-07-11T19:00,83.3,72,3.0,1012.9
2025-07-11T20:00,81.1,79,2.7,1013.1
2025-07-11T21:00,74.6,90,10.3,1014.7
2025-07-11T22:00,73.2,91,8.5,1015.2
2025-07-11T23:00,72.9,90,7.7,1014.9
2025-07-12T00:00,73.1,90,8.3,1015.1
2025-07-12T01:00,73.0,92,8.3,1015.2
2025-07-12T02:00,72.8,95,8.6,1015.6
2025-07-12T03:00,72.4,96,8.7,1015.8
2025-07-12T04:00,72.0,97,8.8,1015.6
2025-07-12T05:00,71.5,97,7.5,1015.5
2025-07-12T06:00,71.7,96,7.4,1016.0
2025-07-12T07:00,72.8,94,9.1,1016.2
2025-07-12T08:00,74.2,91,8.6,1016.3
2025-07-12T09:00,74.6,92,8.6,1016.6
2025-07-12T10:00,75.5,91,5.7,1017.1
2025-07-12T11:00,75.4,90,5.0,1016.9
2025-07-12T12:00,80.1,80,6.0,1016.4
2025-07-12T13:00,83.2,73,7.9,1016.0
2025-07-12T14:00,84.3,72,8.2,1015.4
2025-07-12T15:00,85.0,70,8.4,1014.8
2025-07-12T16:00,85.6,67,9.1,1014.0
2025-07-12T17:00,85.5,69,5.8,1014.1
2025-07-12T18:00,81.3,77,6.7,1014.0
2025-07-12T19:00,80.9,80,6.6,1014.0
2025-07-12T20:00,80.1,79,8.3,1014.4
2025-07-12T21:00,78.3,77,9.1,1015.7
2025-07-12T22:00,77.7,77,8.9,1015.8
2025-07-12T23:00,76.6,79,9.1,1015.7
2025-07-13T00:00,75.5,82,9.8,1015.6
2025-07-13T01:00,74.3,85,9.6,1015.8
2025-07-13T02:00,73.7,86,10.2,1015.5
2025-07-13T03:00,72.6,88,10.4,1015.6
2025-07-13T04:00,72.0,90,10.6,1015.8
2025-07-13T05:00,71.9,89,10.8,1016.0
2025-07-13T06:00,71.9,88,10.5,1016.3
2025-07-13T07:00,72.3,87,9.7,1017.0
2025-07-13T08:00,73.0,85,10.6,1017.1
2025-07-13T09:00,74.7,82,11.1,1017.2
2025-07-13T10:00,76.3,79,10.8,1017.0
2025-07-13T11:00,79.2,73,10.5,1016.6
2025-07-13T12:00,81.1,69,10.0,1016.4
2025-07-13T13:00,83.1,65,10.7,1015.9
2025-07-13T14:00,83.1,64,11.7,1015.4
2025-07-13T15:00,84.2,61,12.3,1014.3
2025-07-13T16:00,85.4,59,11.5,1013.4
2025-07-13T17:00,85.9,57,10.9,1013.2
2025-07-13T18:00,86.0,55,10.4,1013.2
2025-07-13T19:00,84.5,61,7.9,1013.4
2025-07-13T20:00,82.1,67,8.7,1013.6
2025-07-13T21:00,79.4,73,9.0,1014.6
2025-07-13T22:00,78.6,75,8.0,1015.4
2025-07-13T23:00,77.2,79,10.1,1015.1
2025-07-14T00:00,75.4,84,10.4,1015.2
2025-07-14T01:00,74.5,86,11.5,1015.0
2025-07-14T02:00,73.5,90,11.7,1014.9
2025-07-14T03:00,73.1,91,10.9,1015.2
2025-07-14T04:00,73.0,92,9.9,1014.9
2025-07-14T05:00,73.2,92,9.0,1015.1
2025-07-14T06:00,73.4,92,8.4,1015.3
2025-07-14T07:00,74.9,90,10.0,1015.2
2025-07-14T08:00,77.0,85,9.3,1015.1
2025-07-14T09:00,75.0,95,8.2,1015.0
2025-07-14T10:00,79.5,85,7.3,1015.0
2025-07-14T11:00,81.2,81,6.5,1015.1
2025-07-14T12:00,83.4,75,5.7,1014.8
2025-07-14T13:00,83.3,73,5.6,1014.2
2025-07-14T14:00,76.2,92,1.5,1013.9
2025-07-14T15:00,78.7,87,4.0,1014.3
2025-07-14T16:00,78.1,85,6.0,1014.4
2025-07-14T17:00,78.4,86,5.8,1013.8
2025-07-14T18:00,79.2,84,4.7,1014.0
2025-07-14T19:00,78.3,87,5.0,1014.3
2025-07-14T20:00,76.8,92,5.1,1014.6
2025-07-14T21:00,75.6,93,8.3,1015.1
2025-07-14T22:00,74.3,94,7.7,1015.2
2025-07-14T23:00,73.4,95,7.3,1015.0
2025-07-15T00:00,73.0,94,8.4,1015.2
2025-07-15T01:00,72.0,96,7.5,1015.5
2025-07-15T02:00,71.3,96,6.8,1015.6
2025-07-15T03:00,70.9,95,6.0,1015.6
2025-07-15T04:00,70.5,95,4.3,1015.8
2025-07-15T05:00,70.2,94,3.1,1015.9
2025-07-15T06:00,70.1,94,1.3,1016.1
2025-07-15T07:00,72.4,93,0.6,1016.3
2025-07-15T08:00,74.5,90,1.2,1016.7
2025-07-15T09:00,76.7,88,1.8,1017.0
2025-07-15T10:00,79.4,80,2.6,1016.9
2025-07-15T11:00,81.8,70,2.2,1016.5
2025-07-15T12:00,83.7,64,2.7,1016.2
2025-07-15T13:00,85.1,59,3.4,1015.9
2025-07-15T14:00,86.4,54,3.6,1015.7
2025-07-15T15:00,87.3,50,4.1,1015.2
2025-07-15T16:00,87.4,48,3.6,1014.5
2025-07-15T17:00,87.2,48,4.1,1013.9
2025-07-15T18:00,86.3,51,3.8,1014.2
2025-07-15T19:00,84.4,60,2.5,1014.1
2025-07-15T20:00,81.2,67,1.5,1014.4
2025-07-15T21:00,79.9,68,4.7,1014.8
2025-07-15T22:00,77.5,89,5.1,1014.9
2025-07-15T23:00,76.4,91,5.6,1014.8
2025-07-16T00:00,75.7,89,5.0,1015.2
2025-07-16T01:00,75.1,89,4.1,1015.7
2025-07-16T02:00,74.8,89,3.9,1015.6
2025-07-16T03:00,74.4,89,4.6,1015.2
2025-07-16T04:00,73.4,91,3.9,1014.9
2025-07-16T05:00,71.8,93,3.2,1014.6
2025-07-16T06:00,72.1,94,2.8,1014.9
2025-07-16T07:00,74.9,92,4.6,1015.2
2025-07-16T08:00,77.1,88,5.2,1015.0
2025-07-16T09:00,79.3,82,5.1,1015.2
2025-07-16T10:00,81.9,76,4.7,1014.9
2025-07-16T11:00,84.4,71,4.9,1014.6
2025-07-16T12:00,86.7,62,4.6,1014.3
2025-07-16T13:00,88.3,56,4.9,1013.7
2025-07-16T14:00,89.1,54,5.0,1012.9
2025-07-16T15:00,89.5,53,5.6,1012.2
2025-07-16T16:00,89.1,54,5.4,1011.5
2025-07-16T17:00,89.2,55,6.2,1010.8
2025-07-16T18:00,87.8,59,6.1,1010.5
2025-07-16T19:00,85.5,68,4.7,1010.3
2025-07-16T20:00,83.9,72,5.6,1010.7
2025-07-16T21:00,82.7,75,8.4,1010.4
2025-07-16T22:00,81.1,77,10.0,1011.0
2025-07-16T23:00,80.1,83,11.3,1010.9
2025-07-17T00:00,79.2,87,10.5,1010.8
2025-07-17T01:00,78.4,89,9.7,1010.4
2025-07-17T02:00,77.6,91,8.8,1009.6
2025-07-17T03:00,76.9,92,8.1,1009.2
2025-07-17T04:00,76.0,93,7.4,1008.7
2025-07-17T05:00,75.6,92,7.5,1008.3
2025-07-17T06:00,75.2,92,8.1,1008.4
2025-07-17T07:00,76.4,90,10.8,1008.7
2025-07-17T08:00,78.3,86,10.2,1009.0
2025-07-17T09:00,79.3,90,9.2,1007.6
2025-07-17T10:00,79.9,85,10.0,1007.2
2025-07-17T11:00,77.2,89,8.6,1007.3
2025-07-17T12:00,77.3,93,10.1,1006.7
2025-07-17T13:00,82.1,83,10.2,1005.6
2025-07-17T14:00,84.5,74,11.3,1004.8
2025-07-17T15:00,87.5,69,8.8,1004.0
2025-07-17T16:00,87.9,63,10.7,1003.5
2025-07-17T17:00,82.0,78,8.1,1004.3
2025-07-17T18:00,81.9,84,3.6,1004.2
2025-07-17T19:00,81.0,84,2.7,1004.6
2025-07-17T20:00,77.2,90,3.6,1005.9
2025-07-17T21:00,79.2,76,12.2,1007.0
2025-07-17T22:00,75.1,73,11.6,1008.7
2025-07-17T23:00,73.7,74,10.0,1009.3
2025-07-18T00:00,72.5,76,10.3,1009.7
2025-07-18T01:00,71.3,78,10.4,1010.3
2025-07-18T02:00,70.3,78,10.1,1010.2
2025-07-18T03:00,69.2,80,10.5,1010.9
2025-07-18T04:00,67.9,82,9.2,1011.6
2025-07-18T05:00,67.1,84,8.7,1012.2
2025-07-18T06:00,68.4,79,9.0,1013.2
2025-07-18T07:00,67.4,69,10.3,1014.3
2025-07-18T08:00,67.5,65,10.0,1015.0
2025-07-18T09:00,67.7,63,10.3,1016.2
2025-07-18T10:00,68.8,59,10.3,1016.6
2025-07-18T11:00,69.3,59,9.1,1017.3
2025-07-18T12:00,71.4,56,7.4,1017.8
2025-07-18T13:00,73.7,52,6.7,1017.5
2025-07-18T14:00,75.7,48,7.7,1016.9
2025-07-18T15:00,76.5,46,7.3,1016.4
2025-07-18T16:00,77.2,43,6.9,1016.1
2025-07-18T17:00,77.4,43,5.9,1016.0
2025-07-18T18:00,77.0,44,4.0,1016.0
2025-07-18T19:00,76.0,50,1.5,1016.0
2025-07-18T20:00,73.1,60,0.6,1016.3
2025-07-18T21:00,69.9,66,0.8,1017.0
2025-07-18T22:00,68.5,67,1.3,1017.6
2025-07-18T23:00,67.7,67,1.3,1017.8
2025-07-19T00:00,66.1,69,1.4,1017.9
2025-07-19T01:00,64.5,73,1.7,1018.1
2025-07-19T02:00,62.7,77,2.4,1017.9
2025-07-19T03:00,61.4,80,2.5,1017.7
2025-07-19T04:00,60.5,79,2.6,1017.7
2025-07-19T05:00,60.3,77,2.1,1017.6
2025-07-19T06:00,60.5,76,1.0,1017.7
2025-07-19T07:00,63.8,69,1.7,1017.9
2025-07-19T08:00,66.6,66,1.3,1018.0
2025-07-19T09:00,69.0,60,2.9,1018.2
2025-07-19T10:00,72.0,53,3.7,1017.6
2025-07-19T11:00,75.3,50,5.6,1017.0
2025-07-19T12:00,77.5,48,7.1,1016.6
2025-07-19T13:00,79.6,45,7.4,1015.7
2025-07-19T14:00,81.5,46,6.9,1015.0
2025-07-19T15:00,83.0,47,6.6,1014.1
2025-07-19T16:00,83.9,46,8.9,1013.1
2025-07-19T17:00,84.6,44,10.5,1012.2
2025-07-19T18:00,83.8,47,10.3,1011.8
2025-07-19T19:00,81.9,51,9.6,1011.9
2025-07-19T20:00,79.8,57,8.8,1011.9
2025-07-19T21:00,77.6,66,9.5,1012.3
2025-07-19T22:00,76.4,71,9.6,1012.0
2025-07-19T23:00,74.8,77,9.2,1012.1
2025-07-20T00:00,73.6,82,9.7,1011.8
2025-07-20T01:00,73.0,85,9.5,1011.0
2025-07-20T02:00,72.5,87,9.1,1010.4
2025-07-20T03:00,72.0,88,8.8,1010.0
2025-07-20T04:00,71.6,88,9.3,1009.8
2025-07-20T05:00,71.3,88,8.7,1009.8
2025-07-20T06:00,71.2,89,7.5,1009.7
2025-07-20T07:00,72.4,88,7.9,1009.4
2025-07-20T08:00,74.9,84,7.7,1009.0
2025-07-20T09:00,79.0,73,7.1,1008.6
2025-07-20T10:00,80.1,73,5.6,1008.2
2025-07-20T11:00,76.6,79,9.1,1008.5
2025-07-20T12:00,72.3,97,6.0,1007.3
2025-07-20T13:00,79.6,81,7.6,1006.3
2025-07-20T14:00,82.0,75,6.0,1005.4
2025-07-20T15:00,81.3,74,6.0,1005.0
2025-07-20T16:00,73.9,92,9.1,1005.2
2025-07-20T17:00,76.8,85,4.8,1004.8
2025-07-20T18:00,78.5,79,6.8,1004.6
2025-07-20T19:00,77.3,79,7.1,1004.8
2025-07-20T20:00,75.2,83,3.5,1005.4
2025-07-20T21:00,71.8,87,7.6,1006.5
2025-07-20T22:00,70.2,89,5.1,1007.4
2025-07-20T23:00,68.5,92,3.5,1007.8
2025-07-21T00:00,67.3,92,2.7,1008.2
2025-07-21T01:00,66.6,94,2.7,1008.0
2025-07-21T02:00,65.3,94,2.3,1008.1
2025-07-21T03:00,64.8,94,2.4,1008.0
2025-07-21T04:00,64.6,94,3.3,1008.0
2025-07-21T05:00,64.1,93,4.1,1008.5
2025-07-21T06:00,63.8,94,3.8,1009.1
2025-07-21T07:00,65.5,91,5.3,1009.8
2025-07-21T08:00,67.1,82,7.3,1010.4
2025-07-21T09:00,68.9,75,7.9,1011.3
2025-07-21T10:00,70.2,68,7.6,1011.6
2025-07-21T11:00,68.0,73,9.1,1012.4
2025-07-21T12:00,69.4,73,5.8,1012.3
2025-07-21T13:00,71.3,67,6.6,1012.2
2025-07-21T14:00,71.7,65,7.9,1012.2
2025-07-21T15:00,72.6,59,6.9,1012.3
2025-07-21T16:00,73.0,56,7.0,1012.2
2025-07-21T17:00,73.2,52,6.0,1011.9
2025-07-21T18:00,73.3,51,5.1,1012.2
2025-07-21T19:00,71.3,57,6.7,1012.8
2025-07-21T20:00,68.2,62,5.9,1013.4
2025-07-21T21:00,66.1,63,6.0,1014.8
2025-07-21T22:00,65.0,65,4.5,1015.5
2025-07-21T23:00,62.8,73,3.1,1016.0
2025-07-22T00:00,60.5,80,2.8,1016.5
2025-07-22T01:00,59.5,82,2.3,1016.9
2025-07-22T02:00,59.3,84,3.5,1017.2
2025-07-22T03:00,59.8,77,5.3,1017.3
2025-07-22T04:00,59.6,73,5.9,1017.5
2025-07-22T05:00,58.4,73,4.1,1017.9
2025-07-22T06:00,57.3,78,3.6,1018.5
2025-07-22T07:00,59.8,78,4.6,1019.2
2025-07-22T08:00,62.7,74,5.2,1019.7
2025-07-22T09:00,64.4,73,3.9,1020.6
2025-07-22T10:00,67.3,67,3.7,1020.6
2025-07-22T11:00,69.9,59,4.0,1020.4
2025-07-22T12:00,72.1,54,4.5,1019.9
2025-07-22T13:00,73.2,51,4.2,1019.4
2025-07-22T14:00,74.0,48,3.6,1019.2
2025-07-22T15:00,75.1,46,3.6,1018.9
2025-07-22T16:00,74.7,45,5.5,1019.0
2025-07-22T17:00,74.6,45,4.7,1018.6
2025-07-22T18:00,74.9,44,1.6,1018.5
2025-07-22T19:00,74.3,47,0.7,1018.4
2025-07-22T20:00,68.7,68,2.0,1018.7
2025-07-22T21:00,68.0,66,4.0,1019.5
2025-07-22T22:00,65.8,67,5.6,1019.8
2025-07-22T23:00,63.0,75,2.9,1020.0
2025-07-23T00:00,62.1,77,0.8,1020.8
2025-07-23T01:00,63.0,71,0.8,1021.0
2025-07-23T02:00,63.7,68,0.8,1021.0
2025-07-23T03:00,63.7,66,0.6,1020.8
2025-07-23T04:00,62.2,70,0.8,1020.8
2025-07-23T05:00,61.4,76,0.4,1021.1
2025-07-23T06:00,60.0,82,0.9,1021.9
2025-07-23T07:00,62.2,77,2.5,1022.3
2025-07-23T08:00,66.6,65,1.3,1022.5
2025-07-23T09:00,68.5,62,2.4,1022.7
2025-07-23T10:00,71.8,60,2.8,1022.4
2025-07-23T11:00,75.1,55,4.6,1022.1
2025-07-23T12:00,78.0,49,5.6,1021.7
2025-07-23T13:00,80.0,46,5.9,1020.8
2025-07-23T14:00,81.6,46,5.3,1020.4
2025-07-23T15:00,82.7,46,8.0,1020.1
2025-07-23T16:00,81.9,51,7.0,1019.9
2025-07-23T17:00,81.8,49,5.4,1019.5
2025-07-23T18:00,80.9,50,7.1,1019.2
2025-07-23T19:00,80.3,49,8.3,1018.9
2025-07-23T20:00,77.7,54,7.2,1019.1
2025-07-23T21:00,75.6,60,7.7,1019.5
2025-07-23T22:00,74.1,64,8.1,1019.5
2025-07-23T23:00,72.9,68,7.6,1019.5
2025-07-24T00:00,71.9,71,8.0,1019.7
2025-07-24T01:00,71.1,72,10.7,1019.9
2025-07-24T02:00,69.9,71,10.7,1019.4
2025-07-24T03:00,69.0,71,10.6,1019.3
2025-07-24T04:00,68.4,72,10.2,1019.1
2025-07-24T05:00,67.9,75,10.4,1018.9
2025-07-24T06:00,67.4,79,9.8,1019.1
2025-07-24T07:00,68.8,79,8.8,1019.3
2025-07-24T08:00,71.3,76,9.1,1019.6
2025-07-24T09:00,74.8,73,8.6,1019.3
2025-07-24T10:00,78.4,67,7.8,1019.1
2025-07-24T11:00,81.2,64,8.2,1018.5
2025-07-24T12:00,82.9,64,8.3,1017.8
2025-07-24T13:00,84.0,64,9.8,1016.8
2025-07-24T14:00,86.2,61,9.8,1015.7
2025-07-24T15:00,88.5,54,10.0,1014.7
2025-07-24T16:00,91.4,45,9.0,1013.5
2025-07-24T17:00,91.8,43,9.5,1012.8
2025-07-24T18:00,89.2,51,8.9,1012.9
2025-07-24T19:00,87.1,60,7.2,1012.7
2025-07-24T20:00,83.7,64,9.7,1012.8
2025-07-24T21:00,81.3,71,10.1,1013.1
2025-07-24T22:00,80.1,75,9.3,1013.2
2025-07-24T23:00,78.7,79,8.1,1013.0
2025-07-25T00:00,77.4,82,7.7,1012.7
2025-07-25T01:00,76.5,84,7.8,1012.2
2025-07-25T02:00,75.5,87,8.0,1011.7
2025-07-25T03:00,74.8,89,8.7,1011.4
2025-07-25T04:00,74.3,90,8.3,1011.1
2025-07-25T05:00,74.3,89,8.0,1011.1
2025-07-25T06:00,73.9,89,7.5,1011.5
2025-07-25T07:00,75.1,86,7.3,1011.9
2025-07-25T08:00,78.3,80,6.2,1011.8
2025-07-25T09:00,81.4,77,5.6,1011.8
2025-07-25T10:00,83.2,72,6.8,1011.9
2025-07-25T11:00,83.1,71,6.5,1011.5
2025-07-25T12:00,83.3,69,9.2,1011.5
2025-07-25T13:00,83.0,69,10.1,1011.3
2025-07-25T14:00,84.8,66,8.7,1010.5
2025-07-25T15:00,87.4,59,11.4,1010.0
2025-07-25T16:00,86.5,59,12.0,1009.8
2025-07-25T17:00,85.8,62,10.8,1009.8
2025-07-25T18:00,85.2,62,10.1,1010.1
2025-07-25T19:00,84.1,61,7.4,1010.8
2025-07-25T20:00,81.1,69,5.2,1011.8
2025-07-25T21:00,77.5,83,6.8,1013.6
2025-07-25T22:00,75.9,75,6.9,1014.0
2025-07-25T23:00,74.0,76,5.3,1014.2
2025-07-26T00:00,72.2,79,5.2,1014.8
2025-07-26T01:00,70.5,83,4.3,1015.1
2025-07-26T02:00,69.0,87,3.8,1015.2
2025-07-26T03:00,67.6,89,3.3,1015.4
2025-07-26T04:00,67.1,90,3.5,1015.7
2025-07-26T05:00,66.6,90,3.5,1016.2
2025-07-26T06:00,65.8,91,3.0,1017.1
2025-07-26T07:00,69.0,87,3.5,1017.8
2025-07-26T08:00,71.9,83,2.3,1018.3
2025-07-26T09:00,74.7,77,1.5,1018.9
2025-07-26T10:00,77.5,66,0.7,1018.7
2025-07-26T11:00,80.2,54,0.9,1018.5
2025-07-26T12:00,82.1,49,2.4,1018.0
2025-07-26T13:00,83.2,47,5.0,1017.6
2025-07-26T14:00,83.5,45,6.5,1017.4
2025-07-26T15:00,83.9,41,5.9,1016.7
2025-07-26T16:00,84.3,40,5.5,1016.3
2025-07-26T17:00,83.3,43,6.1,1015.7
2025-07-26T18:00,81.8,47,6.2,1015.6
2025-07-26T19:00,80.4,52,4.8,1015.3
2025-07-26T20:00,78.3,56,5.8,1015.3
2025-07-26T21:00,76.5,61,6.5,1015.7
2025-07-26T22:00,75.4,63,7.3,1015.8
2025-07-26T23:00,74.9,61,8.1,1015.7
2025-07-27T00:00,74.7,61,10.2,1015.6
2025-07-27T01:00,73.9,65,10.6,1015.3
2025-07-27T02:00,73.3,65,10.8,1014.6
2025-07-27T03:00,72.9,64,10.4,1014.5
2025-07-27T04:00,70.7,73,12.1,1014.6
2025-07-27T05:00,66.6,91,12.3,1014.3
2025-07-27T06:00,66.0,94,12.3,1014.3
2025-07-27T07:00,67.1,92,12.8,1014.1
2025-07-27T08:00,67.5,96,11.9,1014.0
2025-07-27T09:00,68.0,94,12.8,1013.9
2025-07-27T10:00,71.1,89,14.4,1013.2
2025-07-27T11:00,74.5,85,13.3,1012.7
2025-07-27T12:00,78.6,77,12.0,1012.1
2025-07-27T13:00,79.5,77,13.6,1011.8
2025-07-27T14:00,78.2,81,9.9,1011.6
2025-07-27T15:00,80.7,78,10.7,1010.6
2025-07-27T16:00,78.1,85,9.8,1010.5
2025-07-27T17:00,78.1,86,5.3,1010.3
2025-07-27T18:00,78.7,84,5.3,1010.3
2025-07-27T19:00,78.3,85,3.4,1010.5
2025-07-27T20:00,76.3,91,2.9,1011.0
2025-07-27T21:00,74.5,96,5.8,1011.3
2025-07-27T22:00,73.7,96,4.0,1012.3
2025-07-27T23:00,72.9,97,4.8,1012.5
2025-07-28T00:00,72.0,98,1.1,1012.6
2025-07-28T01:00,72.9,94,0.6,1012.5
2025-07-28T02:00,71.7,96,2.9,1012.6
2025-07-28T03:00,72.0,97,4.2,1012.7
2025-07-28T04:00,71.4,96,3.5,1012.7
2025-07-28T05:00,70.9,97,3.2,1013.3
2025-07-28T06:00,69.7,98,2.3,1013.6
2025-07-28T07:00,72.0,98,3.3,1014.3
2025-07-28T08:00,73.8,95,2.8,1014.7
2025-07-28T09:00,76.1,89,3.8,1014.8
2025-07-28T10:00,78.8,81,3.6,1015.0
2025-07-28T11:00,81.4,77,3.0,1014.8
2025-07-28T12:00,83.7,70,2.9,1014.7
2025-07-28T13:00,85.8,62,4.1,1014.7
2025-07-28T14:00,87.1,58,3.9,1014.1
2025-07-28T15:00,87.7,56,4.7,1013.7
2025-07-28T16:00,88.2,56,4.8,1013.3
2025-07-28T17:00,87.8,58,4.9,1012.9
2025-07-28T18:00,86.8,62,4.9,1012.6
2025-07-28T19:00,85.0,69,3.8,1012.7
2025-07-28T20:00,81.3,76,3.3,1012.5
2025-07-28T21:00,81.4,71,3.1,1013.2
2025-07-28T22:00,80.0,75,2.5,1013.8
2025-07-28T23:00,79.4,74,0.5,1013.7
2025-07-29T00:00,78.3,75,0.3,1013.9
2025-07-29T01:00,77.0,77,0.6,1013.7
2025-07-29T02:00,75.7,80,0.5,1013.5
2025-07-29T03:00,74.0,83,1.1,1013.1
2025-07-29T04:00,72.9,85,2.5,1013.1
2025-07-29T05:00,72.8,90,4.0,1013.3
2025-07-29T06:00,71.9,95,4.8,1013.8
2025-07-29T07:00,72.7,95,4.8,1014.5
2025-07-29T08:00,75.1,90,2.6,1014.7
2025-07-29T09:00,79.0,81,1.8,1015.0
2025-07-29T10:00,82.2,73,2.2,1014.6
2025-07-29T11:00,85.1,70,3.4,1014.6
2025-07-29T12:00,87.6,65,5.1,1014.2
2025-07-29T13:00,89.8,57,7.4,1013.5
2025-07-29T14:00,90.2,54,9.8,1013.2
2025-07-29T15:00,89.9,54,10.4,1013.0
2025-07-29T16:00,89.4,51,9.0,1012.8
2025-07-29T17:00,88.9,52,7.7,1012.7
2025-07-29T18:00,87.3,57,7.2,1012.4
2025-07-29T19:00,85.2,62,5.7,1012.5
2025-07-29T20:00,81.9,67,5.1,1012.8
2025-07-29T21:00,79.3,74,4.0,1013.1
2025-07-29T22:00,77.3,77,3.8,1013.6
2025-07-29T23:00,75.9,78,3.0,1013.7
2025-07-30T00:00,74.7,79,3.1,1013.8
2025-07-30T01:00,73.4,83,3.0,1013.7
2025-07-30T02:00,72.3,85,2.4,1013.5
2025-07-30T03:00,71.9,86,1.0,1013.2
2025-07-30T04:00,70.9,88,1.2,1013.3
2025-07-30T05:00,69.6,91,2.9,1014.4
2025-07-30T06:00,69.2,93,2.9,1014.8
2025-07-30T07:00,71.7,90,0.7,1015.1
2025-07-30T08:00,73.8,86,0.7,1015.1
2025-07-30T09:00,76.5,80,1.1,1014.8
2025-07-30T10:00,79.8,72,2.2,1014.9
2025-07-30T11:00,82.7,66,2.6,1014.7
2025-07-30T12:00,85.2,59,3.5,1014.2
2025-07-30T13:00,87.3,52,4.7,1013.5
2025-07-30T14:00,88.8,48,5.4,1012.9
2025-07-30T15:00,89.1,47,7.6,1012.5
2025-07-30T16:00,88.9,48,7.7,1012.2
2025-07-30T17:00,88.2,50,7.5,1011.7
2025-07-30T18:00,86.7,54,6.5,1011.9
2025-07-30T19:00,84.4,59,5.0,1012.1
2025-07-30T20:00,81.2,66,3.8,1012.5
2025-07-30T21:00,79.2,71,3.7,1012.7
2025-07-30T22:00,78.1,72,4.1,1013.3
2025-07-30T23:00,76.1,75,3.9,1013.7
2025-07-31T00:00,74.9,76,5.4,1014.0
2025-07-31T01:00,73.2,79,5.4,1014.0
2025-07-31T02:00,72.0,83,5.6,1014.0
2025-07-31T03:00,72.0,83,7.9,1014.2
2025-07-31T04:00,72.0,79,9.0,1014.6
2025-07-31T05:00,71.1,68,8.0,1015.2
2025-07-31T06:00,68.9,68,9.2,1015.6
2025-07-31T07:00,67.7,69,10.3,1015.7
2025-07-31T08:00,68.5,69,8.1,1016.5
2025-07-31T09:00,64.8,86,10.1,1017.0
2025-07-31T10:00,64.6,88,11.2,1017.3
2025-07-31T11:00,64.3,93,10.3,1017.4
2025-07-31T12:00,65.5,95,9.3,1017.4
2025-07-31T13:00,65.7,96,8.1,1017.1
2025-07-31T14:00,65.1,98,8.9,1017.4
2025-07-31T15:00,64.0,98,8.9,1017.3
2025-07-31T16:00,64.0,97,8.5,1017.0
2025-07-31T17:00,63.5,97,8.7,1017.3
2025-07-31T18:00,63.5,96,8.3,1017.2
2025-07-31T19:00,63.3,96,7.9,1017.1
2025-07-31T20:00,62.3,95,7.6,1017.6
2025-07-31T21:00,62.3,93,6.7,1018.6
2025-07-31T22:00,62.1,93,5.1,1018.8
2025-07-31T23:00,62.3,96,5.0,1019.3
2025-08-01T00:00,62.3,96,4.8,1019.3
2025-08-01T01:00,62.2,96,5.0,1019.5
2025-08-01T02:00,61.8,96,5.9,1019.4
2025-08-01T03:00,60.4,96,6.9,1019.5
2025-08-01T04:00,58.9,96,5.9,1019.8
2025-08-01T05:00,58.0,96,5.9,1020.0
2025-08-01T06:00,57.4,95,5.5,1020.3
2025-08-01T07:00,58.5,95,5.5,1020.9
2025-08-01T08:00,61.1,91,5.2,1021.2
2025-08-01T09:00,63.1,87,4.3,1021.6
2025-08-01T10:00,65.6,80,5.4,1021.5
2025-08-01T11:00,68.6,71,6.2,1021.5
2025-08-01T12:00,71.0,66,6.3,1021.2
2025-08-01T13:00,71.9,62,6.8,1020.9
2025-08-01T14:00,73.0,59,6.6,1020.8
2025-08-01T15:00,73.8,55,7.3,1020.5
2025-08-01T16:00,73.9,52,8.3,1020.3
2025-08-01T17:00,73.8,50,7.3,1020.1
2025-08-01T18:00,73.4,55,4.8,1019.7
2025-08-01T19:00,71.4,67,2.3,1020.1
2025-08-01T20:00,67.2,75,3.0,1020.6
2025-08-01T21:00,65.5,78,3.6,1021.3
2025-08-01T22:00,65.1,73,6.4,1021.8
2025-08-01T23:00,64.0,71,7.4,1022.3
2025-08-02T00:00,64.0,66,8.0,1022.4
2025-08-02T01:00,62.9,66,8.2,1022.4
2025-08-02T02:00,61.7,70,6.4,1022.2
2025-08-02T03:00,58.7,81,3.0,1022.3
2025-08-02T04:00,57.4,84,2.5,1022.6
2025-08-02T05:00,58.1,85,3.5,1023.1
2025-08-02T06:00,57.4,84,4.3,1023.4
2025-08-02T07:00,59.2,81,4.2,1023.9
2025-08-02T08:00,62.1,77,3.2,1024.0
2025-08-02T09:00,64.2,74,4.2,1024.5
2025-08-02T10:00,67.3,66,3.8,1024.2
2025-08-02T11:00,69.9,60,3.7,1023.9
2025-08-02T12:00,72.0,53,3.8,1023.3
2025-08-02T13:00,73.3,48,4.5,1022.6
2025-08-02T14:00,74.4,46,4.5,1022.0
2025-08-02T15:00,74.9,45,5.1,1021.4
2025-08-02T16:00,75.3,46,3.8,1020.7
2025-08-02T17:00,75.0,48,4.4,1020.4
2025-08-02T18:00,73.9,52,4.2,1020.2
2025-08-02T19:00,71.7,64,2.9,1020.0
2025-08-02T20:00,68.9,67,1.8,1020.0
2025-08-02T21:00,67.5,64,1.4,1020.5
2025-08-02T22:00,66.8,63,0.9,1020.9
2025-08-02T23:00,65.7,64,0.8,1021.0
2025-08-03T00:00,64.7,65,0.9,1020.8
2025-08-03T01:00,63.7,67,1.0,1020.6
2025-08-03T02:00,62.2,70,1.2,1020.3
2025-08-03T03:00,61.0,73,1.2,1020.3
2025-08-03T04:00,60.0,76,1.0,1020.2
2025-08-03T05:00,59.4,78,1.1,1020.3
2025-08-03T06:00,58.5,80,2.2,1020.5
2025-08-03T07:00,60.7,80,3.0,1020.8
2025-08-03T08:00,62.5,81,2.8,1020.9
2025-08-03T09:00,63.5,79,1.6,1021.3
2025-08-03T10:00,67.7,68,0.7,1021.3
2025-08-03T11:00,71.6,59,1.4,1021.1
2025-08-03T12:00,74.6,57,2.5,1020.4
2025-08-03T13:00,76.7,57,3.5,1019.6
2025-08-03T14:00,78.3,52,4.1,1018.8
2025-08-03T15:00,79.4,50,3.6,1018.0
2025-08-03T16:00,80.1,50,3.2,1017.4
2025-08-03T17:00,80.1,50,3.3,1017.1
2025-08-03T18:00,79.6,53,3.5,1016.8
2025-08-03T19:00,77.4,64,2.7,1016.6
2025-08-03T20:00,73.2,69,3.1,1016.9
2025-08-03T21:00,73.6,63,0.7,1018.0
2025-08-03T22:00,70.2,79,2.8,1018.2
2025-08-03T23:00,69.0,81,2.8,1018.0
2025-08-04T00:00,68.6,77,1.5,1017.9
2025-08-04T01:00,68.1,75,0.3,1017.8
2025-08-04T02:00,66.7,77,0.4,1017.8
2025-08-04T03:00,64.7,81,2.5,1017.8
2025-08-04T04:00,64.3,81,1.5,1017.6
2025-08-04T05:00,64.5,81,0.2,1017.9
2025-08-04T06:00,63.0,85,0.3,1018.7
2025-08-04T07:00,64.9,85,1.4,1019.3
2025-08-04T08:00,66.7,85,1.9,1019.8
2025-08-04T09:00,67.2,83,1.8,1020.1
2025-08-04T10:00,70.9,75,0.9,1020.3
2025-08-04T11:00,74.5,70,1.2,1020.2
2025-08-04T12:00,77.8,66,2.2,1019.7
2025-08-04T13:00,80.8,61,3.2,1019.2
2025-08-04T14:00,82.8,55,4.1,1019.0
2025-08-04T15:00,83.6,50,4.6,1018.4
2025-08-04T16:00,83.7,49,4.7,1018.1
2025-08-04T17:00,83.4,48,4.6,1017.9
2025-08-04T18:00,82.3,50,4.0,1018.3
2025-08-04T19:00,79.4,61,3.0,1018.5
2025-08-04T20:00,76.6,59,1.5,1018.8
2025-08-04T21:00,75.9,63,0.4,1019.8
2025-08-04T22:00,74.4,64,1.3,1020.4
2025-08-04T23:00,72.3,67,3.5,1020.6
2025-08-05T00:00,71.2,73,3.9,1021.3
2025-08-05T01:00,68.4,84,3.0,1021.6
2025-08-05T02:00,67.5,88,3.2,1021.8
2025-08-05T03:00,66.0,91,2.7,1022.1
2025-08-05T04:00,65.1,93,2.6,1022.3
2025-08-05T05:00,64.4,94,2.2,1022.8
2025-08-05T06:00,64.4,94,2.0,1023.1
2025-08-05T07:00,66.3,92,2.2,1023.7
2025-08-05T08:00,69.1,87,2.0,1023.9
2025-08-05T09:00,70.4,85,1.6,1024.9
2025-08-05T10:00,73.5,80,2.0,1025.1
2025-08-05T11:00,76.3,77,2.6,1025.1
2025-08-05T12:00,78.6,74,2.7,1025.1
2025-08-05T13:00,81.3,68,2.2,1024.8
2025-08-05T14:00,83.2,62,2.7,1024.4
2025-08-05T15:00,83.8,60,3.9,1024.1
2025-08-05T16:00,83.1,60,4.5,1023.8
2025-08-05T17:00,81.4,66,1.9,1023.4
2025-08-05T18:00,79.3,71,1.4,1023.7
2025-08-05T19:00,78.1,79,0.3,1023.9
2025-08-05T20:00,73.9,86,6.7,1024.5
2025-08-05T21:00,72.8,88,9.5,1025.2
2025-08-05T22:00,71.4,80,9.6,1025.4
2025-08-05T23:00,71.1,79,7.7,1025.7
2025-08-06T00:00,70.1,82,4.8,1026.0
2025-08-06T01:00,68.6,87,3.1,1026.1
2025-08-06T02:00,68.3,87,0.6,1025.9
2025-08-06T03:00,67.4,90,0.2,1026.1
2025-08-06T04:00,66.3,93,1.2,1026.5
2025-08-06T05:00,65.8,94,1.4,1026.8
2025-08-06T06:00,65.7,95,1.0,1027.0
2025-08-06T07:00,68.2,92,1.2,1027.6
2025-08-06T08:00,70.1,90,1.2,1027.9
2025-08-06T09:00,71.1,86,1.9,1028.6
2025-08-06T10:00,73.6,81,1.6,1028.6
2025-08-06T11:00,76.4,77,2.0,1028.5
2025-08-06T12:00,78.2,76,3.4,1028.4
2025-08-06T13:00,80.0,71,4.7,1027.8
2025-08-06T14:00,81.5,65,5.9,1026.7
2025-08-06T15:00,81.2,65,5.1,1026.7
2025-08-06T16:00,76.5,72,6.3,1026.6
2025-08-06T17:00,76.8,73,4.6,1025.7
2025-08-06T18:00,76.6,75,4.3,1025.8
2025-08-06T19:00,75.9,78,4.4,1026.0
2025-08-06T20:00,73.8,84,2.8,1026.3
2025-08-06T21:00,70.8,89,0.7,1027.3
2025-08-06T22:00,69.2,88,6.5,1027.7
2025-08-06T23:00,69.9,84,6.1,1027.4
2025-08-07T00:00,69.6,84,5.5,1027.6
2025-08-07T01:00,69.2,83,6.9,1027.2
2025-08-07T02:00,68.4,81,6.3,1026.7
2025-08-07T03:00,67.9,80,6.0,1026.5
2025-08-07T04:00,66.9,83,5.3,1026.2
2025-08-07T05:00,66.1,85,5.3,1026.3
2025-08-07T06:00,65.4,86,4.6,1026.6
2025-08-07T07:00,66.6,85,4.9,1026.9
2025-08-07T08:00,69.3,80,4.1,1026.7
2025-08-07T09:00,71.9,76,4.7,1027.1
2025-08-07T10:00,73.5,75,4.2,1027.0
2025-08-07T11:00,75.7,72,3.5,1026.6
2025-08-07T12:00,77.8,68,2.7,1026.1
2025-08-07T13:00,79.5,65,2.9,1025.2
2025-08-07T14:00,80.1,63,3.8,1023.9
2025-08-07T15:00,80.3,64,2.9,1023.6
2025-08-07T16:00,75.4,76,5.8,1023.8
2025-08-07T17:00,76.1,74,6.3,1023.2
2025-08-07T18:00,74.5,79,4.5,1023.1
2025-08-07T19:00,74.1,81,3.3,1022.9
2025-08-07T20:00,71.2,90,2.2,1023.0
2025-08-07T21:00,70.9,83,4.2,1023.6
2025-08-07T22:00,70.8,82,6.3,1023.9
2025-08-07T23:00,69.8,76,7.7,1024.1
2025-08-08T00:00,67.8,64,7.4,1024.2
2025-08-08T01:00,66.6,62,6.9,1024.0
2025-08-08T02:00,65.8,62,6.4,1023.4
2025-08-08T03:00,65.4,62,6.3,1023.1
2025-08-08T04:00,64.8,64,6.3,1022.9
2025-08-08T05:00,64.1,66,6.0,1023.0
2025-08-08T06:00,63.7,67,6.3,1023.2
2025-08-08T07:00,64.6,69,6.0,1023.3
2025-08-08T08:00,66.8,69,5.5,1023.3
2025-08-08T09:00,67.9,67,5.2,1023.8
2025-08-08T10:00,71.2,67,3.9,1023.9
2025-08-08T11:00,74.4,65,3.1,1023.8
2025-08-08T12:00,77.0,63,2.8,1023.3
2025-08-08T13:00,79.2,59,2.8,1022.7
2025-08-08T14:00,80.5,55,4.4,1021.8
2025-08-08T15:00,80.9,53,5.6,1021.2
2025-08-08T16:00,80.5,52,6.6,1020.9
2025-08-08T17:00,79.8,54,6.1,1020.3
2025-08-08T18:00,79.1,57,4.5,1020.3
2025-08-08T19:00,77.4,69,1.7,1020.2
2025-08-08T20:00,74.4,69,1.6,1020.4
2025-08-08T21:00,73.2,68,4.1,1020.8
2025-08-08T22:00,71.8,73,5.5,1021.0
2025-08-08T23:00,71.0,73,6.8,1021.1
2025-08-09T00:00,69.6,70,7.3,1021.5
2025-08-09T01:00,67.8,65,7.1,1021.6
2025-08-09T02:00,66.8,61,7.5,1021.4
2025-08-09T03:00,65.6,64,6.7,1021.6
2025-08-09T04:00,64.8,66,6.8,1021.7
2025-08-09T05:00,64.3,69,6.5,1021.5
2025-08-09T06:00,63.8,72,5.9,1021.7
2025-08-09T07:00,64.7,75,4.7,1022.1
2025-08-09T08:00,67.3,73,3.6,1022.5
2025-08-09T09:00,69.2,71,3.5,1023.0
2025-08-09T10:00,72.4,67,3.0,1022.8
2025-08-09T11:00,75.8,62,2.2,1022.5
2025-08-09T12:00,78.9,58,2.4,1022.1
2025-08-09T13:00,81.0,54,4.0,1021.3
2025-08-09T14:00,82.1,49,5.1,1020.5
2025-08-09T15:00,82.7,47,5.4,1020.2
2025-08-09T16:00,82.6,47,5.9,1019.9
2025-08-09T17:00,81.9,50,6.0,1019.3
2025-08-09T18:00,80.7,55,5.2,1019.5
2025-08-09T19:00,77.9,64,3.7,1019.6
2025-08-09T20:00,74.5,69,4.3,1019.9
2025-08-09T21:00,74.3,70,5.2,1020.4
2025-08-09T22:00,73.1,69,7.0,1020.5
2025-08-09T23:00,72.2,66,6.8,1020.4
2025-08-10T00:00,71.6,64,6.5,1020.8
2025-08-10T01:00,70.6,64,6.3,1021.0
2025-08-10T02:00,69.5,66,7.0,1021.0
2025-08-10T03:00,68.5,68,6.7,1021.2
2025-08-10T04:00,67.7,69,5.0,1020.8
2025-08-10T05:00,66.9,71,4.2,1021.1
2025-08-10T06:00,66.3,73,4.0,1021.3
2025-08-10T07:00,67.4,74,4.8,1021.9
2025-08-10T08:00,70.2,73,4.2,1021.8
2025-08-10T09:00,72.3,71,3.0,1022.5
2025-08-10T10:00,75.6,66,2.5,1022.6
2025-08-10T11:00,78.9,60,1.7,1022.4
2025-08-10T12:00,81.9,54,1.9,1021.9
2025-08-10T13:00,84.3,50,2.2,1021.4
2025-08-10T14:00,85.8,47,3.1,1020.9
2025-08-10T15:00,86.6,46,3.8,1020.6
2025-08-10T16:00,86.5,46,4.9,1020.4
2025-08-10T17:00,85.8,48,4.6,1020.0
2025-08-10T18:00,84.6,51,4.6,1019.6
2025-08-10T19:00,81.7,60,5.0,1019.3
2025-08-10T20:00,77.8,67,3.7,1019.6
2025-08-10T21:00,77.4,67,5.2,1020.2
2025-08-10T22:00,76.6,63,7.2,1020.1
2025-08-10T23:00,75.5,65,7.0,1020.0
2025-08-11T00:00,74.1,68,6.4,1019.9
2025-08-11T01:00,73.0,67,5.8,1020.0
2025-08-11T02:00,71.9,68,5.8,1020.1
2025-08-11T03:00,70.6,70,5.4,1020.3
2025-08-11T04:00,69.9,72,4.6,1020.1
2025-08-11T05:00,68.6,75,3.5,1019.8
2025-08-11T06:00,67.8,77,3.5,1020.4
2025-08-11T07:00,69.1,78,3.8,1020.9
2025-08-11T08:00,71.6,76,3.4,1021.3
2025-08-11T09:00,75.0,70,2.2,1021.7
2025-08-11T10:00,78.2,63,2.6,1021.8
2025-08-11T11:00,80.5,57,3.2,1021.5
2025-08-11T12:00,83.0,51,3.1,1020.7
2025-08-11T13:00,85.0,46,4.0,1020.3
2025-08-11T14:00,86.2,44,4.7,1019.5
2025-08-11T15:00,86.8,43,4.9,1018.8
2025-08-11T16:00,87.1,44,5.2,1018.1
2025-08-11T17:00,86.2,48,5.7,1017.9
2025-08-11T18:00,84.5,52,5.5,1017.5
2025-08-11T19:00,82.0,59,5.1,1017.4
2025-08-11T20:00,79.2,60,5.6,1017.2
2025-08-11T21:00,78.3,63,5.9,1017.6
2025-08-11T22:00,77.0,66,6.0,1017.6
2025-08-11T23:00,75.9,65,6.3,1017.4
2025-08-12T00:00,74.7,65,6.1,1017.3
2025-08-12T01:00,73.5,66,7.0,1017.1
2025-08-12T02:00,72.3,67,7.0,1016.8
2025-08-12T03:00,70.8,68,6.3,1016.8
2025-08-12T04:00,69.8,68,6.6,1016.8
2025-08-12T05:00,68.7,71,5.6,1017.1
2025-08-12T06:00,68.0,73,5.4,1017.6
2025-08-12T07:00,69.1,75,5.3,1017.8
2025-08-12T08:00,71.8,74,4.7,1017.7
2025-08-12T09:00,74.7,70,3.2,1017.5
2025-08-12T10:00,78.1,65,3.1,1017.1
2025-08-12T11:00,81.0,61,2.8,1016.4
2025-08-12T12:00,83.4,58,3.5,1015.9
2025-08-12T13:00,85.5,55,4.0,1015.2
2025-08-12T14:00,87.2,51,4.7,1014.3
2025-08-12T15:00,88.0,47,5.8,1013.6
2025-08-12T16:00,88.0,45,5.9,1012.9
2025-08-12T17:00,87.3,47,5.7,1012.5
2025-08-12T18:00,85.7,51,4.4,1012.2
2025-08-12T19:00,83.2,61,3.1,1011.8
2025-08-12T20:00,78.6,66,3.5,1011.8
2025-08-12T21:00,79.2,67,5.2,1012.0
2025-08-12T22:00,78.3,69,6.7,1011.7
2025-08-12T23:00,77.0,66,6.6,1011.8
2025-08-13T00:00,76.3,60,8.4,1011.7
2025-08-13T01:00,75.0,64,9.0,1011.8
2025-08-13T02:00,74.0,73,8.0,1011.5
2025-08-13T03:00,73.2,79,7.4,1011.3
2025-08-13T04:00,72.7,83,6.6,1011.1
2025-08-13T05:00,72.1,86,6.0,1011.0
2025-08-13T06:00,71.9,87,5.8,1010.9
2025-08-13T07:00,73.1,86,5.9,1010.9
2025-08-13T08:00,76.0,81,5.8,1010.8
2025-08-13T09:00,78.7,79,4.9,1010.6
2025-08-13T10:00,81.9,74,4.3,1010.2
2025-08-13T11:00,84.6,70,5.3,1009.5
2025-08-13T12:00,87.1,65,6.2,1008.9
2025-08-13T13:00,89.2,60,6.8,1008.1
2025-08-13T14:00,81.4,76,7.0,1009.2
2025-08-13T15:00,81.7,74,6.0,1009.0
2025-08-13T16:00,82.5,70,7.8,1008.5
2025-08-13T17:00,80.1,77,5.8,1008.1
2025-08-13T18:00,79.5,79,5.3,1008.0
2025-08-13T19:00,78.4,83,3.6,1008.0
2025-08-13T20:00,77.0,89,3.7,1008.1
2025-08-13T21:00,73.5,91,5.7,1009.3
2025-08-13T22:00,73.0,90,5.2,1009.1
2025-08-13T23:00,72.7,91,3.8,1009.0
2025-08-14T00:00,72.5,92,4.8,1009.2
2025-08-14T01:00,72.0,97,5.8,1009.3
2025-08-14T02:00,71.6,98,4.5,1009.1
2025-08-14T03:00,71.2,98,3.4,1008.9
2025-08-14T04:00,70.7,99,2.7,1008.8
2025-08-14T05:00,70.2,99,2.5,1009.1
2025-08-14T06:00,69.0,100,1.3,1009.7
2025-08-14T07:00,70.7,100,0.6,1010.3
2025-08-14T08:00,72.3,95,2.9,1011.0
2025-08-14T09:00,74.4,89,4.5,1011.5
2025-08-14T10:00,77.2,82,5.0,1012.0
2025-08-14T11:00,78.4,79,5.0,1012.1
2025-08-14T12:00,81.0,75,5.0,1012.2
2025-08-14T13:00,82.5,72,6.1,1012.1
2025-08-14T14:00,83.8,68,6.2,1011.9
2025-08-14T15:00,84.7,62,6.1,1011.6
2025-08-14T16:00,80.2,73,7.4,1012.1
2025-08-14T17:00,80.4,69,9.8,1012.4
2025-08-14T18:00,79.5,72,6.2,1012.5
2025-08-14T19:00,78.1,77,5.3,1012.9
2025-08-14T20:00,75.8,76,6.1,1013.5
2025-08-14T21:00,74.9,72,8.8,1014.8
2025-08-14T22:00,73.5,71,9.5,1015.5
2025-08-14T23:00,71.7,74,8.0,1016.1
2025-08-15T00:00,70.4,75,8.1,1016.2
2025-08-15T01:00,69.3,76,7.7,1016.2
2025-08-15T02:00,68.2,80,5.3,1016.6
2025-08-15T03:00,66.7,85,4.1,1017.1
2025-08-15T04:00,66.0,87,4.0,1017.5
2025-08-15T05:00,65.1,88,3.7,1018.1
2025-08-15T06:00,64.6,87,4.5,1018.5
2025-08-15T07:00,65.7,84,5.4,1019.4
2025-08-15T08:00,68.5,80,3.7,1019.9
2025-08-15T09:00,71.0,77,4.2,1020.1
2025-08-15T10:00,74.2,71,4.2,1020.2
2025-08-15T11:00,77.2,65,3.7,1020.3
2025-08-15T12:00,79.6,57,3.5,1020.0
2025-08-15T13:00,81.1,52,4.0,1019.9
2025-08-15T14:00,82.3,47,3.6,1019.6
2025-08-15T15:00,82.8,45,3.7,1019.2
2025-08-15T16:00,82.9,44,3.5,1018.9
2025-08-15T17:00,82.6,43,3.5,1018.7
2025-08-15T18:00,81.5,47,3.2,1018.5
2025-08-15T19:00,78.5,62,2.1,1018.3
2025-08-15T20:00,73.6,66,2.2,1018.8
2025-08-15T21:00,72.0,72,3.0,1019.3
2025-08-15T22:00,69.6,74,3.3,1019.3
2025-08-15T23:00,68.3,73,3.7,1019.1
2025-08-16T00:00,68.0,71,3.5,1018.9
2025-08-16T01:00,68.4,69,2.8,1018.8
2025-08-16T02:00,69.4,70,7.1,1018.9
2025-08-16T03:00,69.1,87,7.3,1019.2
2025-08-16T04:00,69.1,92,6.8,1019.6
2025-08-16T05:00,69.3,93,7.1,1019.3
2025-08-16T06:00,69.1,94,7.0,1019.1
2025-08-16T07:00,69.9,94,7.8,1018.9
2025-08-16T08:00,72.4,88,8.3,1018.5
2025-08-16T09:00,74.1,81,7.6,1019.0
2025-08-16T10:00,76.9,74,4.4,1018.8
2025-08-16T11:00,79.6,70,5.5,1018.4
2025-08-16T12:00,82.5,62,5.9,1017.8
2025-08-16T13:00,83.2,62,6.8,1016.8
2025-08-16T14:00,83.5,63,6.2,1016.3
2025-08-16T15:00,83.7,63,4.6,1015.9
2025-08-16T16:00,84.5,64,5.5,1015.1
2025-08-16T17:00,84.4,65,5.5,1014.6
2025-08-16T18:00,83.8,66,5.8,1014.0
2025-08-16T19:00,82.1,69,4.4,1013.8
2025-08-16T20:00,79.2,75,5.7,1013.5
2025-08-16T21:00,77.9,81,8.9,1013.8
2025-08-16T22:00,76.6,80,9.2,1013.5
2025-08-16T23:00,75.6,80,9.6,1013.4
2025-08-17T00:00,74.5,83,9.9,1013.1
2025-08-17T01:00,73.6,87,9.6,1012.9
2025-08-17T02:00,72.5,89,8.6,1012.7
2025-08-17T03:00,71.8,90,8.5,1012.3
2025-08-17T04:00,71.1,92,7.5,1012.3
2025-08-17T05:00,70.2,94,6.4,1011.8
2025-08-17T06:00,69.7,96,6.6,1011.6
2025-08-17T07:00,70.4,96,6.7,1011.7
2025-08-17T08:00,72.8,91,6.2,1011.5
2025-08-17T09:00,74.0,89,4.5,1011.2
2025-08-17T10:00,76.8,82,3.6,1011.0
2025-08-17T11:00,80.3,72,3.6,1010.9
2025-08-17T12:00,82.9,63,3.6,1010.2
2025-08-17T13:00,84.6,58,3.4,1009.3
2025-08-17T14:00,85.5,56,4.3,1008.9
2025-08-17T15:00,85.0,54,6.7,1008.5
2025-08-17T16:00,85.3,52,8.3,1008.3
2025-08-17T17:00,83.8,55,7.5,1008.4
2025-08-17T18:00,82.7,56,9.8,1008.9
2025-08-17T19:00,72.1,79,11.3,1010.3
2025-08-17T20:00,67.6,80,11.6,1011.0
2025-08-17T21:00,64.1,77,13.2,1012.7
2025-08-17T22:00,63.0,76,13.4,1013.4
2025-08-17T23:00,62.6,75,14.5,1014.3
2025-08-18T00:00,62.6,71,13.4,1015.0
2025-08-18T01:00,62.4,63,13.7,1015.5
2025-08-18T02:00,61.4,62,12.2,1015.8
2025-08-18T03:00,60.3,66,9.9,1016.4
2025-08-18T04:00,59.1,70,8.8,1017.1
2025-08-18T05:00,57.9,69,8.0,1017.6
2025-08-18T06:00,56.7,66,8.7,1018.3
2025-08-18T07:00,56.5,64,9.3,1019.4
2025-08-18T08:00,58.0,63,8.1,1020.1
2025-08-18T09:00,59.8,60,10.3,1021.4
2025-08-18T10:00,62.2,54,10.6,1021.3
2025-08-18T11:00,64.6,51,10.1,1021.2
2025-08-18T12:00,66.6,49,8.7,1021.1
2025-08-18T13:00,68.4,47,8.3,1020.6
2025-08-18T14:00,69.7,46,7.7,1020.3
2025-08-18T15:00,70.6,47,6.8,1020.1
2025-08-18T16:00,70.9,47,6.5,1020.0
2025-08-18T17:00,71.0,48,6.4,1019.9
2025-08-18T18:00,70.0,49,6.3,1020.0
2025-08-18T19:00,67.9,54,5.6,1020.0
2025-08-18T20:00,65.4,58,5.4,1020.0
2025-08-18T21:00,64.2,60,6.1,1021.2
2025-08-18T22:00,62.7,64,5.1,1021.2
2025-08-18T23:00,60.7,71,3.6,1021.0
2025-08-19T00:00,57.9,83,2.1,1021.1
2025-08-19T01:00,56.7,87,0.9,1021.4
2025-08-19T02:00,55.8,87,1.2,1021.2
2025-08-19T03:00,55.7,87,1.9,1021.3
2025-08-19T04:00,54.8,88,1.8,1021.5
2025-08-19T05:00,54.4,83,2.9,1021.6
2025-08-19T06:00,55.2,80,2.9,1022.0
2025-08-19T07:00,58.6,79,4.0,1022.3
2025-08-19T08:00,61.3,80,3.5,1022.5
2025-08-19T09:00,62.1,79,4.9,1022.7
2025-08-19T10:00,66.2,70,6.8,1022.1
2025-08-19T11:00,67.7,65,7.4,1022.1
2025-08-19T12:00,70.1,58,7.5,1021.7
2025-08-19T13:00,70.4,54,7.4,1021.1
2025-08-19T14:00,72.5,51,7.3,1020.7
2025-08-19T15:00,73.1,51,7.3,1020.0
2025-08-19T16:00,73.3,51,6.9,1019.1
2025-08-19T17:00,73.5,50,7.8,1018.5
2025-08-19T18:00,72.7,53,7.3,1017.9
2025-08-19T19:00,70.6,61,4.1,1017.7
2025-08-19T20:00,68.1,68,2.9,1017.9
2025-08-19T21:00,68.5,61,6.6,1018.2
2025-08-19T22:00,67.4,63,8.2,1019.0
2025-08-19T23:00,66.3,60,8.9,1019.1
2025-08-20T00:00,65.2,56,9.2,1019.0
2025-08-20T01:00,63.4,63,9.3,1018.8
2025-08-20T02:00,63.3,67,8.5,1018.4
2025-08-20T03:00,63.2,69,7.5,1018.1
2025-08-20T04:00,63.0,71,7.6,1018.0
2025-08-20T05:00,62.9,72,6.9,1017.8
2025-08-20T06:00,62.9,72,6.8,1017.9
2025-08-20T07:00,62.8,73,8.6,1017.8
2025-08-20T08:00,61.3,80,9.3,1017.8
2025-08-20T09:00,59.3,93,5.5,1018.9
2025-08-20T10:00,59.3,93,3.6,1019.1
2025-08-20T11:00,60.2,90,2.8,1019.1
2025-08-20T12:00,60.6,91,5.0,1018.8
2025-08-20T13:00,62.6,80,5.6,1018.5
2025-08-20T14:00,63.2,76,5.9,1018.2
2025-08-20T15:00,63.1,76,5.3,1017.7
2025-08-20T16:00,63.1,76,4.0,1017.6
2025-08-20T17:00,62.2,81,3.7,1017.5
2025-08-20T18:00,61.0,92,1.4,1017.7
2025-08-20T19:00,60.9,89,3.2,1017.6
2025-08-20T20:00,60.6,91,2.2,1017.6
2025-08-20T21:00,58.7,93,1.3,1018.6
2025-08-20T22:00,58.2,97,0.5,1018.9
2025-08-20T23:00,58.6,97,0.9,1018.7
2025-08-21T00:00,58.8,97,0.8,1018.6
2025-08-21T01:00,58.7,97,1.3,1018.2
2025-08-21T02:00,58.5,98,2.1,1017.7
2025-08-21T03:00,58.4,98,2.2,1017.4
2025-08-21T04:00,58.4,95,2.7,1017.0
2025-08-21T05:00,58.5,92,4.0,1017.0
2025-08-21T06:00,58.3,91,3.3,1017.1
2025-08-21T07:00,58.7,91,2.7,1017.2
2025-08-21T08:00,60.3,86,2.6,1017.5
2025-08-21T09:00,61.2,82,2.6,1017.9
2025-08-21T10:00,63.4,74,2.8,1017.6
2025-08-21T11:00,65.8,69,4.7,1017.0
2025-08-21T12:00,68.5,64,5.4,1016.1
2025-08-21T13:00,71.1,60,5.6,1015.4
2025-08-21T14:00,72.2,59,6.8,1014.3
2025-08-21T15:00,74.5,54,6.4,1013.9
2025-08-21T16:00,75.3,51,6.5,1013.5
2025-08-21T17:00,75.5,49,6.3,1012.7
2025-08-21T18:00,74.6,53,5.7,1012.0
2025-08-21T19:00,71.5,62,4.4,1012.0
2025-08-21T20:00,67.6,66,4.5,1012.1
2025-08-21T21:00,67.0,55,6.0,1012.9
2025-08-21T22:00,65.5,55,5.2,1012.9
2025-08-21T23:00,63.9,58,4.1,1013.0
2025-08-22T00:00,61.9,65,3.5,1013.0
2025-08-22T01:00,60.6,69,0.7,1012.9
2025-08-22T02:00,59.5,71,0.3,1013.1
2025-08-22T03:00,59.9,71,0.5,1013.1
2025-08-22T04:00,59.3,75,1.3,1013.4
2025-08-22T05:00,57.4,85,3.5,1013.4
2025-08-22T06:00,56.1,85,3.4,1013.7
2025-08-22T07:00,58.1,79,3.7,1014.4
2025-08-22T08:00,61.5,76,3.9,1014.8
2025-08-22T09:00,64.4,76,4.0,1015.8
2025-08-22T10:00,68.1,73,4.6,1016.0
2025-08-22T11:00,71.2,68,4.6,1015.8
2025-08-22T12:00,74.0,62,4.7,1015.4
2025-08-22T13:00,76.2,57,4.8,1015.1
2025-08-22T14:00,77.9,53,4.9,1014.7
2025-08-22T15:00,78.6,49,4.3,1014.2
2025-08-22T16:00,79.2,48,3.3,1014.0
2025-08-22T17:00,79.1,48,2.6,1013.6
2025-08-22T18:00,78.0,53,3.5,1013.5
2025-08-22T19:00,75.5,67,2.2,1013.6
2025-08-22T20:00,73.2,62,0.8,1013.7
2025-08-22T21:00,70.7,66,2.3,1014.5
2025-08-22T22:00,69.5,68,3.3,1014.8
2025-08-22T23:00,69.3,68,6.3,1015.0
2025-08-23T00:00,68.7,68,6.4,1015.1
2025-08-23T01:00,67.7,68,7.0,1014.9
2025-08-23T02:00,65.9,72,5.5,1015.0
2025-08-23T03:00,65.4,74,6.6,1015.0
2025-08-23T04:00,65.1,77,6.9,1014.9
2025-08-23T05:00,64.1,79,6.7,1014.9
2025-08-23T06:00,63.8,80,7.3,1015.3
2025-08-23T07:00,64.8,79,8.1,1015.5
2025-08-23T08:00,67.7,75,7.2,1015.7
2025-08-23T09:00,70.7,70,7.2,1015.7
2025-08-23T10:00,73.9,66,7.3,1015.5
2025-08-23T11:00,76.8,63,8.3,1015.3
2025-08-23T12:00,79.7,52,10.0,1014.7
2025-08-23T13:00,80.8,48,10.8,1014.1
2025-08-23T14:00,80.5,53,12.8,1013.7
2025-08-23T15:00,80.7,49,13.1,1013.4
2025-08-23T16:00,80.7,40,14.5,1012.8
2025-08-23T17:00,79.9,42,14.7,1012.4
2025-08-23T18:00,79.1,45,12.0,1012.2
2025-08-23T19:00,76.9,49,9.4,1011.6
2025-08-23T20:00,73.8,57,7.6,1011.9
2025-08-23T21:00,72.9,55,12.2,1012.4
2025-08-23T22:00,71.9,55,13.8,1012.8
2025-08-23T23:00,69.9,56,13.9,1013.0
2025-08-24T00:00,68.7,59,14.4,1013.0
2025-08-24T01:00,67.6,64,14.6,1013.0
2025-08-24T02:00,66.9,73,14.4,1012.8
2025-08-24T03:00,66.2,80,14.7,1012.4
2025-08-24T04:00,65.7,83,14.3,1012.2
2025-08-24T05:00,65.3,84,13.7,1011.8
2025-08-24T06:00,65.1,83,12.3,1011.7
2025-08-24T07:00,65.7,82,11.7,1012.3
2025-08-24T08:00,66.9,81,12.0,1012.4
2025-08-24T09:00,67.6,87,11.9,1012.2
2025-08-24T10:00,70.6,78,13.3,1012.1
2025-08-24T11:00,72.2,76,13.3,1011.8
2025-08-24T12:00,72.0,83,9.8,1012.1
2025-08-24T13:00,70.8,89,11.3,1011.7
2025-08-24T14:00,71.9,87,11.4,1010.4
2025-08-24T15:00,75.6,77,12.6,1009.5
2025-08-24T16:00,77.2,66,13.0,1009.0
2025-08-24T17:00,77.2,65,10.6,1008.2
2025-08-24T18:00,76.9,68,9.8,1007.9
2025-08-24T19:00,75.0,70,8.9,1008.1
2025-08-24T20:00,73.2,68,10.6,1008.4
2025-08-24T21:00,72.9,76,9.2,1008.9
2025-08-24T22:00,71.8,72,11.3,1008.9
2025-08-24T23:00,70.7,75,10.3,1008.6
2025-08-25T00:00,69.8,79,10.6,1008.6
2025-08-25T01:00,69.0,83,9.9,1008.4
2025-08-25T02:00,68.2,86,7.7,1008.3
2025-08-25T03:00,67.4,89,7.0,1007.9
2025-08-25T04:00,66.5,94,6.1,1007.6
2025-08-25T05:00,67.1,94,7.3,1006.9
2025-08-25T06:00,66.4,97,6.3,1006.9
2025-08-25T07:00,66.7,98,5.9,1006.9
2025-08-25T08:00,67.3,97,5.0,1007.2
2025-08-25T09:00,69.8,87,3.8,1007.5
2025-08-25T10:00,70.9,78,3.8,1007.8
2025-08-25T11:00,73.9,64,4.8,1007.7
2025-08-25T12:00,75.3,60,5.1,1007.3
2025-08-25T13:00,76.1,58,6.6,1006.8
2025-08-25T14:00,77.4,52,7.8,1006.8
2025-08-25T15:00,77.8,48,8.5,1006.5
2025-08-25T16:00,77.1,49,9.8,1006.5
2025-08-25T17:00,75.4,53,9.5,1006.7
2025-08-25T18:00,73.8,55,8.7,1007.1
2025-08-25T19:00,71.6,61,5.8,1007.5
2025-08-25T20:00,69.4,66,6.2,1008.6
2025-08-25T21:00,67.3,64,5.9,1009.6
2025-08-25T22:00,65.7,70,6.2,1010.1
2025-08-25T23:00,64.1,76,4.8,1010.4
2025-08-26T00:00,62.0,82,3.1,1011.2
2025-08-26T01:00,61.1,82,2.9,1011.4
2025-08-26T02:00,60.3,82,3.3,1011.5
2025-08-26T03:00,59.1,84,3.0,1011.5
2025-08-26T04:00,57.8,86,2.7,1011.7
2025-08-26T05:00,57.0,86,2.1,1012.0
2025-08-26T06:00,56.6,86,1.8,1012.4
2025-08-26T07:00,58.6,83,2.5,1013.0
2025-08-26T08:00,61.5,74,3.3,1013.2
2025-08-26T09:00,64.5,67,3.9,1013.3
2025-08-26T10:00,67.5,58,9.9,1013.6
2025-08-26T11:00,69.3,54,11.0,1013.8
2025-08-26T12:00,70.6,50,11.5,1013.5
2025-08-26T13:00,71.2,47,11.0,1013.3
2025-08-26T14:00,72.3,45,9.9,1013.0
2025-08-26T15:00,72.6,45,10.2,1012.8
2025-08-26T16:00,71.9,47,9.7,1013.0
2025-08-26T17:00,71.1,49,8.9,1012.8
2025-08-26T18:00,70.5,50,7.6,1012.8
2025-08-26T19:00,68.5,55,5.9,1013.1
2025-08-26T20:00,65.6,61,4.7,1013.5
2025-08-26T21:00,65.2,63,5.1,1014.6
2025-08-26T22:00,62.7,67,4.1,1014.8
2025-08-26T23:00,61.0,70,3.6,1015.0
2025-08-27T00:00,59.4,74,3.3,1015.0
2025-08-27T01:00,58.6,76,3.4,1015.1
2025-08-27T02:00,58.1,80,3.5,1015.1
2025-08-27T03:00,57.5,83,3.2,1015.0
2025-08-27T04:00,56.7,86,2.5,1015.0
2025-08-27T05:00,55.8,88,2.9,1015.1
2025-08-27T06:00,55.4,90,3.9,1015.7
2025-08-27T07:00,55.9,88,4.7,1016.3
2025-08-27T08:00,58.1,81,6.8,1016.5
2025-08-27T09:00,61.6,75,8.5,1016.5
2025-08-27T10:00,63.4,72,6.9,1016.5
2025-08-27T11:00,65.0,68,7.1,1016.1
2025-08-27T12:00,67.2,63,7.6,1015.7
2025-08-27T13:00,69.2,56,7.9,1015.0
2025-08-27T14:00,68.3,53,9.4,1015.1
2025-08-27T15:00,69.9,47,9.7,1014.6
2025-08-27T16:00,69.9,45,10.7,1014.4
2025-08-27T17:00,69.4,45,10.3,1014.3
2025-08-27T18:00,68.2,46,10.5,1014.6
2025-08-27T19:00,65.7,50,9.1,1015.3
2025-08-27T20:00,63.1,52,7.5,1015.9
2025-08-27T21:00,61.3,60,4.2,1016.8
2025-08-27T22:00,59.1,66,3.5,1017.4
2025-08-27T23:00,57.7,67,3.5,1017.7
2025-08-28T00:00,56.9,70,2.0,1017.9
2025-08-28T01:00,57.0,70,0.7,1018.2
2025-08-28T02:00,55.5,74,1.4,1018.0
2025-08-28T03:00,54.5,78,3.1,1018.0
2025-08-28T04:00,54.7,77,4.6,1018.1
2025-08-28T05:00,54.3,77,6.0,1017.9
2025-08-28T06:00,53.8,79,6.7,1018.0
2025-08-28T07:00,53.9,82,7.9,1018.6
2025-08-28T08:00,56.2,78,7.0,1018.9
2025-08-28T09:00,58.2,75,6.9,1019.2
2025-08-28T10:00,63.1,66,6.7,1018.8
2025-08-28T11:00,67.5,58,7.1,1018.1
2025-08-28T12:00,70.6,51,7.8,1017.3
2025-08-28T13:00,72.0,46,7.3,1016.6
2025-08-28T14:00,72.4,46,7.9,1016.0
2025-08-28T15:00,71.2,50,9.1,1015.6
2025-08-28T16:00,72.9,46,8.6,1015.0
2025-08-28T17:00,73.5,42,8.1,1014.3
2025-08-28T18:00,72.9,43,7.0,1014.1
2025-08-28T19:00,69.2,52,5.0,1014.2
2025-08-28T20:00,66.5,54,7.1,1014.2
2025-08-28T21:00,66.0,44,6.8,1014.1
2025-08-28T22:00,64.6,43,7.3,1014.1
2025-08-28T23:00,63.6,51,9.0,1013.9
2025-08-29T00:00,63.3,56,9.6,1013.5
2025-08-29T01:00,63.2,59,10.0,1013.2
2025-08-29T02:00,62.9,65,9.2,1012.8
2025-08-29T03:00,62.0,71,6.2,1013.2
2025-08-29T04:00,61.2,74,7.1,1013.1
2025-08-29T05:00,60.3,78,7.0,1013.1
2025-08-29T06:00,60.2,80,5.9,1013.1
2025-08-29T07:00,60.0,84,6.1,1013.1
2025-08-29T08:00,60.1,87,4.6,1013.5
2025-08-29T09:00,60.9,86,1.4,1013.5
2025-08-29T10:00,61.9,84,1.4,1013.4
2025-08-29T11:00,66.4,71,3.8,1013.1
2025-08-29T12:00,68.8,67,4.5,1012.6
2025-08-29T13:00,70.2,64,6.0,1012.2
2025-08-29T14:00,70.5,61,8.1,1011.8
2025-08-29T15:00,69.6,59,8.4,1011.5
2025-08-29T16:00,69.2,57,9.1,1011.3
2025-08-29T17:00,68.8,55,8.1,1011.2
2025-08-29T18:00,67.4,58,8.7,1011.4
2025-08-29T19:00,65.1,64,6.8,1011.7
2025-08-29T20:00,62.7,67,7.4,1012.3
2025-08-29T21:00,61.3,64,7.9,1013.5
2025-08-29T22:00,59.9,65,8.7,1013.8
2025-08-29T23:00,58.1,69,6.8,1013.8
2025-08-30T00:00,56.4,75,4.6,1013.7
2025-08-30T01:00,54.6,80,3.7,1013.7
2025-08-30T02:00,53.3,84,3.1,1013.6
2025-08-30T03:00,52.6,86,2.5,1013.4
2025-08-30T04:00,52.0,87,2.3,1013.8
2025-08-30T05:00,51.0,89,2.9,1013.9
2025-08-30T06:00,50.8,90,3.2,1014.6
2025-08-30T07:00,52.2,89,1.3,1015.3
2025-08-30T08:00,54.9,84,1.6,1015.8
2025-08-30T09:00,57.4,78,2.8,1016.0
2025-08-30T10:00,60.9,73,3.8,1016.1
2025-08-30T11:00,64.7,63,7.4,1015.8
2025-08-30T12:00,66.7,55,10.4,1015.5
2025-08-30T13:00,67.6,55,10.8,1015.4
2025-08-30T14:00,68.6,51,11.7,1015.2
2025-08-30T15:00,68.3,51,11.0,1015.0
2025-08-30T16:00,68.2,50,10.8,1015.1
2025-08-30T17:00,68.7,48,10.0,1015.1
2025-08-30T18:00,67.3,51,9.1,1015.6
2025-08-30T19:00,65.0,54,7.3,1015.9
2025-08-30T20:00,63.0,56,7.5,1016.6
2025-08-30T21:00,62.1,60,6.3,1017.5
2025-08-30T22:00,61.2,64,6.4,1018.2
2025-08-30T23:00,59.5,68,4.5,1018.6
2025-08-31T00:00,58.1,72,3.5,1018.9
2025-08-31T01:00,57.6,72,3.6,1019.1
2025-08-31T02:00,56.5,74,3.6,1019.3
2025-08-31T03:00,55.0,78,3.5,1019.3
2025-08-31T04:00,53.9,81,3.4,1019.5
2025-08-31T05:00,52.9,83,2.9,1019.7
2025-08-31T06:00,52.5,84,2.8,1020.2
2025-08-31T07:00,53.8,84,2.4,1020.9
2025-08-31T08:00,57.5,77,2.1,1021.9
2025-08-31T09:00,59.7,72,3.1,1022.3
2025-08-31T10:00,63.9,67,3.9,1022.4
2025-08-31T11:00,67.5,60,4.5,1022.3
2025-08-31T12:00,70.3,54,5.2,1021.9
2025-08-31T13:00,72.4,52,6.8,1021.4
2025-08-31T14:00,74.0,48,7.8,1021.0
2025-08-31T15:00,75.0,45,6.6,1020.8
2025-08-31T16:00,75.7,42,6.5,1020.4
2025-08-31T17:00,75.2,43,6.7,1020.3
2025-08-31T18:00,73.9,47,4.6,1020.3
2025-08-31T19:00,69.8,62,3.0,1020.5
2025-08-31T20:00,66.2,68,3.6,1021.0
2025-08-31T21:00,64.7,65,4.5,1022.0
2025-08-31T22:00,63.0,61,5.1,1022.2
2025-08-31T23:00,61.5,65,5.0,1022.2
2025-09-01T00:00,60.8,69,4.9,1022.3
2025-09-01T01:00,59.8,73,5.2,1022.4
2025-09-01T02:00,58.5,78,4.3,1022.2
2025-09-01T03:00,56.7,83,2.0,1022.3
2025-09-01T04:00,56.6,83,1.1,1022.4
2025-09-01T05:00,56.1,84,1.9,1022.6
2025-09-01T06:00,55.7,85,2.7,1022.8
2025-09-01T07:00,56.7,83,2.2,1023.7
2025-09-01T08:00,60.3,77,4.1,1024.0
2025-09-01T09:00,61.8,76,3.0,1024.8
2025-09-01T10:00,65.6,71,3.7,1024.7
2025-09-01T11:00,69.7,65,4.1,1024.6
2025-09-01T12:00,72.9,59,3.7,1024.4
2025-09-01T13:00,74.2,56,3.1,1023.8
2025-09-01T14:00,74.6,55,3.7,1023.1
2025-09-01T15:00,74.7,54,4.3,1022.8
2025-09-01T16:00,74.2,55,4.6,1022.4
2025-09-01T17:00,73.3,59,4.6,1022.0
2025-09-01T18:00,71.9,62,3.7,1021.7
2025-09-01T19:00,69.6,68,2.3,1021.5
2025-09-01T20:00,67.7,67,2.2,1021.6
2025-09-01T21:00,66.5,70,2.8,1022.3
2025-09-01T22:00,65.2,76,3.1,1022.1
2025-09-01T23:00,63.9,80,2.5,1021.9
2025-09-02T00:00,62.6,84,1.9,1021.7
2025-09-02T01:00,62.0,85,1.0,1021.4
2025-09-02T02:00,60.2,86,1.0,1021.0
2025-09-02T03:00,59.3,84,1.4,1021.0
2025-09-02T04:00,58.6,82,1.5,1020.9
2025-09-02T05:00,57.6,83,1.7,1020.6
2025-09-02T06:00,57.3,82,0.8,1020.7
2025-09-02T07:00,58.8,81,0.2,1020.7
2025-09-02T08:00,62.0,78,1.0,1021.0
2025-09-02T09:00,64.6,75,1.2,1021.0
2025-09-02T10:00,68.0,69,1.7,1020.8
2025-09-02T11:00,71.3,63,2.1,1020.1
2025-09-02T12:00,73.8,57,2.1,1019.2
2025-09-02T13:00,75.2,51,2.9,1018.5
2025-09-02T14:00,75.8,50,4.0,1017.7
2025-09-02T15:00,75.9,50,4.7,1016.8
2025-09-02T16:00,76.0,49,5.0,1016.3
2025-09-02T17:00,75.7,50,5.4,1015.9
2025-09-02T18:00,73.9,55,6.1,1015.5
2025-09-02T19:00,70.5,64,4.1,1015.4
2025-09-02T20:00,68.4,68,0.8,1015.5
2025-09-02T21:00,67.9,61,4.2,1015.2
2025-09-02T22:00,67.1,64,7.0,1015.0
2025-09-02T23:00,65.3,69,7.7,1015.1
2025-09-03T00:00,63.4,67,7.7,1015.2
2025-09-03T01:00,62.3,63,8.3,1015.1
2025-09-03T02:00,61.4,64,8.1,1014.7
2025-09-03T03:00,60.4,70,7.4,1014.1
2025-09-03T04:00,59.8,76,7.3,1013.9
2025-09-03T05:00,59.1,81,6.7,1013.6
2025-09-03T06:00,58.3,85,5.4,1013.7
2025-09-03T07:00,58.8,85,5.5,1014.0
2025-09-03T08:00,62.3,80,5.6,1014.1
2025-09-03T09:00,64.4,75,4.1,1014.0
2025-09-03T10:00,67.6,70,3.6,1013.7
2025-09-03T11:00,71.1,62,3.4,1013.1
2025-09-03T12:00,74.0,54,3.8,1012.3
2025-09-03T13:00,75.6,48,5.1,1011.4
2025-09-03T14:00,76.3,44,6.4,1010.8
2025-09-03T15:00,76.0,44,7.7,1010.2
2025-09-03T16:00,76.2,44,7.5,1009.7
2025-09-03T17:00,75.8,46,7.6,1009.3
2025-09-03T18:00,74.5,48,7.0,1009.1
2025-09-03T19:00,71.4,55,4.7,1009.0
2025-09-03T20:00,68.8,60,5.4,1009.1
2025-09-03T21:00,69.1,56,6.0,1009.0
2025-09-03T22:00,67.8,57,7.3,1009.1
2025-09-03T23:00,67.0,60,9.9,1009.8
2025-09-04T00:00,65.5,65,9.0,1009.7
2025-09-04T01:00,64.5,68,9.4,1009.8
2025-09-04T02:00,63.7,71,9.5,1009.8
2025-09-04T03:00,63.0,73,9.2,1009.5
2025-09-04T04:00,62.2,74,9.3,1009.7
2025-09-04T05:00,61.8,75,9.2,1009.6
2025-09-04T06:00,61.6,77,9.6,1009.6
2025-09-04T07:00,61.8,80,9.5,1009.8
2025-09-04T08:00,64.8,77,9.0,1009.7
2025-09-04T09:00,67.5,74,11.6,1009.6
2025-09-04T10:00,71.0,68,12.1,1009.3
2025-09-04T11:00,73.9,62,12.7,1009.0
2025-09-04T12:00,76.2,56,14.2,1008.2
2025-09-04T13:00,78.2,52,15.2,1007.4
2025-09-04T14:00,79.2,49,15.2,1006.6
2025-09-04T15:00,79.2,50,15.8,1006.0
2025-09-04T16:00,79.0,49,16.3,1005.6
2025-09-04T17:00,77.7,51,16.3,1005.3
2025-09-04T18:00,75.6,58,15.1,1005.7
2025-09-04T19:00,74.5,57,13.7,1006.3
2025-09-04T20:00,70.5,66,13.4,1007.0
2025-09-04T21:00,71.4,60,15.1,1006.8
2025-09-04T22:00,68.7,68,14.7,1007.6
2025-09-04T23:00,67.2,76,13.4,1007.8
2025-09-05T00:00,66.1,86,14.5,1007.9
2025-09-05T01:00,65.7,92,14.0,1007.8
2025-09-05T02:00,65.6,95,11.5,1008.2
2025-09-05T03:00,65.0,98,9.6,1008.1
2025-09-05T04:00,64.7,99,6.2,1008.8
2025-09-05T05:00,64.2,99,4.3,1009.3
2025-09-05T06:00,62.5,94,3.7,1010.1
2025-09-05T07:00,62.2,87,2.7,1010.6
2025-09-05T08:00,63.6,86,0.6,1010.5
2025-09-05T09:00,66.4,82,1.8,1011.1
2025-09-05T10:00,68.5,81,4.6,1011.2
2025-09-05T11:00,71.5,73,9.6,1010.8
2025-09-05T12:00,74.0,67,11.8,1010.2
2025-09-05T13:00,76.2,60,13.7,1009.5
2025-09-05T14:00,77.1,57,13.6,1009.0
2025-09-05T15:00,78.6,54,15.5,1008.4
2025-09-05T16:00,79.8,49,16.8,1008.2
2025-09-05T17:00,79.4,54,14.2,1008.0
2025-09-05T18:00,78.7,56,12.7,1008.3
2025-09-05T19:00,76.6,61,11.3,1008.5
2025-09-05T20:00,74.7,66,9.6,1009.1
2025-09-05T21:00,75.6,62,13.3,1009.3
2025-09-05T22:00,74.6,68,14.2,1009.7
2025-09-05T23:00,73.8,71,14.0,1009.8
2025-09-06T00:00,73.5,72,14.7,1010.0
2025-09-06T01:00,72.8,75,13.9,1010.1
2025-09-06T02:00,72.1,77,12.5,1010.3
2025-09-06T03:00,69.1,87,2.4,1011.3
2025-09-06T04:00,67.6,90,1.1,1011.7
2025-09-06T05:00,68.9,88,1.3,1011.7
2025-09-06T06:00,68.0,89,1.4,1012.1
2025-09-06T07:00,68.2,89,1.7,1012.3
2025-09-06T08:00,70.6,79,1.7,1012.2
2025-09-06T09:00,70.5,69,1.4,1011.9
2025-09-06T10:00,72.0,66,4.8,1012.2
2025-09-06T11:00,74.5,63,2.7,1011.5
2025-09-06T12:00,72.4,66,7.6,1011.5
2025-09-06T13:00,68.4,85,7.8,1011.8
2025-09-06T14:00,67.5,83,6.3,1011.6
2025-09-06T15:00,66.1,92,4.8,1011.8
2025-09-06T16:00,66.1,91,2.9,1011.9
2025-09-06T17:00,67.2,87,4.2,1012.0
2025-09-06T18:00,66.5,87,4.5,1012.0
2025-09-06T19:00,64.9,89,4.1,1012.5
2025-09-06T20:00,63.7,89,4.1,1013.1
2025-09-06T21:00,62.1,91,1.3,1014.1
2025-09-06T22:00,62.2,91,1.4,1014.8
2025-09-06T23:00,62.0,92,1.0,1015.1
2025-09-07T00:00,61.7,93,0.9,1015.0
2025-09-07T01:00,61.2,93,1.0,1014.3
2025-09-07T02:00,60.9,93,0.2,1013.9
2025-09-07T03:00,60.4,96,1.2,1013.3
2025-09-07T04:00,60.3,98,1.2,1013.3
2025-09-07T05:00,60.3,98,1.1,1013.4
2025-09-07T06:00,60.1,97,2.2,1013.8
2025-09-07T07:00,60.3,96,1.9,1014.4
2025-09-07T08:00,60.9,94,1.9,1014.9
2025-09-07T09:00,62.4,90,3.4,1015.1
2025-09-07T10:00,63.6,87,3.9,1015.3
2025-09-07T11:00,63.9,88,4.3,1015.3
2025-09-07T12:00,67.2,72,3.8,1015.1
2025-09-07T13:00,68.7,61,6.2,1014.9
2025-09-07T14:00,70.1,55,7.3,1014.2
2025-09-07T15:00,69.3,55,10.1,1014.2
2025-09-07T16:00,68.1,57,10.3,1014.6
2025-09-07T17:00,67.1,57,10.4,1014.8
2025-09-07T18:00,65.2,61,9.4,1015.4
2025-09-07T19:00,62.8,64,8.2,1016.3
2025-09-07T20:00,60.8,64,8.1,1017.3
2025-09-07T21:00,59.7,59,7.7,1018.9
2025-09-07T22:00,57.4,63,5.4,1019.5
2025-09-07T23:00,54.4,73,3.5,1019.8
2025-09-08T00:00,53.4,76,3.3,1020.3
2025-09-08T01:00,52.4,79,3.2,1020.7
2025-09-08T02:00,51.8,81,3.3,1020.9
2025-09-08T03:00,51.4,82,2.6,1020.9
2025-09-08T04:00,51.1,83,2.4,1021.3
2025-09-08T05:00,50.9,83,1.9,1021.9
2025-09-08T06:00,51.3,82,0.9,1022.6
2025-09-08T07:00,51.8,83,1.6,1023.3
2025-09-08T08:00,55.2,78,2.1,1023.7
2025-09-08T09:00,55.9,76,1.9,1024.6
2025-09-08T10:00,58.9,73,2.5,1025.0
2025-09-08T11:00,62.1,66,4.2,1024.7
2025-09-08T12:00,64.5,58,6.1,1024.7
2025-09-08T13:00,66.1,52,7.2,1024.3
2025-09-08T14:00,67.8,48,6.1,1023.6
2025-09-08T15:00,68.8,45,6.2,1023.1
2025-09-08T16:00,68.3,47,6.1,1022.7
2025-09-08T17:00,67.6,49,5.5,1022.5
2025-09-08T18:00,66.2,54,4.8,1022.4
2025-09-08T19:00,62.6,62,4.1,1022.7
2025-09-08T20:00,60.1,67,1.7,1023.2
2025-09-08T21:00,59.1,70,2.4,1024.1
2025-09-08T22:00,58.6,69,1.1,1024.7
2025-09-08T23:00,58.2,67,0.9,1024.9
2025-09-09T00:00,57.7,67,0.5,1024.9
2025-09-09T01:00,56.5,70,0.5,1024.9
2025-09-09T02:00,54.6,76,1.2,1024.7
2025-09-09T03:00,52.8,83,1.6,1024.4
2025-09-09T04:00,51.9,87,1.6,1024.7
2025-09-09T05:00,51.7,87,1.1,1024.8
2025-09-09T06:00,51.7,87,0.3,1024.7
2025-09-09T07:00,51.3,91,1.4,1025.6
2025-09-09T08:00,53.9,92,2.6,1026.2
2025-09-09T09:00,55.7,86,1.8,1027.1
2025-09-09T10:00,60.2,79,2.6,1027.1
2025-09-09T11:00,64.4,71,2.8,1026.9
2025-09-09T12:00,67.7,66,2.9,1026.2
2025-09-09T13:00,70.1,61,3.4,1025.5
2025-09-09T14:00,72.0,56,3.1,1024.8
2025-09-09T15:00,72.9,52,4.6,1024.4
2025-09-09T16:00,72.9,49,4.9,1024.0
2025-09-09T17:00,72.1,48,5.6,1023.5
2025-09-09T18:00,70.2,57,4.5,1023.1
2025-09-09T19:00,65.7,68,3.6,1023.2
2025-09-09T20:00,63.5,70,6.3,1023.4
2025-09-09T21:00,63.1,61,7.7,1023.7
2025-09-09T22:00,61.7,61,7.1,1024.1
2025-09-09T23:00,60.7,62,7.7,1024.1
2025-09-10T00:00,59.8,60,7.9,1024.1
2025-09-10T01:00,57.9,60,4.9,1024.2
2025-09-10T02:00,55.8,64,1.4,1024.1
2025-09-10T03:00,54.5,67,0.3,1023.8
2025-09-10T04:00,52.8,74,0.6,1023.8
2025-09-10T05:00,51.6,78,2.1,1023.8
2025-09-10T06:00,51.5,81,2.8,1023.6
2025-09-10T07:00,52.2,80,3.2,1023.7
2025-09-10T08:00,56.7,74,3.3,1023.9
2025-09-10T09:00,59.8,66,2.7,1024.2
2025-09-10T10:00,63.0,59,2.4,1023.6
2025-09-10T11:00,66.8,53,2.4,1022.8
2025-09-10T12:00,69.3,49,3.9,1022.0
2025-09-10T13:00,71.3,46,4.1,1021.3
2025-09-10T14:00,72.7,46,4.1,1020.5
2025-09-10T15:00,73.4,46,4.7,1019.5
2025-09-10T16:00,73.4,46,4.6,1019.0
2025-09-10T17:00,72.7,46,4.4,1018.4
2025-09-10T18:00,71.0,51,3.7,1018.0
2025-09-10T19:00,65.9,61,3.2,1017.7
2025-09-10T20:00,63.3,63,3.6,1017.8
2025-09-10T21:00,64.0,55,4.0,1018.2
2025-09-10T22:00,61.6,59,3.6,1018.2
2025-09-10T23:00,59.9,63,3.0,1018.3
2025-09-11T00:00,59.9,62,1.7,1018.2
2025-09-11T01:00,59.1,65,1.6,1018.2
2025-09-11T02:00,56.7,79,3.6,1017.7
2025-09-11T03:00,55.1,86,3.0,1017.6
2025-09-11T04:00,54.6,85,2.1,1017.4
2025-09-11T05:00,53.8,85,2.4,1017.3
2025-09-11T06:00,52.2,90,2.9,1017.7
2025-09-11T07:00,53.7,87,3.7,1018.3
2025-09-11T08:00,57.7,79,4.3,1018.8
2025-09-11T09:00,60.0,78,3.2,1019.4
2025-09-11T10:00,64.4,68,2.6,1019.5
2025-09-11T11:00,68.6,58,3.1,1019.3
2025-09-11T12:00,72.2,51,4.0,1018.9
2025-09-11T13:00,74.8,45,6.2,1018.4
2025-09-11T14:00,76.3,43,6.3,1017.9
2025-09-11T15:00,77.3,42,5.6,1017.5
2025-09-11T16:00,77.9,42,3.7,1017.0
2025-09-11T17:00,77.5,43,3.5,1016.8
2025-09-11T18:00,75.6,52,2.8,1016.7
2025-09-11T19:00,71.3,63,2.1,1017.0
2025-09-11T20:00,69.0,63,4.1,1017.8
2025-09-11T21:00,67.9,63,7.7,1018.5
2025-09-11T22:00,66.0,67,6.4,1019.1
2025-09-11T23:00,64.5,70,5.2,1019.5
2025-09-12T00:00,63.0,73,4.7,1019.6
2025-09-12T01:00,61.7,76,4.9,1019.8
2025-09-12T02:00,60.3,79,4.4,1019.9
2025-09-12T03:00,59.4,80,5.3,1019.8
2025-09-12T04:00,58.6,80,5.3,1020.0
2025-09-12T05:00,57.6,81,4.5,1020.4
2025-09-12T06:00,56.3,84,4.0,1021.0
2025-09-12T07:00,56.2,84,4.2,1021.8
2025-09-12T08:00,59.4,79,4.3,1022.6
2025-09-12T09:00,61.8,74,4.5,1022.9
2025-09-12T10:00,65.5,68,4.5,1022.9
2025-09-12T11:00,69.1,59,3.8,1022.6
2025-09-12T12:00,71.6,53,3.7,1022.3
2025-09-12T13:00,73.2,49,4.4,1021.7
2025-09-12T14:00,74.0,45,5.3,1021.1
2025-09-12T15:00,74.4,44,5.5,1020.6
2025-09-12T16:00,74.9,42,3.4,1020.0
2025-09-12T17:00,74.8,41,2.1,1019.6
2025-09-12T18:00,73.7,48,1.1,1019.3
2025-09-12T19:00,68.6,61,0.7,1019.4
2025-09-12T20:00,64.9,69,1.5,1019.7
2025-09-12T21:00,62.8,67,3.0,1020.0
2025-09-12T22:00,61.8,67,3.0,1020.1
2025-09-12T23:00,62.1,63,4.7,1019.9
2025-09-13T00:00,62.1,60,4.7,1019.7
2025-09-13T01:00,61.6,62,4.4,1019.5
2025-09-13T02:00,61.2,65,6.6,1019.5
2025-09-13T03:00,60.0,74,8.2,1019.5
2025-09-13T04:00,59.1,84,8.0,1019.2
2025-09-13T05:00,58.6,91,8.1,1018.9
2025-09-13T06:00,58.5,94,8.0,1018.9
2025-09-13T07:00,58.7,95,7.9,1019.0
2025-09-13T08:00,61.6,89,8.7,1019.2
2025-09-13T09:00,62.1,88,7.1,1019.2
2025-09-13T10:00,65.0,81,5.8,1019.0
2025-09-13T11:00,68.7,73,4.5,1018.4
2025-09-13T12:00,72.6,63,3.6,1017.5
2025-09-13T13:00,74.9,55,4.3,1016.8
2025-09-13T14:00,75.9,51,5.6,1016.2
2025-09-13T15:00,76.2,49,6.5,1015.6
2025-09-13T16:00,74.7,51,5.6,1015.3
2025-09-13T17:00,74.8,52,4.4,1014.6
2025-09-13T18:00,74.1,54,4.5,1014.7
2025-09-13T19:00,72.3,58,3.5,1014.6
2025-09-13T20:00,71.1,63,2.8,1015.1
2025-09-13T21:00,67.8,69,3.0,1015.3
2025-09-13T22:00,66.3,73,2.0,1015.5
2025-09-13T23:00,65.1,76,1.1,1015.7
2025-09-14T00:00,64.0,79,1.5,1015.5
2025-09-14T01:00,63.7,84,4.8,1015.2
2025-09-14T02:00,63.1,93,5.5,1015.2
2025-09-14T03:00,62.2,96,5.4,1014.9
2025-09-14T04:00,62.1,95,4.2,1014.8
2025-09-14T05:00,61.3,95,3.1,1014.5
2025-09-14T06:00,60.3,95,2.3,1014.6
2025-09-14T07:00,60.8,94,1.6,1015.2
2025-09-14T08:00,63.7,88,1.1,1015.3
2025-09-14T09:00,66.9,78,1.8,1015.9
2025-09-14T10:00,69.6,69,3.8,1016.0
2025-09-14T11:00,72.1,65,4.1,1016.0
2025-09-14T12:00,74.8,60,4.2,1015.7
2025-09-14T13:00,76.6,54,5.7,1015.3
2025-09-14T14:00,77.5,47,6.7,1015.1
2025-09-14T15:00,77.5,46,7.0,1015.1
2025-09-14T16:00,77.1,50,5.5,1015.1
2025-09-14T17:00,76.2,52,4.9,1015.4
2025-09-14T18:00,74.9,57,2.8,1015.6
2025-09-14T19:00,71.9,66,1.3,1016.2
2025-09-14T20:00,69.3,71,2.3,1016.9
2025-09-14T21:00,70.3,67,1.7,1017.6
2025-09-14T22:00,69.0,69,4.4,1018.0
2025-09-14T23:00,67.1,70,8.3,1018.5
2025-09-15T00:00,65.2,72,8.1,1018.8
2025-09-15T01:00,63.8,75,6.3,1018.9
2025-09-15T02:00,62.5,79,4.5,1019.3
2025-09-15T03:00,60.3,85,2.4,1020.1
2025-09-15T04:00,59.7,84,0.7,1020.7
2025-09-15T05:00,58.8,86,0.7,1021.0
2025-09-15T06:00,58.1,87,1.7,1021.2
2025-09-15T07:00,58.1,86,1.7,1021.7
2025-09-15T08:00,61.8,81,3.2,1022.3
2025-09-15T09:00,64.3,74,3.4,1023.2
2025-09-15T10:00,68.5,66,3.7,1023.4
2025-09-15T11:00,72.5,59,3.6,1023.5
2025-09-15T12:00,75.5,54,3.9,1023.4
2025-09-15T13:00,77.6,48,3.7,1023.1
2025-09-15T14:00,79.1,44,4.0,1022.5
2025-09-15T15:00,79.5,41,3.9,1022.0
2025-09-15T16:00,79.2,41,4.4,1021.6
2025-09-15T17:00,78.2,42,5.2,1021.3
2025-09-15T18:00,76.3,46,4.8,1021.3
2025-09-15T19:00,72.3,48,5.3,1021.6
2025-09-15T20:00,69.6,48,5.1,1021.9
2025-09-15T21:00,68.3,55,4.9,1021.9
2025-09-15T22:00,66.8,59,4.2,1022.1
2025-09-15T23:00,63.8,69,2.7,1022.3
2025-09-16T00:00,61.8,75,1.5,1022.7
2025-09-16T01:00,59.6,81,1.9,1022.9
2025-09-16T02:00,58.3,86,1.7,1022.9
2025-09-16T03:00,58.5,88,3.2,1022.8
2025-09-16T04:00,58.7,89,3.6,1022.9
2025-09-16T05:00,57.5,91,2.8,1022.9
2025-09-16T06:00,57.4,92,0.4,1023.0
2025-09-16T07:00,57.6,92,0.2,1023.3
2025-09-16T08:00,60.6,88,0.3,1023.6
2025-09-16T09:00,61.3,87,1.1,1024.2
2025-09-16T10:00,65.0,78,1.7,1024.1
2025-09-16T11:00,68.8,70,2.7,1023.5
2025-09-16T12:00,72.6,63,2.9,1022.8
2025-09-16T13:00,75.5,58,3.1,1022.0
2025-09-16T14:00,77.8,54,3.6,1021.3
2025-09-16T15:00,78.8,50,3.8,1020.8
2025-09-16T16:00,78.6,49,3.6,1020.3
2025-09-16T17:00,77.8,50,2.6,1020.0
2025-09-16T18:00,76.2,54,3.2,1020.0
2025-09-16T19:00,73.0,62,3.3,1020.3
2025-09-16T20:00,70.6,68,5.0,1020.9
2025-09-16T21:00,68.4,57,5.7,1021.2
2025-09-16T22:00,66.9,58,4.9,1021.5
2025-09-16T23:00,64.7,61,4.2,1021.4
2025-09-17T00:00,61.7,65,3.0,1021.1
2025-09-17T01:00,60.4,66,3.0,1021.1
2025-09-17T02:00,58.3,69,2.8,1021.1
2025-09-17T03:00,57.5,69,2.5,1020.7
2025-09-17T04:00,56.9,70,3.1,1020.3
2025-09-17T05:00,54.7,75,3.0,1020.1
2025-09-17T06:00,53.8,80,1.5,1020.0
2025-09-17T07:00,52.8,84,0.7,1020.2
2025-09-17T08:00,58.0,73,2.7,1020.4
2025-09-17T09:00,62.2,65,3.0,1020.3
2025-09-17T10:00,65.9,57,3.5,1020.1
2025-09-17T11:00,68.1,51,2.4,1020.1
2025-09-17T12:00,70.1,47,2.0,1019.4
2025-09-17T13:00,72.8,44,1.8,1018.5
2025-09-17T14:00,74.3,42,1.8,1017.4
2025-09-17T15:00,75.5,42,0.4,1016.7
2025-09-17T16:00,75.7,42,0.8,1016.4
2025-09-17T17:00,75.1,42,1.1,1015.7
2025-09-17T18:00,73.7,62,0.4,1015.5
2025-09-17T19:00,70.2,61,1.7,1015.4
2025-09-17T20:00,69.0,59,4.8,1015.8
2025-09-17T21:00,66.2,62,3.5,1015.7
2025-09-17T22:00,65.7,65,4.2,1015.3
2025-09-17T23:00,63.6,71,3.4,1015.1
2025-09-18T00:00,61.8,76,2.7,1014.8
2025-09-18T01:00,61.2,77,2.9,1014.5
2025-09-18T02:00,60.4,78,2.9,1014.3
2025-09-18T03:00,59.9,81,1.6,1014.3
2025-09-18T04:00,59.3,81,0.4,1014.0
2025-09-18T05:00,59.8,78,0.4,1013.8
2025-09-18T06:00,58.5,81,0.4,1013.8
2025-09-18T07:00,57.8,83,1.1,1013.6
2025-09-18T08:00,60.9,79,1.6,1014.0
2025-09-18T09:00,63.0,74,1.1,1014.2
2025-09-18T10:00,66.7,63,1.7,1014.2
2025-09-18T11:00,70.2,57,2.6,1013.7
2025-09-18T12:00,73.5,52,3.4,1013.0
2025-09-18T13:00,76.5,48,4.3,1012.4
2025-09-18T14:00,78.6,43,4.9,1011.5
2025-09-18T15:00,79.6,38,6.2,1011.0
2025-09-18T16:00,79.8,36,7.1,1010.5
2025-09-18T17:00,78.9,36,7.6,1010.3
2025-09-18T18:00,76.5,41,5.8,1010.1
2025-09-18T19:00,72.8,51,4.6,1010.1
2025-09-18T20:00,71.8,56,5.2,1010.6
2025-09-18T21:00,72.6,54,7.0,1011.1
2025-09-18T22:00,71.4,58,6.2,1011.5
2025-09-18T23:00,69.1,63,4.2,1011.5
2025-09-19T00:00,66.6,70,3.3,1011.6
2025-09-19T01:00,65.6,72,2.9,1011.8
2025-09-19T02:00,65.7,71,3.6,1011.7
2025-09-19T03:00,64.6,74,3.6,1011.7
2025-09-19T04:00,63.1,79,3.3,1011.6
2025-09-19T05:00,62.0,84,2.9,1012.0
2025-09-19T06:00,61.5,86,3.3,1012.5
2025-09-19T07:00,61.2,89,3.0,1013.2
2025-09-19T08:00,63.7,84,3.9,1013.8
2025-09-19T09:00,66.8,75,4.7,1013.9
2025-09-19T10:00,70.1,67,8.0,1014.3
2025-09-19T11:00,72.1,61,9.5,1014.3
2025-09-19T12:00,73.7,56,9.7,1014.4
2025-09-19T13:00,75.3,52,9.3,1013.9
2025-09-19T14:00,76.2,48,9.4,1013.5
2025-09-19T15:00,76.5,46,9.0,1013.3
2025-09-19T16:00,76.5,43,7.3,1013.3
2025-09-19T17:00,75.7,43,5.8,1013.3
2025-09-19T18:00,72.8,48,5.6,1013.9
2025-09-19T19:00,68.4,52,4.3,1014.8
2025-09-19T20:00,65.6,55,4.4,1015.8
2025-09-19T21:00,64.5,51,6.9,1017.5
2025-09-19T22:00,62.4,54,6.4,1018.5
2025-09-19T23:00,60.3,56,5.3,1019.3
2025-09-20T00:00,58.5,59,5.3,1020.0
2025-09-20T01:00,57.2,59,5.9,1020.2
2025-09-20T02:00,56.7,54,7.1,1020.5
2025-09-20T03:00,55.8,50,8.1,1020.6
2025-09-20T04:00,54.5,52,8.3,1020.9
2025-09-20T05:00,52.9,59,7.7,1021.2
2025-09-20T06:00,51.3,66,6.8,1022.4
2025-09-20T07:00,50.2,71,6.4,1023.2
2025-09-20T08:00,52.3,67,5.5,1024.1
2025-09-20T09:00,54.0,63,4.7,1024.7
2025-09-20T10:00,57.8,54,4.8,1025.0
2025-09-20T11:00,61.3,47,4.7,1024.8
2025-09-20T12:00,64.3,41,4.8,1024.5
2025-09-20T13:00,66.6,34,5.2,1024.0
2025-09-20T14:00,68.0,29,5.4,1023.5
2025-09-20T15:00,68.6,27,5.3,1023.2
2025-09-20T16:00,68.5,24,5.3,1023.0
2025-09-20T17:00,67.8,23,5.3,1022.8
2025-09-20T18:00,65.7,25,4.1,1022.6
2025-09-20T19:00,60.8,31,3.4,1023.0
2025-09-20T20:00,58.7,33,3.6,1023.2
2025-09-20T21:00,57.0,31,3.9,1023.9
2025-09-20T22:00,54.3,38,3.5,1024.3
2025-09-20T23:00,52.7,43,3.3,1024.6
2025-09-21T00:00,50.3,52,1.6,1024.7
2025-09-21T01:00,49.2,57,0.2,1024.5
2025-09-21T02:00,48.3,62,1.4,1024.8
2025-09-21T03:00,47.6,66,2.6,1024.8
2025-09-21T04:00,47.7,69,3.3,1024.8
2025-09-21T05:00,47.7,77,3.6,1024.9
2025-09-21T06:00,47.6,86,3.3,1025.1
2025-09-21T07:00,48.3,92,3.1,1025.3
2025-09-21T08:00,53.4,86,3.1,1025.5
2025-09-21T09:00,54.8,82,3.7,1026.0
2025-09-21T10:00,59.3,74,5.1,1026.1
2025-09-21T11:00,64.0,66,6.7,1025.6
2025-09-21T12:00,67.5,57,7.6,1024.9
2025-09-21T13:00,69.8,50,8.2,1024.3
2025-09-21T14:00,71.2,47,8.1,1023.3
2025-09-21T15:00,72.0,44,8.1,1022.1
2025-09-21T16:00,71.9,42,8.5,1021.5
2025-09-21T17:00,70.8,40,8.9,1020.9
2025-09-21T18:00,68.6,39,8.0,1020.7
2025-09-21T19:00,64.9,44,7.5,1020.6
2025-09-21T20:00,62.6,49,7.8,1021.0
2025-09-21T21:00,61.3,49,8.3,1020.8
2025-09-21T22:00,60.0,50,8.3,1020.7
2025-09-21T23:00,58.7,53,8.7,1020.6
2025-09-22T00:00,57.1,60,8.6,1020.5
2025-09-22T01:00,55.8,66,9.6,1020.8
2025-09-22T02:00,55.2,68,9.7,1020.3
2025-09-22T03:00,54.9,67,9.1,1019.6
2025-09-22T04:00,54.8,65,8.8,1019.3
2025-09-22T05:00,55.0,62,8.7,1019.2
2025-09-22T06:00,55.0,63,7.5,1019.2
2025-09-22T07:00,55.2,67,7.9,1019.2
2025-09-22T08:00,57.1,69,7.4,1019.0
2025-09-22T09:00,59.3,70,9.3,1019.2
2025-09-22T10:00,62.4,66,9.1,1018.7
2025-09-22T11:00,66.4,61,9.5,1017.9
2025-09-22T12:00,69.5,57,9.4,1017.4
2025-09-22T13:00,71.6,55,9.8,1016.6
2025-09-22T14:00,73.2,55,10.6,1015.6
2025-09-22T15:00,74.4,55,11.4,1014.6
2025-09-22T16:00,74.5,55,11.8,1014.0
2025-09-22T17:00,74.2,55,11.0,1013.3
2025-09-22T18:00,74.0,55,10.2,1013.3
2025-09-22T19:00,72.2,58,9.3,1013.0
2025-09-22T20:00,70.4,63,10.2,1013.4
2025-09-22T21:00,67.5,68,10.2,1013.6
2025-09-22T22:00,66.5,71,9.1,1013.4
2025-09-22T23:00,65.6,74,8.9,1013.2
2025-09-23T00:00,64.9,76,9.4,1013.6
2025-09-23T01:00,64.7,78,9.0,1013.7
2025-09-23T02:00,64.5,79,8.6,1013.7
2025-09-23T03:00,64.1,81,8.0,1013.5
2025-09-23T04:00,63.8,82,7.7,1013.2
2025-09-23T05:00,63.2,85,7.5,1013.1
2025-09-23T06:00,62.6,87,7.4,1013.0
2025-09-23T07:00,62.7,88,7.2,1013.6
2025-09-23T08:00,63.6,87,7.3,1014.0
2025-09-23T09:00,66.5,82,6.8,1013.4
2025-09-23T10:00,70.2,75,6.2,1013.5
2025-09-23T11:00,68.2,85,4.6,1013.6
2025-09-23T12:00,69.1,84,3.9,1013.2
2025-09-23T13:00,71.1,79,5.1,1012.9
2025-09-23T14:00,71.9,77,3.4,1012.6
2025-09-23T15:00,72.0,78,3.0,1012.4
2025-09-23T16:00,72.2,78,2.6,1012.1
2025-09-23T17:00,72.2,79,1.9,1011.9
2025-09-23T18:00,71.6,82,1.5,1012.1
2025-09-23T19:00,70.2,88,0.4,1012.5
2025-09-23T20:00,68.5,92,2.0,1013.1
2025-09-23T21:00,68.5,91,0.6,1013.6
2025-09-23T22:00,67.8,93,1.3,1013.9
2025-09-23T23:00,67.4,94,1.0,1013.9
2025-09-24T00:00,66.6,97,1.3,1014.1
2025-09-24T01:00,66.1,97,1.9,1014.4
2025-09-24T02:00,65.4,98,1.9,1014.3
2025-09-24T03:00,64.8,98,0.1,1014.0
2025-09-24T04:00,64.1,99,0.4,1014.3
2025-09-24T05:00,63.7,100,4.4,1014.4
2025-09-24T06:00,64.2,98,2.1,1014.5
2025-09-24T07:00,62.7,100,1.2,1015.3
2025-09-24T08:00,64.6,99,1.2,1016.0
2025-09-24T09:00,67.8,95,1.3,1016.0
2025-09-24T10:00,69.9,88,0.9,1016.3
2025-09-24T11:00,71.3,85,1.5,1016.2
2025-09-24T12:00,72.9,81,2.4,1015.9
2025-09-24T13:00,74.3,75,3.3,1015.7
2025-09-24T14:00,75.0,73,2.6,1014.8
2025-09-24T15:00,72.6,78,5.0,1014.9
2025-09-24T16:00,69.8,91,4.4,1015.1
2025-09-24T17:00,68.4,97,2.4,1014.9
2025-09-24T18:00,68.2,98,3.9,1014.7
2025-09-24T19:00,67.5,97,4.4,1015.1
2025-09-24T20:00,67.5,95,5.9,1015.3
2025-09-24T21:00,67.5,92,9.5,1015.7
2025-09-24T22:00,67.1,92,10.7,1015.8
2025-09-24T23:00,66.3,90,10.2,1015.8
2025-09-25T00:00,65.2,95,6.7,1015.6
2025-09-25T01:00,65.4,93,7.7,1015.2
2025-09-25T02:00,65.4,91,10.9,1014.6
2025-09-25T03:00,65.1,90,11.1,1013.8
2025-09-25T04:00,65.0,90,11.0,1013.3
2025-09-25T05:00,65.6,87,11.3,1012.3
2025-09-25T06:00,65.5,90,7.6,1012.3
2025-09-25T07:00,66.0,90,7.8,1012.5
2025-09-25T08:00,66.6,89,8.5,1012.1
2025-09-25T09:00,68.3,89,13.2,1011.0
2025-09-25T10:00,70.0,86,12.8,1010.3
2025-09-25T11:00,71.4,87,9.8,1009.8
2025-09-25T12:00,69.9,96,9.2,1009.0
2025-09-25T13:00,70.0,96,10.2,1008.3
2025-09-25T14:00,70.3,97,10.9,1007.0
2025-09-25T15:00,70.9,96,11.8,1005.9
2025-09-25T16:00,70.2,98,10.2,1004.8
2025-09-25T17:00,70.8,98,11.2,1003.9
2025-09-25T18:00,71.0,97,9.0,1003.3
2025-09-25T19:00,70.5,99,11.8,1002.5
2025-09-25T20:00,70.7,98,13.0,1002.1
2025-09-25T21:00,69.0,98,7.9,1003.8
2025-09-25T22:00,67.5,97,6.5,1004.2
2025-09-25T23:00,66.6,96,6.9,1005.0
2025-09-26T00:00,65.5,96,4.4,1005.3
2025-09-26T01:00,65.0,95,4.6,1005.8
2025-09-26T02:00,64.6,94,4.4,1005.9
2025-09-26T03:00,63.1,95,2.7,1005.9
2025-09-26T04:00,63.4,93,0.7,1006.0
2025-09-26T05:00,62.7,95,1.1,1006.2
2025-09-26T06:00,62.7,95,2.3,1006.1
2025-09-26T07:00,63.4,95,3.8,1006.7
2025-09-26T08:00,64.3,94,1.9,1007.4
2025-09-26T09:00,66.8,95,2.5,1007.6
2025-09-26T10:00,68.2,90,5.3,1007.9
2025-09-26T11:00,70.9,82,5.5,1008.2
2025-09-26T12:00,72.9,76,5.5,1008.1
2025-09-26T13:00,74.5,71,6.4,1007.8
2025-09-26T14:00,74.7,70,6.5,1007.3
2025-09-26T15:00,75.2,67,7.2,1007.0
2025-09-26T16:00,75.0,67,6.7,1006.9
2025-09-26T17:00,74.2,66,7.1,1007.0
2025-09-26T18:00,72.0,74,6.3,1007.4
2025-09-26T19:00,69.4,79,5.9,1008.1
2025-09-26T20:00,67.7,83,5.4,1009.0
2025-09-26T21:00,66.9,83,4.0,1010.1
2025-09-26T22:00,65.0,85,3.8,1010.4
2025-09-26T23:00,63.5,87,3.8,1010.7
2025-09-27T00:00,62.0,88,3.5,1011.2
2025-09-27T01:00,60.6,90,2.9,1011.4
2025-09-27T02:00,60.3,89,1.5,1011.9
2025-09-27T03:00,60.1,89,0.8,1012.0
2025-09-27T04:00,59.2,91,1.8,1012.1
2025-09-27T05:00,58.5,92,2.6,1012.6
2025-09-27T06:00,58.4,93,1.4,1012.9
2025-09-27T07:00,58.4,92,0.4,1013.5
2025-09-27T08:00,61.3,90,1.6,1014.4
2025-09-27T09:00,63.3,86,1.0,1014.8
2025-09-27T10:00,66.0,82,1.1,1014.9
2025-09-27T11:00,68.6,78,1.8,1014.6
2025-09-27T12:00,70.8,75,1.8,1014.1
2025-09-27T13:00,72.4,71,2.5,1013.9
2025-09-27T14:00,72.3,70,3.2,1013.4
2025-09-27T15:00,73.0,68,3.0,1012.8
2025-09-27T16:00,73.7,66,2.3,1012.3
2025-09-27T17:00,73.6,66,3.7,1012.0
2025-09-27T18:00,71.3,73,3.9,1011.9
2025-09-27T19:00,69.6,76,4.5,1012.3
2025-09-27T20:00,68.7,79,4.6,1013.0
2025-09-27T21:00,67.8,79,5.4,1012.7
2025-09-27T22:00,68.0,76,6.6,1012.9
2025-09-27T23:00,67.6,75,7.5,1012.7
2025-09-28T00:00,68.0,74,8.0,1012.6
2025-09-28T01:00,67.5,75,7.3,1012.7
2025-09-28T02:00,66.6,79,7.8,1013.0
2025-09-28T03:00,64.9,86,7.3,1012.8
2025-09-28T04:00,64.4,90,6.5,1013.0
2025-09-28T05:00,63.9,93,6.4,1013.3
2025-09-28T06:00,63.6,94,7.1,1013.4
2025-09-28T07:00,62.8,96,5.7,1014.0
2025-09-28T08:00,64.3,94,5.5,1014.5
2025-09-28T09:00,67.2,89,4.8,1015.2
2025-09-28T10:00,70.1,83,5.0,1015.5
2025-09-28T11:00,72.7,76,4.6,1015.5
2025-09-28T12:00,75.1,69,3.8,1015.5
2025-09-28T13:00,77.2,68,4.2,1015.2
2025-09-28T14:00,79.3,65,4.4,1014.8
2025-09-28T15:00,80.6,58,8.2,1014.8
2025-09-28T16:00,78.7,64,10.2,1015.1
2025-09-28T17:00,77.4,66,7.5,1015.2
2025-09-28T18:00,75.0,70,6.9,1015.8
2025-09-28T19:00,72.3,70,7.8,1016.3
2025-09-28T20:00,69.7,70,7.4,1017.1
2025-09-28T21:00,68.7,69,5.7,1017.4
2025-09-28T22:00,65.6,76,3.6,1018.4
2025-09-28T23:00,63.2,82,3.1,1019.2
2025-09-29T00:00,62.1,84,3.5,1019.7
2025-09-29T01:00,60.3,85,3.4,1020.0
2025-09-29T02:00,59.3,86,3.5,1020.5
2025-09-29T03:00,58.6,85,4.0,1020.7
2025-09-29T04:00,56.9,86,3.3,1020.9
2025-09-29T05:00,55.7,87,2.3,1021.1
2025-09-29T06:00,55.2,88,1.2,1021.4
2025-09-29T07:00,54.7,89,1.3,1021.8
2025-09-29T08:00,58.7,85,2.1,1022.5
2025-09-29T09:00,61.5,78,1.0,1023.3
2025-09-29T10:00,64.8,73,1.5,1023.4
2025-09-29T11:00,68.0,66,2.2,1023.2
2025-09-29T12:00,71.1,57,2.2,1022.9
2025-09-29T13:00,73.3,49,2.7,1022.3
2025-09-29T14:00,74.5,43,3.8,1021.6
2025-09-29T15:00,74.3,42,3.5,1020.8
2025-09-29T16:00,73.7,45,3.0,1020.5
2025-09-29T17:00,71.6,58,2.8,1020.1
2025-09-29T18:00,68.5,66,2.8,1019.9
2025-09-29T19:00,65.7,65,3.4,1019.6
2025-09-29T20:00,65.2,64,3.9,1019.9
2025-09-29T21:00,64.8,63,4.0,1020.0
2025-09-29T22:00,63.4,64,3.7,1020.1
2025-09-29T23:00,61.8,65,2.7,1020.1
2025-09-30T00:00,61.8,63,1.3,1019.9
2025-09-30T01:00,61.6,64,0.1,1019.8
2025-09-30T02:00,61.1,69,1.1,1019.3
2025-09-30T03:00,60.1,73,1.7,1018.8
2025-09-30T04:00,58.6,79,2.3,1018.6
2025-09-30T05:00,57.6,83,3.3,1018.3
2025-09-30T06:00,56.0,86,3.2,1018.4
2025-09-30T07:00,56.2,86,3.7,1018.5
2025-09-30T08:00,58.5,84,4.1,1019.0
2025-09-30T09:00,61.5,80,4.6,1019.5
2025-09-30T10:00,64.9,71,7.5,1019.7
2025-09-30T11:00,68.1,66,9.4,1019.3
2025-09-30T12:00,69.7,64,9.7,1019.1
2025-09-30T13:00,71.3,61,11.2,1018.5
2025-09-30T14:00,72.0,54,12.2,1017.9
2025-09-30T15:00,71.6,50,12.0,1017.8
2025-09-30T16:00,70.5,41,12.3,1017.9
2025-09-30T17:00,68.0,42,12.5,1017.9
2025-09-30T18:00,64.6,44,12.1,1017.8
2025-09-30T19:00,61.8,46,12.4,1018.3
2025-09-30T20:00,61.3,45,12.3,1019.5
2025-09-30T21:00,59.4,45,12.7,1020.0
2025-09-30T22:00,57.6,47,12.6,1020.3
2025-09-30T23:00,55.7,48,10.9,1020.7
2025-10-01T00:00,53.3,55,9.7,1020.5
2025-10-01T01:00,51.5,63,9.0,1020.5
2025-10-01T02:00,49.7,69,8.6,1020.7
2025-10-01T03:00,48.6,73,7.8,1020.9
2025-10-01T04:00,47.7,75,7.5,1021.4
2025-10-01T05:00,47.0,76,7.1,1021.8
2025-10-01T06:00,46.3,78,7.0,1021.9
2025-10-01T07:00,45.8,79,7.4,1022.0
2025-10-01T08:00,47.9,76,6.7,1022.7
2025-10-01T09:00,50.8,71,8.3,1023.0
2025-10-01T10:00,53.9,64,10.0,1023.3
2025-10-01T11:00,56.5,60,10.8,1023.4
2025-10-01T12:00,58.5,56,11.1,1023.3
2025-10-01T13:00,59.7,53,11.8,1022.9
2025-10-01T14:00,62.2,47,11.7,1022.3
2025-10-01T15:00,62.3,44,12.4,1022.1
2025-10-01T16:00,61.7,43,12.1,1021.7
2025-10-01T17:00,60.3,45,11.6,1021.6
2025-10-01T18:00,57.6,48,11.4,1022.3
2025-10-01T19:00,54.9,55,11.0,1022.8
2025-10-01T20:00,53.6,60,11.6,1023.9
2025-10-01T21:00,52.4,63,11.1,1024.9
2025-10-01T22:00,51.4,64,9.1,1025.7
2025-10-01T23:00,50.2,67,7.0,1026.2
2025-10-02T00:00,48.7,73,5.2,1026.7
2025-10-02T01:00,46.9,79,3.8,1027.0
2025-10-02T02:00,44.1,88,2.6,1027.9
2025-10-02T03:00,42.5,90,2.5,1028.1
2025-10-02T04:00,42.4,91,1.0,1028.3
2025-10-02T05:00,42.4,91,0.5,1028.9
2025-10-02T06:00,42.4,90,0.2,1029.3
2025-10-02T07:00,41.9,92,0.5,1029.6
2025-10-02T08:00,44.6,87,2.0,1030.9
2025-10-02T09:00,48.5,81,2.5,1031.6
2025-10-02T10:00,51.9,75,2.5,1031.9
2025-10-02T11:00,55.5,66,2.0,1031.6
2025-10-02T12:00,58.5,59,2.1,1031.0
2025-10-02T13:00,60.3,53,2.3,1030.2
2025-10-02T14:00,61.9,47,2.2,1029.6
2025-10-02T15:00,62.8,45,2.2,1028.9
2025-10-02T16:00,62.9,44,2.7,1028.3
2025-10-02T17:00,62.3,46,3.3,1028.3
2025-10-02T18:00,59.2,63,2.5,1028.1
2025-10-02T19:00,55.7,62,2.3,1028.0
2025-10-02T20:00,54.6,65,4.5,1028.3
2025-10-02T21:00,53.5,66,5.3,1028.4
2025-10-02T22:00,53.2,65,6.7,1028.4
2025-10-02T23:00,52.9,65,8.2,1028.3
2025-10-03T00:00,52.6,65,8.7,1028.1
2025-10-03T01:00,51.9,68,8.8,1027.8
2025-10-03T02:00,49.2,68,8.6,1028.1
2025-10-03T03:00,48.1,70,8.0,1027.7
2025-10-03T04:00,47.7,72,7.2,1027.4
2025-10-03T05:00,47.4,74,7.0,1027.2
2025-10-03T06:00,47.3,76,6.6,1026.9
2025-10-03T07:00,47.0,79,6.5,1026.7
2025-10-03T08:00,49.5,80,7.1,1027.0
2025-10-03T09:00,52.7,76,6.0,1026.9
2025-10-03T10:00,56.4,71,5.4,1026.5
2025-10-03T11:00,60.3,65,4.6,1025.9
2025-10-03T12:00,63.6,61,4.2,1025.1
2025-10-03T13:00,66.0,58,4.2,1024.0
2025-10-03T14:00,69.3,54,4.3,1022.8
2025-10-03T15:00,70.8,52,4.4,1022.0
2025-10-03T16:00,71.1,53,4.7,1021.2
2025-10-03T17:00,69.9,58,4.4,1020.8
2025-10-03T18:00,65.9,71,3.2,1020.8
2025-10-03T19:00,62.0,76,3.7,1020.9
2025-10-03T20:00,62.8,70,4.1,1020.9
2025-10-03T21:00,62.7,68,5.4,1020.9
2025-10-03T22:00,61.9,67,6.6,1020.8
2025-10-03T23:00,59.4,71,4.1,1020.9
2025-10-04T00:00,56.2,78,3.1,1020.8
2025-10-04T01:00,55.1,79,2.9,1020.3
2025-10-04T02:00,54.6,77,1.4,1020.6
2025-10-04T03:00,54.3,76,0.4,1020.4
2025-10-04T04:00,53.8,77,0.4,1020.5
2025-10-04T05:00,53.5,78,0.5,1020.3
2025-10-04T06:00,53.1,79,0.4,1020.4
2025-10-04T07:00,52.5,80,0.5,1021.1
2025-10-04T08:00,54.4,82,1.2,1022.1
2025-10-04T09:00,56.9,83,0.5,1022.6
2025-10-04T10:00,61.0,76,0.9,1022.7
2025-10-04T11:00,64.9,68,1.0,1022.2
2025-10-04T12:00,68.5,61,1.4,1021.4
2025-10-04T13:00,71.5,57,1.6,1020.6
2025-10-04T14:00,73.8,53,1.7,1019.8
2025-10-04T15:00,75.0,51,2.4,1019.6
2025-10-04T16:00,75.2,53,1.8,1019.4
2025-10-04T17:00,73.9,58,3.4,1019.3
2025-10-04T18:00,70.4,68,3.6,1019.4
2025-10-04T19:00,67.5,71,4.4,1019.9
2025-10-04T20:00,67.7,67,4.4,1020.3
2025-10-04T21:00,67.2,67,5.5,1020.8
2025-10-04T22:00,66.7,66,5.4,1020.9
2025-10-04T23:00,65.4,68,4.0,1021.2
2025-10-05T00:00,63.0,72,3.3,1021.4
2025-10-05T01:00,62.6,72,2.7,1021.6
2025-10-05T02:00,62.1,70,1.1,1021.9
2025-10-05T03:00,60.0,74,0.3,1022.1
2025-10-05T04:00,58.8,76,0.2,1022.3
2025-10-05T05:00,58.0,78,0.7,1022.7
2025-10-05T06:00,56.8,81,0.9,1023.0
2025-10-05T07:00,56.6,82,1.3,1023.5
2025-10-05T08:00,60.7,77,1.6,1024.3
2025-10-05T09:00,63.1,76,1.8,1024.6
2025-10-05T10:00,67.0,73,1.8,1024.8
2025-10-05T11:00,70.9,68,2.5,1024.5
2025-10-05T12:00,74.3,63,3.0,1024.2
2025-10-05T13:00,77.1,58,3.8,1023.7
2025-10-05T14:00,80.6,53,4.0,1022.6
2025-10-05T15:00,81.7,50,4.5,1022.2
2025-10-05T16:00,81.4,50,5.3,1021.7
2025-10-05T17:00,79.4,57,5.0,1021.3
2025-10-05T18:00,75.2,65,4.3,1021.1
2025-10-05T19:00,72.9,65,6.2,1021.3
2025-10-05T20:00,72.1,59,7.5,1021.1
2025-10-05T21:00,71.2,58,7.4,1021.5
2025-10-05T22:00,69.7,61,7.6,1021.8
2025-10-05T23:00,69.0,63,9.1,1022.0
2025-10-06T00:00,68.0,67,9.3,1022.2
2025-10-06T01:00,66.5,72,8.5,1022.3
2025-10-06T02:00,64.0,73,7.9,1022.4
2025-10-06T03:00,62.8,76,7.4,1022.2
2025-10-06T04:00,61.8,79,7.2,1022.3
2025-10-06T05:00,61.1,79,6.9,1022.2
2025-10-06T06:00,60.3,80,6.8,1022.4
2025-10-06T07:00,59.7,80,6.8,1022.9
2025-10-06T08:00,61.2,78,6.9,1023.2
2025-10-06T09:00,64.3,74,6.9,1023.2
2025-10-06T10:00,67.5,67,6.3,1023.3
2025-10-06T11:00,70.6,63,5.6,1022.7
2025-10-06T12:00,73.8,58,5.6,1022.1
2025-10-06T13:00,76.6,48,5.8,1021.5
2025-10-06T14:00,80.5,41,5.6,1020.5
2025-10-06T15:00,81.0,40,6.3,1020.0
2025-10-06T16:00,80.1,42,7.0,1019.6
2025-10-06T17:00,77.7,52,5.8,1019.1
2025-10-06T18:00,74.2,56,6.1,1018.8
2025-10-06T19:00,71.6,56,7.3,1019.1
2025-10-06T20:00,70.4,52,8.0,1019.3
2025-10-06T21:00,69.2,52,9.2,1019.3
2025-10-06T22:00,67.7,59,9.6,1019.5
2025-10-06T23:00,66.2,68,9.7,1019.6
2025-10-07T00:00,65.0,76,9.4,1019.4
2025-10-07T01:00,64.5,80,9.3,1019.4
2025-10-07T02:00,63.4,81,9.2,1019.1
2025-10-07T03:00,62.9,83,9.0,1018.8
2025-10-07T04:00,62.6,83,9.2,1018.2
2025-10-07T05:00,62.6,83,9.1,1018.0
2025-10-07T06:00,62.1,84,9.1,1018.3
2025-10-07T07:00,61.8,86,8.7,1018.2
2025-10-07T08:00,63.4,84,9.4,1018.2
2025-10-07T09:00,66.5,80,9.2,1018.1
2025-10-07T10:00,69.5,76,9.4,1017.8
2025-10-07T11:00,72.6,71,9.4,1017.1
2025-10-07T12:00,75.4,66,10.6,1016.3
2025-10-07T13:00,77.8,61,11.7,1015.5
2025-10-07T14:00,78.9,59,12.9,1014.4
2025-10-07T15:00,78.3,59,15.2,1014.1
2025-10-07T16:00,78.4,54,14.5,1013.7
2025-10-07T17:00,76.9,55,12.9,1013.2
2025-10-07T18:00,75.5,56,10.5,1012.8
2025-10-07T19:00,74.7,57,12.0,1012.2
2025-10-07T20:00,73.6,59,13.4,1012.4
2025-10-07T21:00,73.5,60,13.6,1012.1
2025-10-07T22:00,70.7,70,12.3,1012.2
2025-10-07T23:00,72.0,68,13.9,1011.5
2025-10-08T00:00,66.6,93,17.5,1010.7
2025-10-08T01:00,66.2,94,15.7,1010.6
2025-10-08T02:00,65.7,95,14.7,1010.0
2025-10-08T03:00,65.0,96,13.6,1009.5
2025-10-08T04:00,64.3,97,12.9,1009.2
2025-10-08T05:00,63.9,98,9.8,1009.0
2025-10-08T06:00,61.1,98,15.1,1009.5
2025-10-08T07:00,56.7,96,12.6,1011.2
2025-10-08T08:00,56.9,96,9.4,1013.4
2025-10-08T09:00,56.5,96,8.9,1013.4
2025-10-08T10:00,57.1,91,9.4,1014.6
2025-10-08T11:00,57.8,87,11.0,1015.0
2025-10-08T12:00,58.8,79,9.8,1015.8
2025-10-08T13:00,61.6,71,11.0,1015.4
2025-10-08T14:00,62.1,67,9.4,1015.6
2025-10-08T15:00,63.5,61,7.1,1015.9
2025-10-08T16:00,65.1,47,9.0,1016.1
2025-10-08T17:00,62.4,62,7.9,1016.8
2025-10-08T18:00,59.2,65,7.3,1017.5
2025-10-08T19:00,57.5,61,7.8,1018.2
2025-10-08T20:00,56.0,58,8.5,1019.6
2025-10-08T21:00,55.5,59,10.5,1020.7
2025-10-08T22:00,55.1,64,9.5,1021.7
2025-10-08T23:00,54.2,68,8.0,1022.6
2025-10-09T00:00,52.2,73,8.3,1023.1
2025-10-09T01:00,51.0,72,8.1,1023.8
2025-10-09T02:00,48.6,76,7.1,1024.7
2025-10-09T03:00,46.8,79,6.5,1025.2
2025-10-09T04:00,45.6,80,6.1,1026.1
2025-10-09T05:00,44.5,80,6.2,1026.9
2025-10-09T06:00,43.4,79,5.6,1027.8
2025-10-09T07:00,42.3,80,5.4,1028.6
2025-10-09T08:00,43.2,74,5.9,1029.9
2025-10-09T09:00,45.0,60,7.9,1030.7
2025-10-09T10:00,46.7,53,8.8,1031.4
2025-10-09T11:00,48.4,52,8.2,1031.5
2025-10-09T12:00,50.3,47,10.9,1031.4
2025-10-09T13:00,51.2,46,9.1,1030.8
2025-10-09T14:00,52.8,44,8.3,1030.4
2025-10-09T15:00,53.1,44,7.8,1030.2
2025-10-09T16:00,52.8,46,6.9,1030.2
2025-10-09T17:00,51.9,48,5.8,1030.2
2025-10-09T18:00,49.4,57,3.6,1030.0
2025-10-09T19:00,47.0,62,4.5,1030.1
2025-10-09T20:00,45.8,52,5.4,1030.5
2025-10-09T21:00,43.0,61,3.6,1031.1
2025-10-09T22:00,41.6,67,2.3,1031.6
2025-10-09T23:00,41.5,68,0.8,1031.9
2025-10-10T00:00,41.1,70,0.2,1031.9
2025-10-10T01:00,41.1,70,0.2,1031.7
2025-10-10T02:00,37.6,81,1.0,1032.5
2025-10-10T03:00,36.3,83,0.4,1032.3
2025-10-10T04:00,36.0,85,0.1,1032.3
2025-10-10T05:00,36.0,86,0.4,1032.1
2025-10-10T06:00,35.5,86,0.8,1031.7
2025-10-10T07:00,34.9,87,1.0,1031.4
2025-10-10T08:00,37.8,67,4.5,1032.6
2025-10-10T09:00,41.0,64,4.1,1032.6
2025-10-10T10:00,44.2,63,4.9,1032.4
2025-10-10T11:00,48.4,58,6.2,1031.5
2025-10-10T12:00,51.9,53,8.3,1030.4
2025-10-10T13:00,54.7,49,10.1,1028.9
2025-10-10T14:00,57.6,44,10.1,1027.4
2025-10-10T15:00,58.1,44,10.4,1026.6
2025-10-10T16:00,58.0,46,10.5,1025.9
2025-10-10T17:00,57.0,51,10.4,1025.1
2025-10-10T18:00,55.0,57,9.6,1024.4
2025-10-10T19:00,53.2,62,8.6,1024.3
2025-10-10T20:00,53.2,59,10.0,1023.8
2025-10-10T21:00,52.3,62,9.7,1023.8
2025-10-10T22:00,51.1,66,10.3,1024.1
2025-10-10T23:00,50.4,69,10.8,1024.1
2025-10-11T00:00,49.7,73,10.3,1023.9
2025-10-11T01:00,49.0,76,9.4,1023.9
2025-10-11T02:00,48.0,77,9.1,1023.8
2025-10-11T03:00,47.7,79,8.1,1023.4
2025-10-11T04:00,47.1,82,7.6,1023.1
2025-10-11T05:00,46.8,85,7.3,1023.0
2025-10-11T06:00,46.7,86,7.1,1022.8
2025-10-11T07:00,46.8,86,7.1,1022.8
2025-10-11T08:00,48.9,80,6.8,1022.8
2025-10-11T09:00,52.4,77,5.9,1022.9
2025-10-11T10:00,55.6,73,6.0,1023.0
2025-10-11T11:00,58.8,69,4.7,1022.7
2025-10-11T12:00,61.4,63,3.0,1022.4
2025-10-11T13:00,63.6,58,3.4,1021.7
2025-10-11T14:00,65.0,57,3.0,1020.8
2025-10-11T15:00,65.8,58,3.0,1020.5
2025-10-11T16:00,65.1,60,5.8,1020.4
2025-10-11T17:00,63.4,68,5.7,1020.3
2025-10-11T18:00,61.6,79,1.2,1020.4
2025-10-11T19:00,60.4,79,0.6,1020.9
2025-10-11T20:00,59.6,78,2.7,1021.1
2025-10-11T21:00,59.2,81,3.3,1021.5
2025-10-11T22:00,59.0,80,3.8,1021.7
2025-10-11T23:00,58.4,84,1.2,1021.4
2025-10-12T00:00,55.2,87,0.4,1021.5
2025-10-12T01:00,54.0,92,0.9,1021.1
2025-10-12T02:00,53.1,93,2.4,1021.0
2025-10-12T03:00,51.2,94,2.1,1020.0
2025-10-12T04:00,50.3,95,1.5,1020.2
2025-10-12T05:00,50.0,95,3.4,1020.1
2025-10-12T06:00,49.5,94,4.7,1020.1
2025-10-12T07:00,48.9,92,4.1,1020.5
2025-10-12T08:00,51.6,87,4.3,1021.2
2025-10-12T09:00,54.7,83,3.6,1021.7
2025-10-12T10:00,58.1,74,5.3,1021.4
2025-10-12T11:00,59.2,61,6.9,1021.6
2025-10-12T12:00,60.5,54,9.2,1020.7
2025-10-12T13:00,60.3,56,8.1,1020.7
2025-10-12T14:00,61.5,56,6.8,1020.2
2025-10-12T15:00,63.2,58,6.5,1020.0
2025-10-12T16:00,61.6,63,7.8,1020.2
2025-10-12T17:00,60.3,65,8.7,1019.9
2025-10-12T18:00,58.7,68,10.1,1019.8
2025-10-12T19:00,57.7,70,8.4,1019.8
2025-10-12T20:00,56.8,70,6.9,1020.5
2025-10-12T21:00,56.1,72,7.0,1020.3
2025-10-12T22:00,55.1,77,6.8,1020.2
2025-10-12T23:00,54.3,84,7.2,1019.7
2025-10-13T00:00,53.2,94,7.3,1019.1
2025-10-13T01:00,53.1,95,7.5,1018.9
2025-10-13T02:00,53.3,94,7.5,1018.8
2025-10-13T03:00,52.5,95,7.8,1018.5
2025-10-13T04:00,51.8,94,8.7,1018.3
2025-10-13T05:00,51.2,94,8.7,1018.3
2025-10-13T06:00,50.5,94,9.0,1018.1
2025-10-13T07:00,50.1,95,9.1,1017.7
2025-10-13T08:00,49.4,93,10.8,1019.1
2025-10-13T09:00,49.9,93,10.8,1018.7
2025-10-13T10:00,51.1,91,9.3,1018.8
2025-10-13T11:00,53.3,86,9.2,1018.5
2025-10-13T12:00,53.9,82,7.8,1018.3
2025-10-13T13:00,53.4,87,8.5,1017.8
2025-10-13T14:00,56.7,75,7.1,1017.1
2025-10-13T15:00,57.3,69,6.5,1016.7
2025-10-13T16:00,58.1,64,6.0,1017.2
2025-10-13T17:00,54.9,81,5.8,1017.5
2025-10-13T18:00,52.9,94,5.1,1017.6
2025-10-13T19:00,52.9,92,4.8,1017.8
2025-10-13T20:00,52.4,94,4.3,1018.1
2025-10-13T21:00,52.3,94,5.6,1018.5
2025-10-13T22:00,52.0,94,5.7,1019.0
2025-10-13T23:00,51.7,95,5.8,1018.9
2025-10-14T00:00,51.5,95,5.5,1018.4
2025-10-14T01:00,51.4,95,4.7,1018.0
2025-10-14T02:00,50.7,97,5.0,1018.1
2025-10-14T03:00,50.2,96,5.1,1017.9
2025-10-14T04:00,50.4,93,6.1,1018.0
2025-10-14T05:00,51.1,89,5.3,1017.9
2025-10-14T06:00,51.3,87,5.4,1018.0
2025-10-14T07:00,51.2,86,5.8,1018.7
2025-10-14T08:00,50.8,89,6.2,1019.1
2025-10-14T09:00,51.7,90,5.3,1019.0
2025-10-14T10:00,52.8,88,5.6,1019.2
2025-10-14T11:00,53.7,87,6.8,1019.2
2025-10-14T12:00,55.0,84,7.4,1019.0
2025-10-14T13:00,55.6,82,6.5,1018.3
2025-10-14T14:00,55.8,87,6.7,1017.7
2025-10-14T15:00,56.7,86,6.5,1017.4
2025-10-14T16:00,57.4,85,6.2,1017.3
2025-10-14T17:00,57.7,85,4.8,1017.1
2025-10-14T18:00,57.3,88,3.4,1017.0
2025-10-14T19:00,56.7,90,2.8,1017.0
2025-10-14T20:00,56.6,89,2.7,1017.2
2025-10-14T21:00,56.3,91,1.9,1017.1
2025-10-14T22:00,56.8,89,1.9,1017.1
2025-10-14T23:00,56.9,89,3.8,1017.2
2025-10-15T00:00,56.1,92,4.2,1016.8
2025-10-15T01:00,53.1,96,3.3,1016.3
2025-10-15T02:00,53.1,97,4.6,1016.1
2025-10-15T03:00,51.3,98,4.0,1015.6
2025-10-15T04:00,50.8,97,4.6,1015.0
2025-10-15T05:00,50.3,97,3.9,1015.0
2025-10-15T06:00,50.2,96,3.8,1014.7
2025-10-15T07:00,49.8,96,2.9,1014.4
2025-10-15T08:00,50.7,95,6.5,1014.8
2025-10-15T09:00,51.4,95,7.7,1015.6
2025-10-15T10:00,53.3,87,10.6,1015.6
2025-10-15T11:00,53.7,72,11.4,1014.9
2025-10-15T12:00,52.4,65,11.5,1014.8
2025-10-15T13:00,52.7,63,12.7,1014.0
2025-10-15T14:00,53.4,62,12.7,1013.6
2025-10-15T15:00,53.1,60,12.9,1013.6
2025-10-15T16:00,55.8,54,10.0,1013.0
2025-10-15T17:00,56.3,54,8.1,1012.6
2025-10-15T18:00,53.6,57,6.0,1012.6
2025-10-15T19:00,49.9,57,9.6,1013.4
2025-10-15T20:00,48.2,58,9.8,1013.9
2025-10-15T21:00,47.0,61,7.7,1014.1
2025-10-15T22:00,45.4,68,5.7,1014.3
2025-10-15T23:00,45.6,68,7.5,1014.2
2025-10-16T00:00,45.2,65,7.6,1013.9
2025-10-16T01:00,44.1,67,6.6,1013.7
2025-10-16T02:00,43.2,70,6.3,1013.9
2025-10-16T03:00,42.0,73,5.7,1013.7
2025-10-16T04:00,41.1,74,6.0,1013.7
2025-10-16T05:00,40.2,76,5.9,1013.7
2025-10-16T06:00,39.8,76,7.0,1013.6
2025-10-16T07:00,40.5,71,8.4,1013.7
2025-10-16T08:00,42.2,70,9.6,1014.2
2025-10-16T09:00,44.5,66,10.2,1014.4
2025-10-16T10:00,46.4,57,11.9,1014.4
2025-10-16T11:00,48.5,53,12.4,1014.0
2025-10-16T12:00,50.4,48,13.7,1013.7
2025-10-16T13:00,51.7,46,12.5,1012.8
2025-10-16T14:00,54.5,40,11.7,1011.9
2025-10-16T15:00,55.7,37,12.0,1011.3
2025-10-16T16:00,55.6,35,13.1,1011.3
2025-10-16T17:00,54.2,38,12.1,1011.8
2025-10-16T18:00,51.2,44,9.7,1012.6
2025-10-16T19:00,46.8,58,8.3,1013.7
2025-10-16T20:00,45.3,59,6.6,1014.0
2025-10-16T21:00,46.6,52,9.3,1014.0
2025-10-16T22:00,45.6,53,8.8,1014.2
2025-10-16T23:00,44.2,56,8.2,1014.1
2025-10-17T00:00,43.2,58,7.9,1014.0
2025-10-17T01:00,42.3,60,7.1,1013.9
2025-10-17T02:00,41.1,62,6.3,1014.5
2025-10-17T03:00,40.0,65,5.4,1014.7
2025-10-17T04:00,39.1,69,4.3,1014.9
2025-10-17T05:00,38.5,73,3.9,1015.6
2025-10-17T06:00,38.1,76,3.8,1015.9
2025-10-17T07:00,37.9,77,4.2,1016.3
2025-10-17T08:00,39.4,75,5.7,1016.4
2025-10-17T09:00,43.0,69,4.9,1016.3
2025-10-17T10:00,46.0,63,5.6,1016.5
2025-10-17T11:00,48.8,57,6.7,1016.0
2025-10-17T12:00,51.7,54,6.5,1015.5
2025-10-17T13:00,53.8,51,6.7,1015.0
2025-10-17T14:00,56.4,48,6.2,1013.9
2025-10-17T15:00,57.2,47,5.5,1013.2
2025-10-17T16:00,57.4,46,4.6,1012.8
2025-10-17T17:00,56.3,55,2.7,1012.6
2025-10-17T18:00,51.3,64,2.6,1012.4
2025-10-17T19:00,49.2,66,2.9,1012.8
2025-10-17T20:00,48.6,64,2.9,1013.3
2025-10-17T21:00,45.9,71,3.8,1013.7
2025-10-17T22:00,44.4,76,3.6,1014.0
2025-10-17T23:00,42.9,81,2.5,1014.2
2025-10-18T00:00,41.5,86,3.2,1014.3
2025-10-18T01:00,41.0,87,3.3,1013.8
2025-10-18T02:00,39.9,87,3.2,1014.4
2025-10-18T03:00,39.0,84,3.2,1014.1
2025-10-18T04:00,39.0,82,3.0,1014.0
2025-10-18T05:00,39.2,81,2.5,1014.2
2025-10-18T06:00,39.9,81,2.2,1014.7
2025-10-18T07:00,40.2,82,2.0,1014.8
2025-10-18T08:00,43.5,76,0.2,1015.8
2025-10-18T09:00,46.5,73,1.4,1016.1
2025-10-18T10:00,51.2,64,0.8,1015.7
2025-10-18T11:00,54.0,60,2.9,1015.6
2025-10-18T12:00,56.2,57,2.3,1015.3
2025-10-18T13:00,59.1,51,1.3,1014.2
2025-10-18T14:00,61.0,47,2.6,1013.5
2025-10-18T15:00,61.7,47,3.7,1013.5
2025-10-18T16:00,61.4,49,3.8,1013.4
2025-10-18T17:00,60.3,55,4.1,1013.3
2025-10-18T18:00,57.6,59,4.9,1013.0
2025-10-18T19:00,55.8,62,5.4,1013.1
2025-10-18T20:00,54.7,64,5.3,1013.4
2025-10-18T21:00,54.8,65,7.2,1013.5
2025-10-18T22:00,54.9,63,8.2,1013.3
2025-10-18T23:00,55.0,64,8.5,1013.9
2025-10-19T00:00,54.5,66,8.0,1014.6
2025-10-19T01:00,54.3,67,9.8,1014.1
2025-10-19T02:00,53.5,65,9.9,1013.9
2025-10-19T03:00,52.8,65,9.5,1013.2
2025-10-19T04:00,52.3,65,9.9,1012.7
2025-10-19T05:00,52.6,65,10.6,1012.6
2025-10-19T06:00,53.0,66,11.6,1012.3
2025-10-19T07:00,53.9,65,12.1,1011.8
2025-10-19T08:00,54.8,69,12.1,1012.3
2025-10-19T09:00,57.4,66,12.8,1012.5
2025-10-19T10:00,60.3,62,14.5,1012.1
2025-10-19T11:00,63.0,59,15.2,1011.5
2025-10-19T12:00,65.7,63,14.9,1011.1
2025-10-19T13:00,68.5,65,13.7,1010.1
2025-10-19T14:00,71.8,60,15.5,1009.1
2025-10-19T15:00,72.0,60,16.2,1008.1
2025-10-19T16:00,71.2,62,16.0,1007.6
2025-10-19T17:00,69.5,64,16.0,1007.2
2025-10-19T18:00,67.1,66,16.9,1006.6
2025-10-19T19:00,64.8,71,17.8,1006.9
2025-10-19T20:00,63.9,73,17.6,1006.5
2025-10-19T21:00,62.9,74,18.0,1006.6
2025-10-19T22:00,61.9,77,16.3,1007.1
2025-10-19T23:00,62.6,78,15.7,1007.1
2025-10-20T00:00,63.7,80,14.7,1006.3
2025-10-20T01:00,64.9,80,15.8,1005.5
2025-10-20T02:00,65.2,82,16.0,1004.9
2025-10-20T03:00,65.3,81,16.7,1003.6
2025-10-20T04:00,63.9,89,14.5,1002.7
2025-10-20T05:00,64.8,88,17.3,1001.6
2025-10-20T06:00,63.1,94,16.8,1001.5
2025-10-20T07:00,63.7,92,16.8,1001.6
2025-10-20T08:00,64.6,96,12.8,1001.3
2025-10-20T09:00,65.9,91,12.3,1001.5
2025-10-20T10:00,65.8,79,12.9,1001.4
2025-10-20T11:00,63.9,72,12.9,1002.4
2025-10-20T12:00,62.7,74,11.6,1002.0
2025-10-20T13:00,62.0,69,11.9,1001.8
2025-10-20T14:00,61.6,73,6.1,1001.9
2025-10-20T15:00,59.9,79,8.9,1002.1
2025-10-20T16:00,57.5,89,6.7,1002.4
2025-10-20T17:00,56.7,83,13.3,1003.4
2025-10-20T18:00,54.8,80,14.0,1004.3
2025-10-20T19:00,53.6,84,12.8,1005.0
2025-10-20T20:00,54.2,78,11.8,1005.9
2025-10-20T21:00,52.6,85,11.3,1007.0
2025-10-20T22:00,52.6,85,5.9,1007.9
2025-10-20T23:00,52.7,83,7.9,1008.1
2025-10-21T00:00,52.8,78,9.3,1008.0
2025-10-21T01:00,52.4,74,9.4,1007.8
2025-10-21T02:00,51.3,75,8.0,1008.1
2025-10-21T03:00,50.8,72,6.9,1008.3
2025-10-21T04:00,49.8,72,5.9,1008.7
2025-10-21T05:00,49.2,71,7.1,1008.9
2025-10-21T06:00,48.2,72,6.3,1009.2
2025-10-21T07:00,45.8,79,3.5,1009.3
2025-10-21T08:00,47.7,78,2.2,1009.9
2025-10-21T09:00,50.7,72,3.6,1010.0
2025-10-21T10:00,53.1,69,6.3,1009.8
2025-10-21T11:00,55.2,65,6.3,1009.5
2025-10-21T12:00,56.7,63,7.0,1009.5
2025-10-21T13:00,58.5,59,7.3,1008.5
2025-10-21T14:00,61.0,53,7.8,1007.5
2025-10-21T15:00,63.0,49,9.4,1006.8
2025-10-21T16:00,63.5,48,10.5,1006.3
2025-10-21T17:00,61.9,50,10.8,1006.1
2025-10-21T18:00,60.2,49,10.2,1006.0
2025-10-21T19:00,59.4,50,10.9,1006.7
2025-10-21T20:00,58.3,56,11.9,1006.7
2025-10-21T21:00,58.5,57,10.6,1007.2
2025-10-21T22:00,58.1,60,10.4,1007.2
2025-10-21T23:00,57.6,64,9.1,1006.6
2025-10-22T00:00,57.2,69,8.6,1006.1
2025-10-22T01:00,56.9,77,11.1,1005.9
2025-10-22T02:00,54.5,90,10.1,1005.5
2025-10-22T03:00,53.8,95,8.6,1005.1
2025-10-22T04:00,54.1,95,7.3,1004.1
2025-10-22T05:00,53.6,97,4.9,1003.6
2025-10-22T06:00,52.6,96,7.1,1003.3
2025-10-22T07:00,52.9,95,8.0,1002.9
2025-10-22T08:00,52.7,91,9.8,1002.7
2025-10-22T09:00,54.2,90,9.8,1002.1
2025-10-22T10:00,56.5,83,11.8,1002.3
2025-10-22T11:00,54.0,84,8.6,1002.5
2025-10-22T12:00,58.1,67,5.4,1002.4
2025-10-22T13:00,60.1,52,9.5,1002.3
2025-10-22T14:00,60.1,47,10.1,1002.1
2025-10-22T15:00,60.1,45,10.1,1001.9
2025-10-22T16:00,59.4,46,9.7,1002.3
2025-10-22T17:00,57.8,52,6.4,1002.9
2025-10-22T18:00,54.4,59,4.3,1003.4
2025-10-22T19:00,52.4,62,4.8,1004.2
2025-10-22T20:00,51.2,62,4.6,1004.7
2025-10-22T21:00,50.7,61,6.3,1004.8
2025-10-22T22:00,50.5,65,8.2,1005.4
2025-10-22T23:00,49.1,68,7.0,1005.7
2025-10-23T00:00,49.4,69,6.7,1005.8
2025-10-23T01:00,49.5,71,8.4,1005.6
2025-10-23T02:00,47.5,73,8.6,1005.7
2025-10-23T03:00,48.7,70,9.1,1005.9
2025-10-23T04:00,47.6,72,9.2,1005.8
2025-10-23T05:00,46.8,74,9.6,1006.6
2025-10-23T06:00,47.0,74,9.3,1007.1
2025-10-23T07:00,46.2,77,8.3,1007.4
2025-10-23T08:00,46.5,75,8.3,1007.9
2025-10-23T09:00,48.3,76,7.1,1008.4
2025-10-23T10:00,51.7,68,7.9,1008.7
2025-10-23T11:00,54.5,61,8.8,1008.7
2025-10-23T12:00,57.2,55,8.8,1008.7
2025-10-23T13:00,58.3,52,8.9,1008.3
2025-10-23T14:00,56.3,53,8.9,1008.6
2025-10-23T15:00,57.0,50,8.4,1008.9
2025-10-23T16:00,55.8,54,8.4,1009.3
2025-10-23T17:00,51.5,72,3.0,1010.4
2025-10-23T18:00,47.6,83,6.2,1011.2
2025-10-23T19:00,45.0,93,3.3,1011.5
2025-10-23T20:00,47.2,89,2.6,1011.9
2025-10-23T21:00,46.9,88,3.3,1012.5
2025-10-23T22:00,46.1,87,2.6,1013.1
2025-10-23T23:00,46.6,83,0.9,1013.5
2025-10-24T00:00,46.7,82,0.6,1013.7
2025-10-24T01:00,45.8,83,1.0,1013.7
2025-10-24T02:00,44.4,88,2.2,1013.7
2025-10-24T03:00,43.4,89,2.0,1013.9
2025-10-24T04:00,43.5,88,1.0,1014.1
2025-10-24T05:00,43.2,89,0.5,1014.6
2025-10-24T06:00,43.1,90,0.6,1015.2
2025-10-24T07:00,42.4,93,1.0,1015.7
2025-10-24T08:00,43.4,89,4.0,1016.4
2025-10-24T09:00,46.2,88,4.3,1017.1
2025-10-24T10:00,48.7,79,4.2,1017.3
2025-10-24T11:00,50.7,75,4.0,1017.2
2025-10-24T12:00,52.2,70,5.1,1017.1
2025-10-24T13:00,53.6,63,6.7,1016.8
2025-10-24T14:00,53.6,63,6.6,1016.5
2025-10-24T15:00,54.9,60,7.0,1016.4
2025-10-24T16:00,54.3,59,7.3,1016.8
2025-10-24T17:00,50.8,74,5.0,1017.6
2025-10-24T18:00,49.3,75,5.3,1018.0
2025-10-24T19:00,48.0,79,5.0,1018.9
2025-10-24T20:00,45.0,84,3.4,1020.0
2025-10-24T21:00,44.0,86,3.4,1020.4
2025-10-24T22:00,43.5,87,3.8,1021.1
2025-10-24T23:00,43.3,89,4.2,1021.4
2025-10-25T00:00,42.3,91,4.0,1021.9
2025-10-25T01:00,41.0,93,3.5,1022.1
2025-10-25T02:00,40.2,94,2.9,1022.7
2025-10-25T03:00,40.8,94,2.7,1023.2
2025-10-25T04:00,39.8,95,2.7,1023.7
2025-10-25T05:00,38.5,96,1.6,1023.9
2025-10-25T06:00,38.5,95,1.0,1024.4
2025-10-25T07:00,38.0,96,1.0,1025.2
2025-10-25T08:00,40.5,87,0.8,1025.7
2025-10-25T09:00,43.3,82,1.1,1026.3
2025-10-25T10:00,46.1,77,2.2,1026.4
2025-10-25T11:00,49.0,74,4.0,1026.8
2025-10-25T12:00,51.9,67,5.9,1026.9
2025-10-25T13:00,53.1,59,9.2,1026.4
2025-10-25T14:00,53.2,58,8.0,1025.4
2025-10-25T15:00,54.0,54,7.4,1024.8
2025-10-25T16:00,53.2,52,6.6,1025.1
2025-10-25T17:00,52.6,58,3.8,1025.5
2025-10-25T18:00,48.7,67,3.5,1025.4
2025-10-25T19:00,48.8,64,5.6,1026.1
2025-10-25T20:00,46.0,70,3.9,1026.6
2025-10-25T21:00,45.0,70,1.6,1026.3
2025-10-25T22:00,44.6,72,2.5,1026.3
2025-10-25T23:00,43.7,77,2.8,1026.2
2025-10-26T00:00,45.1,76,2.5,1026.4
2025-10-26T01:00,45.4,77,3.3,1026.5
2025-10-26T02:00,45.0,76,2.7,1026.3
2025-10-26T03:00,44.6,80,1.8,1026.6
2025-10-26T04:00,44.4,81,1.7,1026.5
2025-10-26T05:00,44.1,84,2.2,1027.0
2025-10-26T06:00,43.6,84,3.2,1027.3
2025-10-26T07:00,39.3,90,3.0,1027.8
2025-10-26T08:00,38.3,87,2.8,1028.6
2025-10-26T09:00,41.5,82,2.7,1029.3
2025-10-26T10:00,45.0,76,3.5,1029.4
2025-10-26T11:00,48.1,67,3.7,1029.0
2025-10-26T12:00,50.3,59,4.5,1028.4
2025-10-26T13:00,51.5,54,5.0,1028.1
2025-10-26T14:00,52.7,50,5.4,1027.6
2025-10-26T15:00,53.1,46,5.6,1027.1
2025-10-26T16:00,52.9,44,5.4,1026.6
2025-10-26T17:00,51.4,56,2.5,1026.3
2025-10-26T18:00,47.3,66,2.4,1026.1
2025-10-26T19:00,46.8,68,3.6,1026.6
2025-10-26T20:00,46.5,68,4.4,1027.0
2025-10-26T21:00,44.9,68,6.0,1027.7
2025-10-26T22:00,43.2,70,6.5,1028.2
2025-10-26T23:00,42.1,73,6.8,1028.4
2025-10-27T00:00,41.0,75,6.6,1028.3
2025-10-27T01:00,39.9,77,6.1,1028.3
2025-10-27T02:00,36.0,83,4.1,1028.5
2025-10-27T03:00,34.8,86,3.7,1028.8
2025-10-27T04:00,34.5,87,3.5,1028.6
2025-10-27T05:00,35.0,87,4.2,1028.5
2025-10-27T06:00,35.1,88,4.3,1028.6
2025-10-27T07:00,34.5,89,3.7,1028.8
2025-10-27T08:00,35.3,92,3.7,1029.3
2025-10-27T09:00,37.8,87,3.6,1029.8
2025-10-27T10:00,41.1,80,3.9,1029.4
2025-10-27T11:00,44.5,72,5.7,1028.8
2025-10-27T12:00,47.2,68,7.4,1028.3
2025-10-27T13:00,49.3,64,8.1,1027.5
2025-10-27T14:00,50.1,62,7.6,1027.0
2025-10-27T15:00,49.9,63,8.0,1026.8
2025-10-27T16:00,50.5,59,7.7,1026.4
2025-10-27T17:00,49.3,63,6.6,1026.3
2025-10-27T18:00,45.5,75,5.2,1026.4
2025-10-27T19:00,44.0,80,6.6,1026.9
2025-10-27T20:00,43.0,79,6.2,1027.3
2025-10-27T21:00,42.0,83,6.5,1027.7
2025-10-27T22:00,41.3,85,6.4,1027.9
2025-10-27T23:00,40.5,87,5.3,1027.9
2025-10-28T00:00,39.1,90,3.7,1027.7
2025-10-28T01:00,37.3,91,2.4,1027.7
2025-10-28T02:00,36.1,93,2.5,1028.1
2025-10-28T03:00,36.0,93,3.3,1028.1
2025-10-28T04:00,36.1,92,3.9,1027.9
2025-10-28T05:00,36.2,90,4.9,1027.7
2025-10-28T06:00,36.1,89,4.8,1027.6
2025-10-28T07:00,36.1,89,5.2,1027.4
2025-10-28T08:00,36.8,88,5.7,1027.8
2025-10-28T09:00,39.8,84,3.5,1028.4
2025-10-28T10:00,43.9,77,4.3,1028.4
2025-10-28T11:00,47.7,70,5.8,1028.0
2025-10-28T12:00,50.8,62,6.5,1026.9
2025-10-28T13:00,52.5,59,6.4,1025.9
2025-10-28T14:00,54.0,57,7.3,1025.0
2025-10-28T15:00,54.4,56,7.6,1024.4
2025-10-28T16:00,55.7,49,6.9,1023.6
2025-10-28T17:00,53.5,57,7.0,1023.8
2025-10-28T18:00,48.6,71,6.4,1023.8
2025-10-28T19:00,46.3,76,7.1,1023.8
2025-10-28T20:00,44.9,75,8.8,1023.7
2025-10-28T21:00,43.9,76,8.0,1023.7
2025-10-28T22:00,42.8,78,7.0,1023.7
2025-10-28T23:00,41.7,81,5.7,1023.7
2025-10-29T00:00,40.5,84,4.1,1023.2
2025-10-29T01:00,39.1,87,3.4,1022.7
2025-10-29T02:00,38.6,86,3.5,1022.5
2025-10-29T03:00,37.3,88,3.3,1022.3
2025-10-29T04:00,36.2,89,3.1,1021.9
2025-10-29T05:00,35.1,90,2.5,1022.0
2025-10-29T06:00,34.5,91,2.4,1022.2
2025-10-29T07:00,34.0,92,2.8,1022.1
2025-10-29T08:00,36.5,87,3.7,1021.9
2025-10-29T09:00,41.2,79,4.2,1021.8
2025-10-29T10:00,45.1,71,3.4,1021.8
2025-10-29T11:00,47.9,68,3.8,1021.5
2025-10-29T12:00,52.0,57,1.8,1020.8
2025-10-29T13:00,54.0,53,1.2,1019.8
2025-10-29T14:00,52.0,60,4.5,1019.7
2025-10-29T15:00,51.4,62,4.5,1019.2
2025-10-29T16:00,50.6,64,4.9,1018.9
2025-10-29T17:00,49.5,68,3.0,1018.9
2025-10-29T18:00,46.7,78,2.1,1018.6
2025-10-29T19:00,44.9,81,2.0,1018.8
2025-10-29T20:00,43.9,79,4.4,1019.1
2025-10-29T21:00,43.4,80,5.5,1019.3
2025-10-29T22:00,43.4,80,5.8,1019.4
2025-10-29T23:00,43.4,80,5.9,1019.1
2025-10-30T00:00,43.2,82,4.5,1018.5
2025-10-30T01:00,42.3,85,3.7,1018.0
2025-10-30T02:00,43.2,84,2.2,1017.9
2025-10-30T03:00,42.6,86,2.5,1017.0
2025-10-30T04:00,42.7,88,2.4,1016.2
2025-10-30T05:00,43.8,86,0.7,1015.6
2025-10-30T06:00,43.7,86,2.8,1014.5
2025-10-30T07:00,45.8,82,3.7,1014.0
2025-10-30T08:00,45.4,91,6.4,1013.9
2025-10-30T09:00,46.5,95,6.2,1013.5
2025-10-30T10:00,47.0,94,7.7,1012.2
2025-10-30T11:00,49.9,87,8.3,1010.0
2025-10-30T12:00,51.4,84,7.4,1008.4
2025-10-30T13:00,51.7,82,12.1,1005.6
2025-10-30T14:00,54.5,77,5.2,1004.6
2025-10-30T15:00,52.4,82,5.9,1003.5
2025-10-30T16:00,52.3,92,4.3,1002.5
2025-10-30T17:00,51.4,92,5.6,1001.3
2025-10-30T18:00,52.2,93,10.1,998.6
2025-10-30T19:00,52.9,92,8.4,997.6
2025-10-30T20:00,52.6,95,2.5,997.0
2025-10-30T21:00,51.7,96,4.3,995.9
2025-10-30T22:00,51.0,94,3.8,995.4
2025-10-30T23:00,51.3,94,2.2,994.1
2025-10-31T00:00,52.2,96,4.5,991.7
2025-10-31T01:00,51.6,97,3.3,990.0
2025-10-31T02:00,51.2,96,4.7,988.5
2025-10-31T03:00,50.2,99,5.9,987.9
2025-10-31T04:00,50.3,99,4.3,986.6
2025-10-31T05:00,50.8,98,2.6,985.7
2025-10-31T06:00,51.3,96,5.9,985.9
2025-10-31T07:00,51.4,96,13.5,985.7
2025-10-31T08:00,50.0,94,8.4,986.7
2025-10-31T09:00,51.3,89,9.0,987.4
2025-10-31T10:00,51.2,86,11.7,988.2
2025-10-31T11:00,51.5,72,11.0,988.3
2025-10-31T12:00,52.6,66,12.5,989.0
2025-10-31T13:00,51.9,65,12.6,989.2
2025-10-31T14:00,49.7,66,11.7,989.3
2025-10-31T15:00,50.3,64,9.8,989.2
2025-10-31T16:00,49.9,66,12.4,989.9
2025-10-31T17:00,49.0,70,12.4,990.8
2025-10-31T18:00,48.1,73,12.6,991.5
2025-10-31T19:00,47.1,74,14.5,992.5
2025-10-31T20:00,46.9,72,10.2,993.5
2025-10-31T21:00,45.7,79,9.5,994.6
2025-10-31T22:00,44.1,83,11.0,996.2
2025-10-31T23:00,42.7,86,11.5,997.5
2025-11-01T00:00,42.3,87,11.6,998.2
2025-11-01T01:00,42.4,86,10.2,999.1
2025-11-01T02:00,43.1,84,12.2,1000.1
2025-11-01T03:00,43.6,81,15.2,1001.1
2025-11-01T04:00,43.9,79,15.4,1002.3
2025-11-01T05:00,43.9,78,12.0,1003.2
2025-11-01T06:00,43.5,78,10.2,1004.5
2025-11-01T07:00,43.2,77,10.9,1006.1
2025-11-01T08:00,43.3,76,7.4,1007.6
2025-11-01T09:00,45.3,70,8.3,1008.6
2025-11-01T10:00,46.4,65,11.7,1008.9
2025-11-01T11:00,47.7,60,14.5,1009.2
2025-11-01T12:00,49.0,56,15.6,1009.9
2025-11-01T13:00,49.3,54,16.7,1010.2
2025-11-01T14:00,49.7,52,16.0,1010.6
2025-11-01T15:00,49.2,52,15.8,1011.3
2025-11-01T16:00,48.3,53,15.1,1012.4
2025-11-01T17:00,46.8,56,13.2,1013.4
2025-11-01T18:00,45.1,59,10.8,1014.2
2025-11-01T19:00,44.0,61,9.7,1015.1
2025-11-01T20:00,43.0,60,8.3,1015.5
2025-11-01T21:00,42.2,63,7.1,1016.4
2025-11-01T22:00,40.5,69,4.4,1017.2
2025-11-01T23:00,38.7,76,2.9,1018.0
2025-11-02T00:00,38.9,75,0.8,1018.6
2025-11-02T01:00,38.8,75,0.8,1019.0
2025-11-02T02:00,37.2,77,2.1,1020.0
2025-11-02T03:00,36.4,81,2.0,1020.3
2025-11-02T04:00,35.4,83,1.9,1020.5
2025-11-02T05:00,34.9,83,1.3,1021.2
2025-11-02T06:00,34.7,84,1.1,1022.1
2025-11-02T07:00,34.5,84,0.9,1022.6
2025-11-02T08:00,34.7,83,0.4,1023.4
2025-11-02T09:00,37.3,79,0.4,1024.2
2025-11-02T10:00,40.3,74,1.7,1025.1
2025-11-02T11:00,43.2,68,1.7,1025.1
2025-11-02T12:00,45.9,63,2.3,1024.8
2025-11-02T13:00,49.0,57,9.6,1024.0
2025-11-02T14:00,49.9,55,8.8,1023.2
2025-11-02T15:00,51.0,53,9.4,1022.6
2025-11-02T16:00,51.4,52,7.6,1022.3
2025-11-02T17:00,49.5,65,1.0,1022.2
2025-11-02T18:00,44.8,66,2.0,1022.2
2025-11-02T19:00,45.5,65,6.1,1022.9
2025-11-02T20:00,43.3,66,0.9,1023.3
2025-11-02T21:00,41.1,70,2.0,1023.2
2025-11-02T22:00,41.4,73,3.0,1023.0
2025-11-02T23:00,39.0,82,2.5,1022.8
2025-11-03T00:00,39.1,81,3.1,1022.5
2025-11-03T01:00,41.0,73,5.3,1022.2
2025-11-03T02:00,40.5,68,5.4,1021.9
2025-11-03T03:00,40.2,70,5.1,1021.6
2025-11-03T04:00,40.0,72,6.1,1021.4
2025-11-03T05:00,40.3,74,8.5,1021.4
2025-11-03T06:00,41.1,74,9.0,1020.7
2025-11-03T07:00,41.4,75,8.8,1019.7
2025-11-03T08:00,42.1,77,9.2,1018.7
2025-11-03T09:00,44.7,73,10.4,1018.9
2025-11-03T10:00,48.0,68,9.7,1018.4
2025-11-03T11:00,52.0,61,10.2,1017.1
2025-11-03T12:00,54.2,57,11.1,1015.5
2025-11-03T13:00,57.4,51,13.1,1013.7
2025-11-03T14:00,58.5,49,14.5,1011.9
2025-11-03T15:00,58.1,54,15.5,1009.9
2025-11-03T16:00,58.5,51,15.9,1008.3
2025-11-03T17:00,57.3,53,14.2,1007.9
2025-11-03T18:00,49.7,90,6.6,1008.3
2025-11-03T19:00,48.8,93,9.6,1008.2
2025-11-03T20:00,47.9,96,2.6,1008.4
2025-11-03T21:00,49.0,88,9.5,1008.1
2025-11-03T22:00,46.3,86,8.5,1008.2
2025-11-03T23:00,45.7,82,10.4,1008.0
2025-11-04T00:00,45.0,78,10.6,1007.5
2025-11-04T01:00,45.4,71,14.4,1007.5
2025-11-04T02:00,44.7,76,15.4,1008.1
2025-11-04T03:00,44.0,75,14.8,1008.4
2025-11-04T04:00,43.9,71,15.9,1008.7
2025-11-04T05:00,43.7,70,16.2,1009.4
2025-11-04T06:00,43.9,71,15.4,1010.5
2025-11-04T07:00,43.2,73,14.0,1011.3
2025-11-04T08:00,44.5,64,14.0,1012.1
2025-11-04T09:00,45.7,64,13.4,1013.0
2025-11-04T10:00,47.3,63,13.8,1013.8
2025-11-04T11:00,49.2,61,15.0,1014.2
2025-11-04T12:00,51.9,45,18.0,1014.3
2025-11-04T13:00,52.8,43,16.6,1013.9
2025-11-04T14:00,54.3,35,16.2,1013.4
2025-11-04T15:00,55.1,35,16.2,1013.1
2025-11-04T16:00,54.2,41,15.0,1013.6
2025-11-04T17:00,52.5,45,12.1,1014.0
2025-11-04T18:00,50.6,47,10.9,1014.8
2025-11-04T19:00,49.6,49,10.1,1015.7
2025-11-04T20:00,47.5,50,6.8,1016.7
2025-11-04T21:00,44.4,61,4.1,1016.9
2025-11-04T22:00,43.8,63,2.6,1017.2
2025-11-04T23:00,43.0,65,2.1,1017.4
2025-11-05T00:00,41.5,68,2.9,1017.6
2025-11-05T01:00,41.3,67,2.1,1017.6
2025-11-05T02:00,41.0,64,1.6,1017.8
2025-11-05T03:00,39.8,66,1.5,1017.8
2025-11-05T04:00,38.8,69,1.6,1017.5
2025-11-05T05:00,37.3,74,2.4,1017.3
2025-11-05T06:00,38.1,78,3.2,1017.3
2025-11-05T07:00,39.1,78,4.9,1016.8
2025-11-05T08:00,40.8,75,5.3,1017.0
2025-11-05T09:00,42.1,74,5.8,1016.3
2025-11-05T10:00,44.4,69,6.1,1014.9
2025-11-05T11:00,45.9,67,7.4,1013.2
2025-11-05T12:00,49.7,54,10.9,1011.0
2025-11-05T13:00,53.3,41,13.2,1008.3
2025-11-05T14:00,55.1,34,14.5,1005.3
2025-11-05T15:00,56.7,35,16.0,1003.0
2025-11-05T16:00,56.7,33,16.1,1001.1
2025-11-05T17:00,55.8,36,17.0,999.6
2025-11-05T18:00,54.7,43,12.5,999.2
2025-11-05T19:00,53.1,52,10.4,998.4
2025-11-05T20:00,50.8,68,8.6,998.0
2025-11-05T21:00,48.3,90,3.4,997.9
2025-11-05T22:00,48.4,92,1.6,997.8
2025-11-05T23:00,48.1,93,16.4,998.5
2025-11-06T00:00,46.8,91,16.1,999.1
2025-11-06T01:00,44.9,85,15.0,1000.6
2025-11-06T02:00,43.7,80,14.7,1003.1
2025-11-06T03:00,41.4,83,13.3,1005.3
2025-11-06T04:00,41.2,82,11.0,1006.5
2025-11-06T05:00,40.3,83,9.6,1007.6
2025-11-06T06:00,40.2,84,9.2,1008.7
2025-11-06T07:00,40.0,85,9.0,1009.7
2025-11-06T08:00,39.7,88,9.3,1010.8
2025-11-06T09:00,42.3,81,10.7,1011.8
2025-11-06T10:00,44.4,72,11.7,1012.8
2025-11-06T11:00,46.0,63,13.1,1013.4
2025-11-06T12:00,46.9,54,13.1,1013.5
2025-11-06T13:00,47.6,50,14.0,1013.6
2025-11-06T14:00,47.7,50,14.7,1014.3
2025-11-06T15:00,47.4,50,15.1,1014.8
2025-11-06T16:00,46.6,51,13.7,1015.5
2025-11-06T17:00,45.0,51,10.9,1016.0
2025-11-06T18:00,42.5,56,10.8,1016.8
2025-11-06T19:00,40.5,62,10.6,1017.6
2025-11-06T20:00,39.3,55,10.0,1018.7
2025-11-06T21:00,38.6,57,7.6,1018.7
2025-11-06T22:00,37.0,62,4.4,1018.9
2025-11-06T23:00,34.5,71,2.2,1018.8
2025-11-07T00:00,35.0,68,0.7,1018.7
2025-11-07T01:00,35.0,67,0.3,1018.2
2025-11-07T02:00,32.4,72,1.9,1018.2
2025-11-07T03:00,31.5,77,3.2,1018.2
2025-11-07T04:00,32.6,72,5.0,1017.7
2025-11-07T05:00,33.5,70,5.7,1017.5
2025-11-07T06:00,34.1,70,6.3,1016.9
2025-11-07T07:00,34.3,71,6.1,1016.4
2025-11-07T08:00,34.9,72,8.5,1016.7
2025-11-07T09:00,36.4,70,8.5,1016.2
2025-11-07T10:00,39.1,64,10.3,1015.3
2025-11-07T11:00,41.9,59,11.2,1014.0
2025-11-07T12:00,46.3,50,13.9,1012.4
2025-11-07T13:00,48.6,47,15.5,1009.8
2025-11-07T14:00,51.5,45,16.9,1007.4
2025-11-07T15:00,52.7,49,17.5,1005.7
2025-11-07T16:00,51.4,51,18.5,1004.3
2025-11-07T17:00,52.9,46,18.9,1003.7
2025-11-07T18:00,53.2,48,19.0,1002.3
2025-11-07T19:00,53.4,52,17.8,1002.0
2025-11-07T20:00,54.0,52,18.5,1001.5
2025-11-07T21:00,53.5,57,18.9,1001.1
2025-11-07T22:00,51.7,65,17.7,1001.1
2025-11-07T23:00,50.4,74,16.1,1000.9
2025-11-08T00:00,50.9,74,15.5,1000.5
2025-11-08T01:00,50.3,78,13.6,1000.2
2025-11-08T02:00,49.8,84,12.0,1000.6
2025-11-08T03:00,49.7,88,11.4,1000.7
2025-11-08T04:00,49.4,92,10.3,1000.5
2025-11-08T05:00,48.7,95,8.3,1000.4
2025-11-08T06:00,48.0,98,5.9,1001.3
2025-11-08T07:00,47.5,100,5.9,1001.8
2025-11-08T08:00,46.9,99,4.9,1002.6
2025-11-08T09:00,49.9,91,4.2,1003.7
2025-11-08T10:00,53.4,70,9.8,1004.8
2025-11-08T11:00,54.0,64,11.0,1005.7
2025-11-08T12:00,54.1,61,11.0,1006.2
2025-11-08T13:00,54.5,58,10.6,1006.3
2025-11-08T14:00,55.1,54,10.5,1006.3
2025-11-08T15:00,54.6,54,10.0,1006.8
2025-11-08T16:00,53.3,56,9.1,1007.4
2025-11-08T17:00,51.1,61,6.1,1008.3
2025-11-08T18:00,47.7,67,5.5,1009.2
2025-11-08T19:00,46.4,68,5.6,1010.0
2025-11-08T20:00,46.8,58,6.2,1009.9
2025-11-08T21:00,46.8,58,4.0,1010.2
2025-11-08T22:00,42.8,68,2.8,1010.7
2025-11-08T23:00,45.0,68,0.4,1011.0
2025-11-09T00:00,45.4,71,1.1,1011.4
2025-11-09T01:00,44.6,69,1.8,1011.6
2025-11-09T02:00,41.6,76,5.4,1012.1
2025-11-09T03:00,40.5,78,4.5,1012.4
2025-11-09T04:00,40.3,82,4.7,1012.4
2025-11-09T05:00,39.6,91,4.1,1012.4
2025-11-09T06:00,39.3,99,4.8,1012.2
2025-11-09T07:00,38.5,100,1.8,1011.9
2025-11-09T08:00,39.6,95,2.5,1012.3
2025-11-09T09:00,40.5,95,4.4,1012.4
2025-11-09T10:00,43.2,92,2.6,1011.9
2025-11-09T11:00,47.0,87,1.3,1011.1
2025-11-09T12:00,46.8,96,1.0,1010.5
2025-11-09T13:00,49.0,95,1.6,1008.8
2025-11-09T14:00,49.6,91,4.0,1008.4
2025-11-09T15:00,51.1,88,1.1,1008.0
2025-11-09T16:00,50.5,90,4.4,1007.5
2025-11-09T17:00,51.4,81,8.6,1006.0
2025-11-09T18:00,51.0,83,6.3,1005.5
2025-11-09T19:00,50.3,87,5.4,1005.6
2025-11-09T20:00,47.4,90,2.7,1005.6
2025-11-09T21:00,46.9,94,2.0,1005.9
2025-11-09T22:00,47.3,98,1.7,1005.3
2025-11-09T23:00,47.1,98,1.3,1005.0
2025-11-10T00:00,47.7,98,2.6,1004.8
2025-11-10T01:00,48.5,97,2.0,1004.4
2025-11-10T02:00,46.8,99,4.5,1004.6
2025-11-10T03:00,44.9,100,4.3,1005.1
2025-11-10T04:00,44.8,98,4.4,1004.6
2025-11-10T05:00,44.7,98,5.3,1005.3
2025-11-10T06:00,43.2,98,5.3,1005.2
2025-11-10T07:00,42.2,98,5.1,1005.0
2025-11-10T08:00,41.1,97,5.9,1005.4
2025-11-10T09:00,40.9,93,4.4,1006.0
2025-11-10T10:00,42.3,88,5.2,1005.8
2025-11-10T11:00,44.5,80,5.9,1005.1
2025-11-10T12:00,44.6,77,6.3,1004.5
2025-11-10T13:00,44.6,74,6.6,1003.1
2025-11-10T14:00,41.1,84,7.1,1002.5
2025-11-10T15:00,38.2,95,8.8,1002.3
2025-11-10T16:00,36.5,93,5.3,1002.4
2025-11-10T17:00,35.6,91,8.1,1002.4
2025-11-10T18:00,34.6,92,8.2,1002.6
2025-11-10T19:00,34.2,89,9.5,1002.8
2025-11-10T20:00,32.7,87,10.1,1003.5
2025-11-10T21:00,32.7,80,9.8,1003.5
2025-11-10T22:00,32.5,77,8.5,1003.4
2025-11-10T23:00,32.3,76,8.5,1002.9
2025-11-11T00:00,32.1,75,8.0,1002.6
2025-11-11T01:00,32.2,73,7.2,1002.6
2025-11-11T02:00,32.2,78,7.3,1002.1
2025-11-11T03:00,31.5,78,6.5,1002.0
2025-11-11T04:00,31.5,78,4.9,1001.7
2025-11-11T05:00,31.0,80,3.8,1001.5
2025-11-11T06:00,30.7,83,4.2,1001.5
2025-11-11T07:00,30.6,79,5.0,1001.2
2025-11-11T08:00,30.7,77,6.6,1001.3
2025-11-11T09:00,30.6,76,6.7,1001.4
2025-11-11T10:00,31.4,71,10.1,1001.2
2025-11-11T11:00,31.9,69,13.1,1001.2
2025-11-11T12:00,31.5,74,12.8,1001.0
2025-11-11T13:00,33.0,66,14.4,1000.4
2025-11-11T14:00,33.7,66,13.8,1000.5
2025-11-11T15:00,33.0,68,14.3,1000.9
2025-11-11T16:00,32.0,73,12.1,1001.9
2025-11-11T17:00,32.4,72,12.0,1002.8
2025-11-11T18:00,32.5,74,11.2,1003.6
2025-11-11T19:00,32.5,76,11.5,1004.9
2025-11-11T20:00,32.4,74,10.8,1005.7
2025-11-11T21:00,33.6,75,10.2,1006.1
2025-11-11T22:00,33.7,77,8.7,1006.6
2025-11-11T23:00,34.3,79,8.0,1006.5
2025-11-12T00:00,34.2,83,5.8,1006.4
2025-11-12T01:00,35.1,83,4.7,1006.9
2025-11-12T02:00,36.0,80,4.6,1006.9
2025-11-12T03:00,36.6,77,5.8,1007.0
2025-11-12T04:00,36.2,76,5.3,1006.9
2025-11-12T05:00,36.0,76,5.3,1006.7
2025-11-12T06:00,35.6,79,7.1,1006.6
2025-11-12T07:00,35.1,83,7.0,1006.3
2025-11-12T08:00,34.7,84,7.0,1006.4
2025-11-12T09:00,34.6,80,7.8,1006.4
2025-11-12T10:00,35.6,77,8.0,1006.1
2025-11-12T11:00,36.6,74,7.4,1005.4
2025-11-12T12:00,38.5,67,8.5,1004.5
2025-11-12T13:00,41.3,61,10.1,1003.3
2025-11-12T14:00,39.9,64,7.7,1002.9
2025-11-12T15:00,41.4,60,8.5,1002.5
2025-11-12T16:00,40.2,69,8.1,1002.7
2025-11-12T17:00,40.1,71,7.6,1002.7
2025-11-12T18:00,39.9,71,7.8,1002.8
2025-11-12T19:00,40.1,70,7.4,1003.1
2025-11-12T20:00,39.6,74,7.4,1003.7
2025-11-12T21:00,39.6,76,7.7,1003.7
2025-11-12T22:00,39.0,80,7.5,1003.9
2025-11-12T23:00,39.5,82,6.2,1004.3
2025-11-13T00:00,40.3,83,6.1,1004.4
2025-11-13T01:00,39.6,86,5.7,1004.7
2025-11-13T02:00,40.1,88,4.6,1004.9
2025-11-13T03:00,39.5,90,4.8,1005.7
2025-11-13T04:00,37.5,92,3.8,1005.9
2025-11-13T05:00,37.8,92,3.4,1006.5
2025-11-13T06:00,38.7,91,3.7,1006.6
2025-11-13T07:00,39.1,91,5.1,1006.7
2025-11-13T08:00,39.2,93,4.2,1006.8
2025-11-13T09:00,39.1,97,2.2,1007.5
2025-11-13T10:00,40.0,94,1.1,1007.6
2025-11-13T11:00,40.9,89,2.2,1007.7
2025-11-13T12:00,39.9,82,7.0,1007.8
2025-11-13T13:00,41.1,79,11.0,1007.3
2025-11-13T14:00,43.2,80,12.4,1007.8
2025-11-13T15:00,43.2,77,8.8,1008.2
2025-11-13T16:00,41.8,71,8.0,1009.0
2025-11-13T17:00,42.0,70,8.4,1009.9
2025-11-13T18:00,40.0,74,7.8,1010.8
2025-11-13T19:00,38.6,83,7.1,1011.4
2025-11-13T20:00,37.8,89,6.4,1012.0
2025-11-13T21:00,36.9,92,5.2,1012.2
2025-11-13T22:00,36.8,93,5.9,1012.5
2025-11-13T23:00,36.5,92,5.5,1012.8
2025-11-14T00:00,35.6,92,5.7,1012.9
2025-11-14T01:00,35.7,91,6.2,1013.0
2025-11-14T02:00,35.4,93,6.4,1013.0
2025-11-14T03:00,34.7,92,7.1,1013.5
2025-11-14T04:00,34.3,93,8.6,1014.1
2025-11-14T05:00,33.3,93,6.3,1014.5
2025-11-14T06:00,31.5,93,4.0,1015.2
2025-11-14T07:00,30.2,92,3.6,1015.5
2025-11-14T08:00,31.6,86,3.3,1015.8
2025-11-14T09:00,34.5,84,3.6,1016.4
2025-11-14T10:00,36.9,79,2.5,1016.4
2025-11-14T11:00,39.7,70,2.9,1016.0
2025-11-14T12:00,42.8,62,4.4,1015.1
2025-11-14T13:00,44.0,55,8.2,1014.0
2025-11-14T14:00,43.8,55,9.2,1013.4
2025-11-14T15:00,44.2,54,8.0,1012.7
2025-11-14T16:00,44.2,55,7.1,1012.3
2025-11-14T17:00,42.4,64,5.1,1012.0
2025-11-14T18:00,40.0,74,4.8,1012.2
2025-11-14T19:00,39.6,78,6.0,1012.0
2025-11-14T20:00,38.3,70,5.6,1011.7
2025-11-14T21:00,37.4,71,5.3,1011.6
2025-11-14T22:00,37.8,72,6.5,1012.1
2025-11-14T23:00,35.3,82,3.8,1012.2
2025-11-15T00:00,32.4,86,2.9,1011.9
2025-11-15T01:00,31.3,85,2.9,1011.9
2025-11-15T02:00,31.5,84,3.5,1011.8
2025-11-15T03:00,30.9,87,3.1,1011.9
2025-11-15T04:00,29.7,89,1.9,1011.7
2025-11-15T05:00,29.8,88,0.9,1011.6
2025-11-15T06:00,29.5,89,0.8,1011.5
2025-11-15T07:00,29.2,89,0.6,1011.1
2025-11-15T08:00,30.2,83,0.3,1010.8
2025-11-15T09:00,32.0,80,0.8,1010.6
2025-11-15T10:00,33.7,75,2.0,1010.0
2025-11-15T11:00,36.0,68,1.4,1009.4
2025-11-15T12:00,38.3,59,0.7,1008.1
2025-11-15T13:00,38.7,55,2.3,1006.5
2025-11-15T14:00,38.4,56,1.6,1005.0
2025-11-15T15:00,38.7,54,2.9,1003.7
2025-11-15T16:00,39.7,51,4.8,1002.0
2025-11-15T17:00,39.1,56,5.6,1000.4
2025-11-15T18:00,37.0,61,7.3,999.4
2025-11-15T19:00,38.5,58,9.4,997.7
2025-11-15T20:00,38.6,70,11.2,995.5
2025-11-15T21:00,37.9,91,10.9,994.6
2025-11-15T22:00,39.2,95,14.4,992.5
2025-11-15T23:00,40.5,95,16.4,990.2
2025-11-16T00:00,41.6,95,16.0,988.1
2025-11-16T01:00,43.2,93,14.7,986.6
2025-11-16T02:00,42.3,94,11.8,985.3
2025-11-16T03:00,42.3,98,11.0,984.8
2025-11-16T04:00,42.7,98,8.0,985.0
2025-11-16T05:00,42.6,100,4.6,984.8
2025-11-16T06:00,43.1,99,2.8,985.0
2025-11-16T07:00,45.3,93,9.0,985.4
2025-11-16T08:00,46.1,91,11.5,986.0
2025-11-16T09:00,45.0,90,13.0,986.9
2025-11-16T10:00,44.2,83,12.1,987.6
2025-11-16T11:00,44.7,73,12.6,988.1
2025-11-16T12:00,44.6,69,14.4,988.4
2025-11-16T13:00,44.9,62,16.0,988.2
2025-11-16T14:00,44.5,62,14.4,988.7
2025-11-16T15:00,43.4,66,14.2,989.2
2025-11-16T16:00,39.9,75,13.5,990.4
2025-11-16T17:00,39.1,73,13.9,991.3
2025-11-16T18:00,37.3,74,14.3,992.3
2025-11-16T19:00,36.3,72,12.7,993.4
2025-11-16T20:00,35.8,73,11.0,994.2
2025-11-16T21:00,34.5,74,9.9,994.8
2025-11-16T22:00,33.9,72,9.2,995.4
2025-11-16T23:00,33.3,74,8.4,995.6
2025-11-17T00:00,33.2,75,9.7,995.8
2025-11-17T01:00,32.7,74,9.8,996.1
2025-11-17T02:00,32.5,68,10.6,996.4
2025-11-17T03:00,31.4,70,9.8,996.8
2025-11-17T04:00,30.7,74,8.6,997.2
2025-11-17T05:00,30.9,74,8.7,997.7
2025-11-17T06:00,31.5,70,10.4,998.3
2025-11-17T07:00,31.5,67,10.6,998.9
2025-11-17T08:00,31.8,70,10.9,1000.1
2025-11-17T09:00,32.1,71,12.0,1001.1
2025-11-17T10:00,33.4,69,17.6,1002.1
2025-11-17T11:00,34.5,67,17.4,1002.7
2025-11-17T12:00,34.5,68,16.7,1003.2
2025-11-17T13:00,35.6,65,16.4,1003.3
2025-11-17T14:00,36.5,70,14.3,1004.2
2025-11-17T15:00,36.5,68,15.5,1004.8
2025-11-17T16:00,36.1,70,14.3,1005.8
2025-11-17T17:00,36.0,69,12.1,1006.5
2025-11-17T18:00,35.0,72,12.3,1007.6
2025-11-17T19:00,34.5,72,10.2,1008.5
2025-11-17T20:00,34.6,70,7.7,1008.9
2025-11-17T21:00,34.2,72,7.7,1009.4
2025-11-17T22:00,35.1,72,8.9,1010.3
2025-11-17T23:00,35.1,72,9.8,1010.9
2025-11-18T00:00,34.5,69,9.3,1011.4
2025-11-18T01:00,33.7,70,9.2,1011.9
2025-11-18T02:00,35.0,68,9.7,1012.4
2025-11-18T03:00,34.7,70,9.8,1013.4
2025-11-18T04:00,34.2,71,7.8,1014.0
2025-11-18T05:00,33.1,74,6.2,1014.3
2025-11-18T06:00,32.5,76,5.4,1014.8
2025-11-18T07:00,32.3,77,6.3,1015.5
2025-11-18T08:00,33.4,69,7.5,1016.5
2025-11-18T09:00,34.9,68,9.2,1017.5
2025-11-18T10:00,37.1,64,8.5,1017.9
2025-11-18T11:00,38.9,60,9.5,1018.0
2025-11-18T12:00,40.7,56,10.9,1017.9
2025-11-18T13:00,41.9,51,12.4,1017.6
2025-11-18T14:00,42.4,50,11.6,1017.3
2025-11-18T15:00,42.7,50,11.3,1017.1
2025-11-18T16:00,41.5,53,9.7,1017.3
2025-11-18T17:00,39.1,60,6.6,1017.9
2025-11-18T18:00,35.1,71,3.7,1018.7
2025-11-18T19:00,36.0,69,3.9,1018.8
2025-11-18T20:00,34.7,74,3.3,1019.0
2025-11-18T21:00,34.2,75,2.4,1019.0
2025-11-18T22:00,34.1,74,1.3,1019.4
2025-11-18T23:00,33.3,74,0.8,1019.4
2025-11-19T00:00,32.3,74,0.9,1019.4
2025-11-19T01:00,31.1,77,2.4,1019.6
2025-11-19T02:00,31.1,69,1.2,1019.5
2025-11-19T03:00,29.8,73,1.6,1019.8
2025-11-19T04:00,29.0,76,2.3,1020.0
2025-11-19T05:00,29.3,76,1.3,1019.6
2025-11-19T06:00,29.7,75,0.3,1019.8
2025-11-19T07:00,28.5,81,0.6,1020.5
2025-11-19T08:00,27.9,85,1.2,1021.2
2025-11-19T09:00,30.1,81,1.1,1021.6
2025-11-19T10:00,34.2,67,0.6,1022.1
2025-11-19T11:00,37.3,58,2.2,1022.1
2025-11-19T12:00,40.0,51,2.9,1021.6
2025-11-19T13:00,41.6,48,3.4,1020.8
2025-11-19T14:00,42.3,49,5.2,1020.5
2025-11-19T15:00,42.8,50,4.8,1020.5
2025-11-19T16:00,42.3,53,4.3,1020.9
2025-11-19T17:00,36.8,67,3.4,1021.2
2025-11-19T18:00,33.4,71,4.4,1021.8
2025-11-19T19:00,33.1,68,2.5,1022.1
2025-11-19T20:00,33.2,69,2.1,1022.7
2025-11-19T21:00,32.3,70,1.3,1022.8
2025-11-19T22:00,31.5,71,1.4,1022.8
2025-11-19T23:00,29.9,77,1.9,1023.2
2025-11-20T00:00,28.9,83,1.4,1023.5
2025-11-20T01:00,28.0,87,1.5,1023.4
2025-11-20T02:00,27.7,86,2.2,1023.2
2025-11-20T03:00,27.7,85,2.7,1023.2
2025-11-20T04:00,28.4,81,2.7,1023.0
2025-11-20T05:00,28.4,79,2.6,1023.2
2025-11-20T06:00,27.6,81,2.6,1023.4
2025-11-20T07:00,26.7,84,2.8,1023.5
2025-11-20T08:00,27.7,86,2.2,1023.8
2025-11-20T09:00,29.7,77,3.4,1024.1
2025-11-20T10:00,32.4,68,2.4,1024.3
2025-11-20T11:00,35.0,62,2.6,1024.3
2025-11-20T12:00,37.8,54,2.3,1023.3
2025-11-20T13:00,40.0,49,2.2,1021.8
2025-11-20T14:00,40.8,51,2.2,1021.1
2025-11-20T15:00,41.5,53,1.9,1020.7
2025-11-20T16:00,41.0,56,1.5,1020.7
2025-11-20T17:00,36.7,67,0.4,1020.2
2025-11-20T18:00,33.4,71,0.3,1019.8
2025-11-20T19:00,32.1,75,1.6,1020.3
2025-11-20T20:00,32.6,79,2.5,1020.0
2025-11-20T21:00,32.4,78,3.6,1019.7
2025-11-20T22:00,32.9,73,4.6,1019.6
2025-11-20T23:00,32.9,72,5.0,1019.7
2025-11-21T00:00,32.9,72,6.1,1019.5
2025-11-21T01:00,33.5,69,7.7,1018.9
2025-11-21T02:00,33.0,63,7.0,1018.1
2025-11-21T03:00,32.3,63,7.6,1017.6
2025-11-21T04:00,33.1,62,8.6,1017.0
2025-11-21T05:00,35.4,59,7.7,1016.6
2025-11-21T06:00,36.0,62,8.7,1016.2
2025-11-21T07:00,36.5,67,9.0,1016.0
2025-11-21T08:00,36.7,73,9.0,1016.0
2025-11-21T09:00,37.4,73,8.7,1016.1
2025-11-21T10:00,38.0,75,8.1,1016.2
2025-11-21T11:00,39.3,74,8.8,1014.9
2025-11-21T12:00,42.4,70,9.0,1013.1
2025-11-21T13:00,47.5,61,9.4,1011.9
2025-11-21T14:00,46.5,67,8.1,1012.0
2025-11-21T15:00,46.4,67,7.6,1011.7
2025-11-21T16:00,43.8,75,6.3,1011.5
2025-11-21T17:00,43.4,79,5.5,1011.1
2025-11-21T18:00,43.2,81,4.7,1011.1
2025-11-21T19:00,40.2,86,3.9,1011.6
2025-11-21T20:00,41.3,85,6.5,1011.4
2025-11-21T21:00,40.9,88,7.5,1011.2
2025-11-21T22:00,39.6,92,3.8,1011.4
2025-11-21T23:00,38.9,93,4.4,1011.4
2025-11-22T00:00,38.2,95,5.7,1011.2
2025-11-22T01:00,39.0,95,5.5,1010.7
2025-11-22T02:00,39.0,93,4.0,1010.3
2025-11-22T03:00,39.8,92,4.7,1010.2
2025-11-22T04:00,39.9,91,4.4,1009.9
2025-11-22T05:00,38.7,94,0.2,1009.9
2025-11-22T06:00,38.2,95,0.5,1010.1
2025-11-22T07:00,38.1,96,1.0,1009.9
2025-11-22T08:00,39.9,89,1.0,1009.7
2025-11-22T09:00,39.4,92,0.8,1010.3
2025-11-22T10:00,37.8,97,2.1,1010.5
2025-11-22T11:00,41.2,90,2.9,1010.5
2025-11-22T12:00,45.8,82,5.4,1010.4
2025-11-22T13:00,47.3,59,10.2,1010.0
2025-11-22T14:00,46.7,52,10.0,1009.6
2025-11-22T15:00,46.6,50,9.6,1009.8
2025-11-22T16:00,45.7,48,7.9,1010.5
2025-11-22T17:00,42.4,52,6.7,1011.3
2025-11-22T18:00,37.5,60,5.3,1012.5
2025-11-22T19:00,35.5,64,5.2,1013.3
2025-11-22T20:00,33.7,67,4.5,1013.9
2025-11-22T21:00,32.2,71,4.1,1014.7
2025-11-22T22:00,30.3,74,2.7,1015.3
2025-11-22T23:00,30.9,70,0.9,1015.6
2025-11-23T00:00,31.1,69,0.7,1015.0
2025-11-23T01:00,31.2,70,0.7,1014.8
2025-11-23T02:00,30.6,71,1.0,1014.7
2025-11-23T03:00,30.7,71,0.5,1015.0
2025-11-23T04:00,29.5,74,0.6,1014.9
2025-11-23T05:00,28.0,78,2.8,1015.2
2025-11-23T06:00,28.8,77,4.2,1015.2
2025-11-23T07:00,29.3,76,7.0,1013.9
2025-11-23T08:00,31.1,70,7.1,1014.0
2025-11-23T09:00,32.2,67,7.6,1014.2
2025-11-23T10:00,34.0,63,7.9,1013.9
2025-11-23T11:00,36.4,57,8.2,1013.1
2025-11-23T12:00,37.1,55,7.0,1012.2
2025-11-23T13:00,37.5,58,7.7,1010.8
2025-11-23T14:00,37.6,68,5.7,1010.2
2025-11-23T15:00,39.9,60,6.4,1009.8
2025-11-23T16:00,39.6,63,6.2,1010.1
2025-11-23T17:00,38.3,69,5.9,1010.3
2025-11-23T18:00,37.3,74,6.2,1010.8
2025-11-23T19:00,37.4,76,5.5,1010.8
2025-11-23T20:00,34.3,87,3.5,1011.5
2025-11-23T21:00,33.6,90,2.7,1011.9
2025-11-23T22:00,33.3,92,2.7,1012.2
2025-11-23T23:00,33.7,93,3.9,1012.4
2025-11-24T00:00,35.1,92,3.8,1012.8
2025-11-24T01:00,36.8,88,4.3,1013.0
2025-11-24T02:00,35.8,87,3.8,1012.7
2025-11-24T03:00,37.8,88,7.0,1013.5
2025-11-24T04:00,36.3,95,7.7,1014.1
2025-11-24T05:00,35.4,95,6.2,1014.7
2025-11-24T06:00,35.5,94,5.7,1015.6
2025-11-24T07:00,35.4,94,7.1,1016.5
2025-11-24T08:00,36.6,91,7.8,1018.4
2025-11-24T09:00,37.3,91,5.7,1019.5
2025-11-24T10:00,40.0,85,7.4,1020.5
2025-11-24T11:00,42.3,77,9.6,1021.2
2025-11-24T12:00,43.1,74,9.9,1021.2
2025-11-24T13:00,43.4,68,9.8,1021.0
2025-11-24T14:00,44.6,65,9.0,1020.7
2025-11-24T15:00,44.7,64,7.0,1020.8
2025-11-24T16:00,44.4,63,6.4,1021.7
2025-11-24T17:00,41.5,72,3.8,1022.2
2025-11-24T18:00,37.4,79,4.0,1023.0
2025-11-24T19:00,36.6,78,2.4,1022.9
2025-11-24T20:00,37.2,73,1.3,1022.6
2025-11-24T21:00,36.0,75,1.9,1022.8
2025-11-24T22:00,35.1,80,3.3,1022.9
2025-11-24T23:00,34.6,83,4.5,1023.0
2025-11-25T00:00,34.8,81,5.1,1022.2
2025-11-25T01:00,35.2,78,6.4,1022.0
2025-11-25T02:00,35.4,75,7.1,1022.2
2025-11-25T03:00,35.8,73,8.1,1022.3
2025-11-25T04:00,37.2,68,9.3,1021.4
2025-11-25T05:00,37.8,68,9.4,1021.5
2025-11-25T06:00,38.3,67,9.8,1021.3
2025-11-25T07:00,39.0,65,10.1,1020.7
2025-11-25T08:00,39.8,66,10.2,1021.0
2025-11-25T09:00,40.7,63,11.1,1020.6
2025-11-25T10:00,43.0,58,12.3,1020.5
2025-11-25T11:00,45.0,57,13.2,1020.4
2025-11-25T12:00,46.0,58,12.0,1019.9
2025-11-25T13:00,47.2,58,11.1,1018.5
2025-11-25T14:00,48.6,60,12.6,1017.3
2025-11-25T15:00,48.9,62,13.1,1016.9
2025-11-25T16:00,48.6,64,12.8,1016.8
2025-11-25T17:00,48.0,67,13.2,1016.0
2025-11-25T18:00,45.9,75,13.4,1015.6
2025-11-25T19:00,43.4,91,14.0,1015.2
2025-11-25T20:00,44.9,94,13.2,1014.6
2025-11-25T21:00,46.0,96,12.6,1013.8
2025-11-25T22:00,47.3,97,14.1,1012.6
2025-11-25T23:00,48.5,97,14.3,1011.5
2025-11-26T00:00,49.2,98,14.5,1010.5
2025-11-26T01:00,50.3,98,15.1,1009.6
2025-11-26T02:00,51.5,98,11.0,1008.8
2025-11-26T03:00,51.3,98,9.8,1008.4
2025-11-26T04:00,51.3,98,9.3,1008.2
2025-11-26T05:00,50.8,99,9.1,1007.8
2025-11-26T06:00,50.5,99,8.9,1007.7
2025-11-26T07:00,50.0,99,7.7,1007.4
2025-11-26T08:00,49.8,99,9.2,1007.3
2025-11-26T09:00,50.5,99,9.1,1006.8
2025-11-26T10:00,52.0,97,10.0,1006.5
2025-11-26T11:00,51.9,98,10.0,1006.4
2025-11-26T12:00,53.4,95,8.6,1005.5
2025-11-26T13:00,56.6,87,8.3,1004.3
2025-11-26T14:00,57.2,85,7.3,1003.5
2025-11-26T15:00,59.1,80,7.1,1002.6
2025-11-26T16:00,58.3,82,6.1,1002.1
2025-11-26T17:00,56.4,87,6.0,1001.8
2025-11-26T18:00,55.4,90,10.4,1001.2
2025-11-26T19:00,54.5,91,11.7,1000.9
2025-11-26T20:00,54.9,89,12.1,1001.1
2025-11-26T21:00,52.2,90,9.3,1002.1
2025-11-26T22:00,46.8,90,12.8,1004.1
2025-11-26T23:00,44.1,84,9.8,1004.7
2025-11-27T00:00,43.1,77,9.5,1005.4
2025-11-27T01:00,42.7,73,7.4,1005.6
2025-11-27T02:00,41.4,69,7.7,1005.7
2025-11-27T03:00,42.3,68,6.4,1006.5
2025-11-27T04:00,41.5,66,7.9,1007.0
2025-11-27T05:00,39.3,64,8.1,1007.4
2025-11-27T06:00,37.9,58,7.0,1007.8
2025-11-27T07:00,36.8,57,6.5,1008.0
2025-11-27T08:00,35.4,64,4.3,1008.0
2025-11-27T09:00,37.2,61,6.7,1008.7
2025-11-27T10:00,39.9,51,8.1,1009.3
2025-11-27T11:00,41.8,44,12.9,1009.2
2025-11-27T12:00,41.6,43,14.1,1008.9
2025-11-27T13:00,42.5,43,14.9,1008.0
2025-11-27T14:00,41.5,46,12.0,1008.1
2025-11-27T15:00,42.0,46,12.0,1007.7
2025-11-27T16:00,41.5,47,10.4,1008.1
2025-11-27T17:00,40.8,47,7.6,1008.1
2025-11-27T18:00,39.7,48,7.3,1008.2
2025-11-27T19:00,38.7,50,7.9,1008.3
2025-11-27T20:00,37.7,53,6.9,1008.1
2025-11-27T21:00,36.0,59,5.7,1007.7
2025-11-27T22:00,35.1,62,6.4,1007.8
2025-11-27T23:00,34.1,64,5.9,1007.6
2025-11-28T00:00,33.0,67,5.2,1007.4
2025-11-28T01:00,32.1,71,5.5,1007.0
2025-11-28T02:00,32.7,69,6.7,1006.3
2025-11-28T03:00,32.4,70,6.7,1006.4
2025-11-28T04:00,31.6,72,5.8,1006.4
2025-11-28T05:00,30.7,75,5.4,1005.9
2025-11-28T06:00,30.8,75,5.7,1005.9
2025-11-28T07:00,31.1,74,5.7,1005.9
2025-11-28T08:00,32.4,65,7.7,1005.4
2025-11-28T09:00,33.2,74,8.6,1005.9
2025-11-28T10:00,36.1,58,10.7,1006.0
2025-11-28T11:00,36.8,56,12.7,1006.6
2025-11-28T12:00,37.6,53,13.9,1006.8
2025-11-28T13:00,36.9,60,16.2,1007.0
2025-11-28T14:00,37.5,59,12.8,1006.8
2025-11-28T15:00,37.7,57,14.2,1007.5
2025-11-28T16:00,36.3,54,14.3,1008.7
2025-11-28T17:00,35.1,61,13.4,1009.9
2025-11-28T18:00,33.5,66,12.2,1011.2
2025-11-28T19:00,31.8,82,8.5,1012.3
2025-11-28T20:00,32.1,83,8.2,1012.8
2025-11-28T21:00,32.5,81,10.5,1013.5
2025-11-28T22:00,32.0,81,9.1,1014.5
2025-11-28T23:00,31.1,79,8.9,1015.5
2025-11-29T00:00,30.2,79,9.6,1016.5
2025-11-29T01:00,29.8,79,9.4,1017.6
2025-11-29T02:00,30.7,77,9.4,1018.1
2025-11-29T03:00,29.9,78,9.9,1019.5
2025-11-29T04:00,29.2,80,9.8,1020.7
2025-11-29T05:00,28.5,82,7.8,1021.5
2025-11-29T06:00,27.8,83,7.0,1022.5
2025-11-29T07:00,27.4,84,6.5,1023.7
2025-11-29T08:00,27.6,80,6.1,1024.4
2025-11-29T09:00,27.4,82,6.5,1025.4
2025-11-29T10:00,29.4,80,7.0,1026.4
2025-11-29T11:00,31.2,79,8.2,1027.1
2025-11-29T12:00,31.8,77,10.2,1027.9
2025-11-29T13:00,31.8,76,10.7,1028.3
2025-11-29T14:00,33.9,75,9.9,1028.4
2025-11-29T15:00,33.1,76,8.1,1028.7
2025-11-29T16:00,32.1,76,6.4,1029.2
2025-11-29T17:00,29.2,79,4.7,1029.5
2025-11-29T18:00,24.9,82,3.9,1030.1
2025-11-29T19:00,24.4,83,1.8,1031.2
2025-11-29T20:00,24.6,74,2.6,1031.3
2025-11-29T21:00,25.9,70,0.7,1031.6
2025-11-29T22:00,26.0,71,1.2,1031.2
2025-11-29T23:00,26.5,74,2.6,1031.0
2025-11-30T00:00,29.3,76,2.9,1030.6
2025-11-30T01:00,28.4,78,3.2,1029.9
2025-11-30T02:00,28.8,78,4.1,1029.4
2025-11-30T03:00,29.7,75,4.8,1029.0
2025-11-30T04:00,30.7,71,6.7,1028.9
2025-11-30T05:00,31.5,68,8.0,1028.3
2025-11-30T06:00,31.8,68,9.6,1026.8
2025-11-30T07:00,32.3,68,10.8,1025.7
2025-11-30T08:00,33.0,67,12.0,1025.0
2025-11-30T09:00,33.3,68,12.1,1024.1
2025-11-30T10:00,35.0,69,15.3,1022.9
2025-11-30T11:00,36.9,72,15.1,1021.6
2025-11-30T12:00,37.7,76,16.6,1019.8
2025-11-30T13:00,37.8,81,16.7,1018.3
2025-11-30T14:00,37.7,86,17.1,1017.1
2025-11-30T15:00,37.6,88,18.3,1015.7
2025-11-30T16:00,37.6,90,17.2,1015.3
2025-11-30T17:00,37.2,90,15.2,1015.1
2025-11-30T18:00,36.9,92,14.7,1014.8
2025-11-30T19:00,36.9,91,13.3,1014.4
2025-11-30T20:00,37.0,94,13.4,1014.4
2025-11-30T21:00,36.7,95,11.9,1014.8
2025-11-30T22:00,35.9,98,11.1,1014.6
2025-11-30T23:00,35.4,98,10.4,1014.5
2025-12-01T00:00,34.6,98,5.7,1015.5
2025-12-01T01:00,35.0,91,6.1,1015.9
2025-12-01T02:00,34.6,78,6.9,1016.1
2025-12-01T03:00,31.5,79,4.1,1017.0
2025-12-01T04:00,34.2,73,6.4,1017.8
2025-12-01T05:00,35.5,79,10.8,1018.9
2025-12-01T06:00,33.4,84,10.3,1020.4
2025-12-01T07:00,32.4,85,8.6,1021.7
2025-12-01T08:00,33.1,70,9.5,1022.6
2025-12-01T09:00,32.6,69,10.1,1024.1
2025-12-01T10:00,33.2,62,12.7,1025.3
2025-12-01T11:00,33.2,59,11.3,1026.0
2025-12-01T12:00,33.4,57,10.2,1025.9
2025-12-01T13:00,33.1,56,10.9,1025.7
2025-12-01T14:00,34.8,50,10.1,1025.0
2025-12-01T15:00,34.0,50,9.7,1024.9
2025-12-01T16:00,31.7,54,8.8,1025.2
2025-12-01T17:00,29.2,62,7.2,1025.7
2025-12-01T18:00,27.6,69,6.4,1026.4
2025-12-01T19:00,26.5,74,5.0,1026.2
2025-12-01T20:00,25.2,72,1.9,1026.2
2025-12-01T21:00,25.2,72,0.8,1025.7
2025-12-01T22:00,24.7,73,0.3,1025.1
2025-12-01T23:00,23.7,77,0.6,1024.5
2025-12-02T00:00,22.5,82,1.6,1023.8
2025-12-02T01:00,23.8,77,1.6,1023.4
2025-12-02T02:00,23.7,77,2.6,1023.0
2025-12-02T03:00,24.5,74,3.2,1022.2
2025-12-02T04:00,25.7,70,3.8,1021.4
2025-12-02T05:00,27.1,67,5.3,1019.7
2025-12-02T06:00,27.9,68,4.3,1018.9
2025-12-02T07:00,27.9,70,4.5,1018.8
2025-12-02T08:00,27.9,76,2.4,1017.7
2025-12-02T09:00,27.8,86,0.8,1016.7
2025-12-02T10:00,28.3,90,1.9,1016.3
2025-12-02T11:00,30.0,89,1.5,1015.5
2025-12-02T12:00,30.5,92,4.0,1014.0
2025-12-02T13:00,32.4,91,1.1,1012.5
2025-12-02T14:00,31.5,93,3.4,1011.0
2025-12-02T15:00,30.8,95,4.7,1009.8
2025-12-02T16:00,30.1,95,5.6,1008.8
2025-12-02T17:00,29.1,96,7.7,1008.0
2025-12-02T18:00,28.4,96,8.4,1007.2
2025-12-02T19:00,28.8,95,9.2,1006.5
2025-12-02T20:00,29.2,96,10.0,1005.9
2025-12-02T21:00,29.4,94,11.1,1006.2
2025-12-02T22:00,29.2,93,11.4,1006.3
2025-12-02T23:00,29.1,92,11.9,1006.7
2025-12-03T00:00,29.1,92,10.9,1007.3
2025-12-03T01:00,28.9,92,9.8,1007.9
2025-12-03T02:00,29.0,90,9.7,1008.8
2025-12-03T03:00,28.8,88,9.4,1009.8
2025-12-03T04:00,26.7,88,7.4,1011.0
2025-12-03T05:00,25.8,90,6.3,1011.8
2025-12-03T06:00,24.3,92,5.3,1012.6
2025-12-03T07:00,22.5,93,3.9,1013.1
2025-12-03T08:00,22.2,93,2.9,1014.5
2025-12-03T09:00,21.3,91,4.3,1015.4
2025-12-03T10:00,21.6,86,4.0,1016.5
2025-12-03T11:00,22.6,83,3.4,1017.2
2025-12-03T12:00,23.8,78,3.1,1016.9
2025-12-03T13:00,24.7,74,2.7,1016.5
2025-12-03T14:00,26.5,74,2.3,1015.8
2025-12-03T15:00,27.2,70,2.1,1015.7
2025-12-03T16:00,25.5,66,2.1,1015.5
2025-12-03T17:00,23.2,70,4.1,1015.1
2025-12-03T18:00,20.7,79,4.5,1015.1
2025-12-03T19:00,19.8,79,6.1,1015.6
2025-12-03T20:00,21.5,76,7.5,1015.7
2025-12-03T21:00,24.4,74,7.8,1015.4
2025-12-03T22:00,25.5,75,8.8,1014.9
2025-12-03T23:00,26.4,78,8.6,1014.7
2025-12-04T00:00,26.3,80,8.7,1014.2
2025-12-04T01:00,27.9,81,8.3,1014.0
2025-12-04T02:00,27.3,82,8.4,1013.8
2025-12-04T03:00,28.2,83,7.6,1013.4
2025-12-04T04:00,29.3,84,7.0,1012.8
2025-12-04T05:00,29.7,85,6.5,1012.4
2025-12-04T06:00,30.0,86,6.8,1012.3
2025-12-04T07:00,30.6,85,6.6,1012.3
2025-12-04T08:00,29.3,84,5.7,1012.1
2025-12-04T09:00,31.1,82,6.2,1011.7
2025-12-04T10:00,33.0,79,7.4,1012.0
2025-12-04T11:00,34.6,74,7.4,1011.9
2025-12-04T12:00,35.7,69,10.3,1012.2
2025-12-04T13:00,33.2,76,13.8,1012.4
2025-12-04T14:00,33.2,73,12.4,1012.4
2025-12-04T15:00,31.0,71,15.6,1013.4
2025-12-04T16:00,28.0,69,17.7,1015.4
2025-12-04T17:00,24.6,63,15.0,1017.4
2025-12-04T18:00,20.8,62,12.0,1019.6
2025-12-04T19:00,18.9,67,9.9,1021.1
2025-12-04T20:00,18.6,61,11.3,1022.1
2025-12-04T21:00,16.8,59,11.2,1023.1
2025-12-04T22:00,13.8,58,10.2,1024.3
2025-12-04T23:00,10.8,62,8.3,1025.0
2025-12-05T00:00,7.7,69,5.1,1025.6
2025-12-05T01:00,4.5,74,4.1,1025.9
2025-12-05T02:00,5.8,70,6.0,1025.6
2025-12-05T03:00,6.4,64,6.5,1025.6
2025-12-05T04:00,5.4,61,3.7,1026.3
2025-12-05T05:00,3.8,60,1.3,1026.5
2025-12-05T06:00,2.5,65,1.5,1026.5
2025-12-05T07:00,3.5,67,2.7,1026.5
2025-12-05T08:00,1.4,79,4.9,1026.7
2025-12-05T09:00,2.8,76,3.9,1026.5
2025-12-05T10:00,7.5,68,2.1,1025.9
2025-12-05T11:00,11.7,46,2.7,1025.3
2025-12-05T12:00,14.2,47,3.9,1023.9
2025-12-05T13:00,16.4,46,6.0,1021.9
2025-12-05T14:00,19.0,45,7.0,1020.5
2025-12-05T15:00,20.3,47,8.1,1019.5
2025-12-05T16:00,20.3,51,9.6,1018.8
2025-12-05T17:00,20.0,59,10.0,1018.0
2025-12-05T18:00,19.9,62,10.7,1017.3
2025-12-05T19:00,19.4,62,11.0,1016.8
2025-12-05T20:00,21.4,63,10.3,1016.4
2025-12-05T21:00,22.7,67,9.8,1015.9
2025-12-05T22:00,23.3,70,9.5,1015.9
2025-12-05T23:00,23.5,74,9.1,1015.1
2025-12-06T00:00,24.3,77,8.9,1014.7
2025-12-06T01:00,25.0,81,8.6,1013.7
2025-12-06T02:00,24.9,81,8.3,1012.9
2025-12-06T03:00,25.0,83,7.9,1012.6
2025-12-06T04:00,25.2,86,7.5,1012.2
2025-12-06T05:00,25.2,88,7.8,1011.8
2025-12-06T06:00,25.7,89,8.5,1011.5
2025-12-06T07:00,26.7,89,8.1,1010.9
2025-12-06T08:00,26.7,91,7.7,1010.9
2025-12-06T09:00,26.7,92,7.7,1011.1
2025-12-06T10:00,27.6,90,8.1,1011.0
2025-12-06T11:00,29.6,87,8.1,1011.0
2025-12-06T12:00,31.5,84,6.9,1010.2
2025-12-06T13:00,33.0,82,5.4,1009.3
2025-12-06T14:00,34.4,78,4.5,1008.8
2025-12-06T15:00,34.3,76,3.6,1008.3
2025-12-06T16:00,32.2,80,3.4,1008.4
2025-12-06T17:00,28.1,85,4.0,1009.0
2025-12-06T18:00,30.1,85,4.8,1009.7
2025-12-06T19:00,30.9,86,4.7,1010.4
2025-12-06T20:00,31.2,82,2.5,1011.0
2025-12-06T21:00,30.1,83,3.0,1011.3
2025-12-06T22:00,28.9,82,2.5,1012.0
2025-12-06T23:00,28.3,82,1.7,1012.3
2025-12-07T00:00,28.8,82,2.6,1013.0
2025-12-07T01:00,31.2,80,3.3,1013.4
2025-12-07T02:00,32.4,79,4.8,1013.4
2025-12-07T03:00,30.6,83,4.8,1014.5
2025-12-07T04:00,30.6,85,4.5,1015.4
2025-12-07T05:00,30.2,86,4.7,1015.4
2025-12-07T06:00,29.8,86,4.9,1015.1
2025-12-07T07:00,31.2,87,5.0,1015.2
2025-12-07T08:00,31.6,79,1.6,1015.7
2025-12-07T09:00,29.1,81,1.6,1016.2
2025-12-07T10:00,30.6,82,1.9,1016.7
2025-12-07T11:00,33.4,78,2.4,1017.2
2025-12-07T12:00,34.2,75,4.0,1016.8
2025-12-07T13:00,34.9,73,6.6,1015.5
2025-12-07T14:00,35.5,69,5.8,1014.6
2025-12-07T15:00,35.4,66,5.1,1014.1
2025-12-07T16:00,35.0,68,6.9,1013.8
2025-12-07T17:00,34.7,71,8.1,1013.3
2025-12-07T18:00,33.7,74,9.4,1013.0
2025-12-07T19:00,33.4,80,7.3,1013.0
2025-12-07T20:00,32.7,79,5.8,1013.1
2025-12-07T21:00,32.5,80,5.8,1012.8
2025-12-07T22:00,31.6,82,6.1,1013.0
2025-12-07T23:00,31.7,83,10.7,1014.0
2025-12-08T00:00,30.6,81,10.6,1015.3
2025-12-08T01:00,27.7,79,9.4,1016.2
2025-12-08T02:00,25.4,73,9.9,1016.8
2025-12-08T03:00,22.5,73,7.4,1017.8
2025-12-08T04:00,20.3,74,7.4,1018.7
2025-12-08T05:00,18.9,75,6.9,1019.3
2025-12-08T06:00,17.9,74,9.1,1020.3
2025-12-08T07:00,16.2,71,9.4,1021.8
2025-12-08T08:00,15.3,72,9.0,1023.3
2025-12-08T09:00,14.0,73,8.0,1024.5
2025-12-08T10:00,14.5,69,7.4,1025.5
2025-12-08T11:00,14.8,61,7.9,1026.3
2025-12-08T12:00,15.5,59,6.9,1026.2
2025-12-08T13:00,16.2,57,6.8,1025.5
2025-12-08T14:00,19.8,49,5.2,1024.3
2025-12-08T15:00,19.3,53,3.2,1024.2
2025-12-08T16:00,18.5,58,3.5,1024.6
2025-12-08T17:00,14.7,67,2.7,1024.9
2025-12-08T18:00,13.0,67,1.3,1025.0
2025-12-08T19:00,12.1,67,0.2,1025.5
2025-12-08T20:00,11.6,60,2.3,1026.0
2025-12-08T21:00,9.8,64,3.2,1026.0
2025-12-08T22:00,8.7,67,3.0,1025.9
2025-12-08T23:00,8.5,70,3.4,1025.5
2025-12-09T00:00,8.3,71,3.6,1025.3
2025-12-09T01:00,7.8,73,3.4,1024.8
2025-12-09T02:00,6.9,75,2.6,1024.5
2025-12-09T03:00,5.6,76,1.7,1024.6
2025-12-09T04:00,5.0,77,1.7,1024.5
2025-12-09T05:00,4.5,77,2.1,1024.0
2025-12-09T06:00,4.5,74,2.9,1023.5
2025-12-09T07:00,5.2,69,1.7,1023.3
2025-12-09T08:00,5.7,75,0.6,1023.8
2025-12-09T09:00,5.2,77,0.7,1023.5
2025-12-09T10:00,10.0,71,0.3,1023.2
2025-12-09T11:00,13.5,66,2.4,1022.8
2025-12-09T12:00,16.6,64,2.9,1021.4
2025-12-09T13:00,19.3,63,4.4,1019.8
2025-12-09T14:00,21.6,61,6.2,1018.6
2025-12-09T15:00,22.1,60,5.8,1017.2
2025-12-09T16:00,22.5,60,8.4,1015.9
2025-12-09T17:00,22.3,58,11.1,1014.7
2025-12-09T18:00,22.2,58,12.4,1013.4
2025-12-09T19:00,23.7,57,13.5,1012.7
2025-12-09T20:00,24.3,53,14.9,1012.0
2025-12-09T21:00,24.4,56,13.8,1011.5
2025-12-09T22:00,25.0,59,14.1,1010.4
2025-12-09T23:00,25.8,64,14.2,1009.9
2025-12-10T00:00,26.4,67,14.6,1009.2
2025-12-10T01:00,26.9,69,14.9,1008.4
2025-12-10T02:00,27.6,69,14.5,1007.3
2025-12-10T03:00,27.5,72,13.5,1007.2
2025-12-10T04:00,28.0,74,13.5,1006.8
2025-12-10T05:00,28.5,76,12.7,1005.9
2025-12-10T06:00,28.7,77,12.2,1005.2
2025-12-10T07:00,28.8,78,11.7,1004.6
2025-12-10T08:00,28.8,78,11.5,1004.1
2025-12-10T09:00,29.3,79,12.2,1002.8
2025-12-10T10:00,30.2,80,13.1,1001.4
2025-12-10T11:00,30.7,81,15.4,999.5
2025-12-10T12:00,32.0,81,17.4,998.6
2025-12-10T13:00,32.9,84,14.4,996.9
2025-12-10T14:00,33.6,83,13.1,995.5
2025-12-10T15:00,34.3,84,14.6,994.3
2025-12-10T16:00,34.7,88,14.0,993.8
2025-12-10T17:00,35.0,89,15.1,992.9
2025-12-10T18:00,35.2,91,14.7,992.1
2025-12-10T19:00,35.3,93,13.9,992.0
2025-12-10T20:00,35.3,93,14.4,991.9
2025-12-10T21:00,35.4,94,13.3,991.6
2025-12-10T22:00,35.5,94,12.4,990.7
2025-12-10T23:00,35.5,94,12.0,990.2
2025-12-11T00:00,35.1,95,12.2,990.1
2025-12-11T01:00,34.5,95,11.6,990.1
2025-12-11T02:00,33.8,92,5.6,990.5
2025-12-11T03:00,34.7,87,9.9,992.0
2025-12-11T04:00,32.7,88,10.4,993.9
2025-12-11T05:00,31.1,89,9.0,994.9
2025-12-11T06:00,29.5,86,12.0,996.1
2025-12-11T07:00,27.0,84,10.8,997.9
2025-12-11T08:00,25.0,80,11.9,999.5
2025-12-11T09:00,23.8,80,9.6,1000.7
2025-12-11T10:00,24.3,76,11.3,1001.5
2025-12-11T11:00,24.0,68,11.6,1001.9
2025-12-11T12:00,23.8,68,13.4,1001.7
2025-12-11T13:00,23.8,68,13.7,1001.2
2025-12-11T14:00,25.3,63,14.1,1001.1
2025-12-11T15:00,23.3,65,12.4,1001.9
2025-12-11T16:00,22.5,67,12.0,1002.7
2025-12-11T17:00,21.0,68,11.3,1003.2
2025-12-11T18:00,20.5,70,9.4,1004.0
2025-12-11T19:00,20.8,70,7.3,1004.1
2025-12-11T20:00,20.6,67,5.6,1004.1
2025-12-11T21:00,22.1,71,6.3,1004.8
2025-12-11T22:00,21.5,74,7.3,1005.4
2025-12-11T23:00,20.5,74,7.3,1006.5
2025-12-12T00:00,20.3,75,7.9,1007.3
2025-12-12T01:00,19.4,75,9.6,1008.1
2025-12-12T02:00,18.9,74,8.6,1008.3
2025-12-12T03:00,17.7,75,8.8,1009.0
2025-12-12T04:00,17.2,75,8.2,1009.6
2025-12-12T05:00,17.7,76,7.6,1009.8
2025-12-12T06:00,18.0,77,6.8,1009.9
2025-12-12T07:00,18.9,79,6.1,1009.8
2025-12-12T08:00,17.1,75,5.6,1010.9
2025-12-12T09:00,19.4,76,7.3,1011.4
2025-12-12T10:00,22.5,74,8.9,1011.8
2025-12-12T11:00,25.2,74,6.0,1012.0
2025-12-12T12:00,27.0,73,10.0,1011.8
2025-12-12T13:00,28.2,74,9.9,1011.5
2025-12-12T14:00,30.7,72,14.3,1011.5
2025-12-12T15:00,30.5,74,11.7,1012.2
2025-12-12T16:00,30.0,74,9.8,1013.3
2025-12-12T17:00,29.0,77,7.4,1014.1
2025-12-12T18:00,28.7,78,6.4,1014.8
2025-12-12T19:00,28.5,79,6.3,1014.9
2025-12-12T20:00,30.2,74,6.2,1015.0
2025-12-12T21:00,30.3,75,5.5,1015.5
2025-12-12T22:00,30.3,75,5.3,1015.8
2025-12-12T23:00,29.7,76,5.0,1016.1
2025-12-13T00:00,29.1,78,3.7,1016.6
2025-12-13T01:00,26.3,79,3.6,1016.7
2025-12-13T02:00,25.2,78,4.5,1016.7
2025-12-13T03:00,22.1,79,2.8,1017.0
2025-12-13T04:00,20.7,80,2.1,1017.0
2025-12-13T05:00,20.9,82,4.6,1016.9
2025-12-13T06:00,21.0,85,7.5,1016.4
2025-12-13T07:00,20.7,85,7.9,1017.0
2025-12-13T08:00,20.8,83,6.8,1016.7
2025-12-13T09:00,21.4,82,8.0,1016.5
2025-12-13T10:00,22.7,80,8.4,1016.6
2025-12-13T11:00,24.8,77,9.8,1016.3
2025-12-13T12:00,26.2,78,9.4,1015.1
2025-12-13T13:00,28.5,77,8.7,1013.9
2025-12-13T14:00,29.4,75,9.8,1013.4
2025-12-13T15:00,29.0,77,10.0,1012.7
2025-12-13T16:00,29.6,77,10.0,1012.4
2025-12-13T17:00,29.9,80,8.9,1013.1
2025-12-13T18:00,29.7,83,7.9,1013.5
2025-12-13T19:00,29.2,85,7.9,1013.4
2025-12-13T20:00,30.0,80,7.9,1013.3
2025-12-13T21:00,30.5,82,6.0,1013.5
2025-12-13T22:00,30.6,85,3.1,1013.5
2025-12-13T23:00,30.6,87,2.9,1013.2
2025-12-14T00:00,30.3,90,2.6,1013.4
2025-12-14T01:00,30.1,93,2.1,1013.0
2025-12-14T02:00,29.8,94,4.4,1013.3
2025-12-14T03:00,29.6,90,4.3,1013.5
2025-12-14T04:00,28.3,89,3.3,1013.7
2025-12-14T05:00,27.8,89,4.1,1013.3
2025-12-14T06:00,27.0,87,4.6,1013.0
2025-12-14T07:00,25.8,87,5.2,1013.6
2025-12-14T08:00,25.2,80,4.8,1013.7
2025-12-14T09:00,24.6,80,5.2,1014.5
2025-12-14T10:00,24.9,79,5.1,1014.9
2025-12-14T11:00,24.3,79,7.7,1015.3
2025-12-14T12:00,24.2,82,8.1,1015.0
2025-12-14T13:00,24.1,82,8.5,1014.3
2025-12-14T14:00,24.9,81,8.5,1013.8
2025-12-14T15:00,25.1,75,9.4,1013.4
2025-12-14T16:00,23.4,76,10.7,1013.7
2025-12-14T17:00,20.7,79,12.0,1014.4
2025-12-14T18:00,19.0,81,11.4,1015.1
2025-12-14T19:00,18.2,80,10.2,1015.9
2025-12-14T20:00,18.5,72,10.5,1017.0
2025-12-14T21:00,16.7,70,10.5,1017.4
2025-12-14T22:00,15.1,71,10.1,1017.8
2025-12-14T23:00,13.5,70,10.2,1018.4
2025-12-15T00:00,12.0,67,9.1,1018.6
2025-12-15T01:00,10.5,69,8.6,1019.0
2025-12-15T02:00,10.7,68,9.2,1018.9
2025-12-15T03:00,9.6,72,8.0,1019.5
2025-12-15T04:00,8.5,74,8.8,1020.4
2025-12-15T05:00,8.3,74,9.1,1021.3
2025-12-15T06:00,7.8,75,7.6,1021.8
2025-12-15T07:00,7.2,75,6.0,1022.4
2025-12-15T08:00,8.2,72,7.4,1022.7
2025-12-15T09:00,8.5,73,7.8,1023.1
2025-12-15T10:00,10.4,72,5.1,1023.1
2025-12-15T11:00,12.8,68,2.6,1023.2
2025-12-15T12:00,15.5,66,4.0,1022.3
2025-12-15T13:00,17.5,67,4.6,1021.0
2025-12-15T14:00,21.2,61,4.8,1020.0
2025-12-15T15:00,22.5,64,5.3,1019.4
2025-12-15T16:00,23.0,68,6.9,1019.2
2025-12-15T17:00,22.1,73,7.7,1019.3
2025-12-15T18:00,20.8,80,4.6,1018.9
2025-12-15T19:00,21.0,82,2.6,1018.6
2025-12-15T20:00,20.4,72,0.5,1018.7
2025-12-15T21:00,18.9,75,2.1,1018.8
2025-12-15T22:00,18.5,77,5.0,1018.9
2025-12-15T23:00,19.0,79,7.4,1018.7
2025-12-16T00:00,18.1,78,7.3,1018.7
2025-12-16T01:00,17.5,79,7.1,1018.7
2025-12-16T02:00,19.6,77,7.5,1018.3
2025-12-16T03:00,20.1,80,7.4,1018.6
2025-12-16T04:00,20.3,83,6.6,1019.0
2025-12-16T05:00,21.0,85,5.8,1019.0
2025-12-16T06:00,20.8,84,5.2,1019.4
2025-12-16T07:00,19.4,85,4.9,1020.0
2025-12-16T08:00,18.0,78,4.3,1020.9
2025-12-16T09:00,18.8,80,5.8,1020.7
2025-12-16T10:00,20.7,79,4.7,1021.0
2025-12-16T11:00,22.4,78,2.7,1022.1
2025-12-16T12:00,24.6,71,2.5,1021.4
2025-12-16T13:00,26.4,65,1.7,1020.3
2025-12-16T14:00,29.4,54,1.9,1019.1
2025-12-16T15:00,28.8,61,1.8,1018.1
2025-12-16T16:00,27.9,63,2.8,1017.8
2025-12-16T17:00,25.2,66,4.0,1017.8
2025-12-16T18:00,24.3,69,6.5,1017.7
2025-12-16T19:00,24.9,67,8.5,1017.5
2025-12-16T20:00,25.3,65,9.6,1017.3
2025-12-16T21:00,26.5,66,10.5,1016.1
2025-12-16T22:00,26.4,68,10.6,1016.5
2025-12-16T23:00,25.6,71,10.7,1016.5
2025-12-17T00:00,24.2,74,10.7,1015.8
2025-12-17T01:00,23.4,76,10.9,1015.3
2025-12-17T02:00,23.4,74,11.4,1014.4
2025-12-17T03:00,23.8,73,12.0,1013.5
2025-12-17T04:00,24.0,72,11.5,1012.9
2025-12-17T05:00,24.1,71,11.2,1012.0
2025-12-17T06:00,24.3,72,12.4,1011.7
2025-12-17T07:00,24.4,73,12.9,1010.8
2025-12-17T08:00,25.3,74,12.2,1010.3
2025-12-17T09:00,26.6,74,13.2,1010.0
2025-12-17T10:00,29.2,73,13.1,1009.5
2025-12-17T11:00,32.4,72,12.2,1008.6
2025-12-17T12:00,34.7,71,11.5,1007.7
2025-12-17T13:00,36.3,74,9.6,1006.7
2025-12-17T14:00,38.2,66,10.1,1006.2
2025-12-17T15:00,38.6,68,9.8,1006.4
2025-12-17T16:00,37.7,71,8.8,1007.3
2025-12-17T17:00,36.8,74,6.5,1008.9
2025-12-17T18:00,37.6,77,3.3,1010.4
2025-12-17T19:00,40.0,77,9.5,1012.0
2025-12-17T20:00,41.2,72,10.2,1013.8
2025-12-17T21:00,39.4,80,8.1,1015.4
2025-12-17T22:00,38.6,83,9.1,1017.2
2025-12-17T23:00,36.8,84,6.7,1019.3
2025-12-18T00:00,32.9,84,2.1,1020.6
2025-12-18T01:00,33.1,82,1.3,1020.9
2025-12-18T02:00,32.3,78,3.8,1019.9
2025-12-18T03:00,30.5,83,4.4,1020.0
2025-12-18T04:00,29.1,85,1.5,1021.3
2025-12-18T05:00,28.6,86,0.7,1022.4
2025-12-18T06:00,30.0,86,6.0,1023.8
2025-12-18T07:00,29.1,89,4.4,1023.0
2025-12-18T08:00,26.0,90,4.5,1023.4
2025-12-18T09:00,27.0,88,5.7,1023.7
2025-12-18T10:00,32.4,82,5.7,1023.6
2025-12-18T11:00,36.4,79,5.7,1023.9
2025-12-18T12:00,38.7,73,8.8,1022.9
2025-12-18T13:00,40.6,67,11.6,1020.9
2025-12-18T14:00,44.6,60,12.8,1019.8
2025-12-18T15:00,44.5,59,13.5,1019.1
2025-12-18T16:00,43.8,61,15.2,1018.6
2025-12-18T17:00,42.3,65,16.4,1018.2
2025-12-18T18:00,40.7,71,17.2,1018.1
2025-12-18T19:00,40.3,75,17.8,1017.7
2025-12-18T20:00,41.7,75,17.7,1017.1
2025-12-18T21:00,41.3,82,16.4,1016.6
2025-12-18T22:00,41.7,88,16.3,1015.5
2025-12-18T23:00,42.8,91,14.8,1014.2
2025-12-19T00:00,44.2,91,15.2,1013.0
2025-12-19T01:00,45.7,92,14.8,1011.0
2025-12-19T02:00,47.0,85,13.9,1009.3
2025-12-19T03:00,47.7,83,13.6,1008.0
2025-12-19T04:00,46.2,91,14.8,1006.7
2025-12-19T05:00,48.5,93,17.2,1003.9
2025-12-19T06:00,50.4,95,20.7,1001.8
2025-12-19T07:00,51.7,89,21.6,999.1
2025-12-19T08:00,54.0,92,24.3,997.2
2025-12-19T09:00,54.6,93,23.9,994.6
2025-12-19T10:00,55.3,93,24.7,991.4
2025-12-19T11:00,56.4,93,27.0,989.9
2025-12-19T12:00,54.6,95,13.8,987.2
2025-12-19T13:00,53.0,98,12.3,986.8
2025-12-19T14:00,39.5,79,7.9,989.9
2025-12-19T15:00,38.7,97,6.3,991.2
2025-12-19T16:00,39.0,94,5.0,991.6
2025-12-19T17:00,38.7,92,9.1,992.1
2025-12-19T18:00,36.9,91,15.8,994.3
2025-12-19T19:00,33.4,77,12.4,996.7
2025-12-19T20:00,33.9,70,7.9,998.5
2025-12-19T21:00,33.6,62,7.2,999.8
2025-12-19T22:00,32.2,57,9.9,1002.0
2025-12-19T23:00,30.0,57,7.4,1003.7
2025-12-20T00:00,29.9,55,8.7,1005.7
2025-12-20T01:00,27.9,54,6.3,1007.3
2025-12-20T02:00,29.1,53,8.7,1008.8
2025-12-20T03:00,30.0,55,11.7,1010.8
2025-12-20T04:00,29.2,64,13.0,1013.1
2025-12-20T05:00,29.2,66,10.2,1014.7
2025-12-20T06:00,27.7,63,14.2,1016.1
2025-12-20T07:00,25.8,55,12.5,1017.4
2025-12-20T08:00,26.8,61,9.1,1018.9
2025-12-20T09:00,26.1,61,8.2,1018.8
2025-12-20T10:00,27.0,55,8.2,1018.5
2025-12-20T11:00,28.5,52,5.4,1019.5
2025-12-20T12:00,30.2,51,6.3,1020.5
2025-12-20T13:00,32.3,50,2.5,1018.8
2025-12-20T14:00,33.2,51,2.6,1018.6
2025-12-20T15:00,33.8,49,6.6,1017.2
2025-12-20T16:00,34.2,51,7.5,1016.3
2025-12-20T17:00,34.4,53,8.4,1017.1
2025-12-20T18:00,33.8,55,13.8,1015.5
2025-12-20T19:00,33.8,52,14.5,1014.6
2025-12-20T20:00,34.5,50,16.8,1013.1
2025-12-20T21:00,34.9,50,18.9,1012.0
2025-12-20T22:00,35.1,50,19.9,1011.3
2025-12-20T23:00,35.7,49,19.6,1010.2
2025-12-21T00:00,35.5,51,18.6,1010.2
2025-12-21T01:00,35.4,53,16.8,1010.6
2025-12-21T02:00,36.0,54,15.9,1009.6
2025-12-21T03:00,37.1,54,15.2,1009.6
2025-12-21T04:00,37.7,56,14.5,1009.0
2025-12-21T05:00,37.8,58,13.7,1008.8
2025-12-21T06:00,37.4,61,12.5,1008.6
2025-12-21T07:00,34.8,69,10.6,1009.2
2025-12-21T08:00,34.1,71,9.6,1009.4
2025-12-21T09:00,32.9,76,7.1,1010.5
2025-12-21T10:00,38.7,57,14.2,1012.6
2025-12-21T11:00,35.9,58,14.7,1014.2
2025-12-21T12:00,35.7,47,16.5,1015.7
2025-12-21T13:00,33.4,48,14.5,1016.5
2025-12-21T14:00,32.6,49,14.7,1017.1
2025-12-21T15:00,32.7,51,15.7,1017.7
2025-12-21T16:00,31.5,54,14.6,1018.8
2025-12-21T17:00,30.0,58,13.7,1019.8
2025-12-21T18:00,29.6,56,12.1,1020.8
2025-12-21T19:00,29.4,56,12.2,1021.3
2025-12-21T20:00,29.5,60,10.6,1022.3
2025-12-21T21:00,28.8,65,9.6,1023.0
2025-12-21T22:00,28.7,67,10.2,1023.8
2025-12-21T23:00,28.0,72,10.6,1024.5
2025-12-22T00:00,27.9,68,11.1,1025.2
2025-12-22T01:00,27.0,58,11.7,1025.7
2025-12-22T02:00,26.4,57,11.0,1026.0
2025-12-22T03:00,24.2,61,7.6,1027.0
2025-12-22T04:00,22.8,63,7.4,1028.1
2025-12-22T05:00,21.6,62,7.7,1028.8
2025-12-22T06:00,20.7,60,7.6,1029.6
2025-12-22T07:00,20.1,58,7.1,1030.3
2025-12-22T08:00,23.4,48,7.8,1030.4
2025-12-22T09:00,23.5,46,6.0,1031.2
2025-12-22T10:00,24.7,43,4.5,1031.4
2025-12-22T11:00,26.5,41,3.4,1031.1
2025-12-22T12:00,28.6,41,3.7,1030.4
2025-12-22T13:00,30.2,44,5.2,1029.2
2025-12-22T14:00,31.3,48,5.5,1028.7
2025-12-22T15:00,32.6,48,3.4,1027.8
2025-12-22T16:00,31.9,51,2.9,1027.7
2025-12-22T17:00,29.8,55,5.3,1027.1
2025-12-22T18:00,27.0,63,5.0,1026.8
2025-12-22T19:00,26.7,65,3.9,1026.1
2025-12-22T20:00,28.6,58,7.7,1026.3
2025-12-22T21:00,29.2,58,7.1,1026.1
2025-12-22T22:00,28.8,59,5.6,1026.0
2025-12-22T23:00,28.5,60,4.8,1025.9
2025-12-23T00:00,29.2,58,4.6,1025.4
2025-12-23T01:00,29.5,59,4.2,1025.0
2025-12-23T02:00,30.1,59,3.6,1024.6
2025-12-23T03:00,31.5,57,4.3,1024.7
2025-12-23T04:00,32.2,56,5.4,1024.4
2025-12-23T05:00,33.2,55,5.6,1023.9
2025-12-23T06:00,33.5,56,7.1,1022.9
2025-12-23T07:00,32.4,64,8.0,1022.8
2025-12-23T08:00,32.2,68,8.0,1022.6
2025-12-23T09:00,32.1,76,8.9,1022.0
2025-12-23T10:00,33.0,77,8.7,1021.7
2025-12-23T11:00,35.9,76,10.6,1020.8
2025-12-23T12:00,37.4,75,13.1,1019.3
2025-12-23T13:00,37.3,76,11.9,1017.2
2025-12-23T14:00,36.2,82,10.1,1016.3
2025-12-23T15:00,35.9,85,9.0,1015.2
2025-12-23T16:00,36.0,85,9.8,1014.3
2025-12-23T17:00,35.5,87,9.3,1014.0
2025-12-23T18:00,34.5,93,10.8,1013.2
2025-12-23T19:00,34.3,95,10.9,1012.4
2025-12-23T20:00,34.1,94,9.0,1012.7
2025-12-23T21:00,34.1,95,9.5,1012.2
2025-12-23T22:00,34.2,96,10.2,1011.1
2025-12-23T23:00,34.3,96,9.3,1010.1
2025-12-24T00:00,34.2,96,9.0,1009.6
2025-12-24T01:00,34.2,97,8.1,1008.7
2025-12-24T02:00,34.0,98,6.1,1008.5
2025-12-24T03:00,34.3,94,4.4,1008.7
2025-12-24T04:00,38.2,87,13.6,1008.9
2025-12-24T05:00,36.1,88,13.4,1009.1
2025-12-24T06:00,35.0,83,12.9,1010.1
2025-12-24T07:00,35.2,85,12.6,1011.2
2025-12-24T08:00,35.8,81,12.5,1012.6
2025-12-24T09:00,36.0,79,12.8,1014.4
2025-12-24T10:00,36.4,76,14.2,1016.3
2025-12-24T11:00,35.2,71,13.2,1018.0
2025-12-24T12:00,34.2,68,14.5,1019.2
2025-12-24T13:00,33.1,66,13.9,1019.9
2025-12-24T14:00,35.9,65,12.8,1020.1
2025-12-24T15:00,34.8,65,12.3,1021.1
2025-12-24T16:00,34.1,68,10.0,1022.3
2025-12-24T17:00,32.8,72,7.3,1022.9
2025-12-24T18:00,30.8,78,4.9,1023.5
2025-12-24T19:00,29.7,82,3.5,1024.1
2025-12-24T20:00,26.3,77,2.9,1024.8
2025-12-24T21:00,25.7,80,3.0,1024.8
2025-12-24T22:00,26.0,79,1.0,1024.5
2025-12-24T23:00,26.0,79,1.3,1023.0
2025-12-25T00:00,26.1,79,1.6,1022.4
2025-12-25T01:00,27.5,73,0.7,1022.6
2025-12-25T02:00,27.9,72,2.4,1022.4
2025-12-25T03:00,27.9,72,5.1,1021.0
2025-12-25T04:00,27.9,73,7.3,1018.9
2025-12-25T05:00,28.9,70,7.8,1017.7
2025-12-25T06:00,29.5,70,8.5,1016.0
2025-12-25T07:00,30.3,70,11.2,1012.6
2025-12-25T08:00,30.8,71,10.0,1011.6
2025-12-25T09:00,31.1,75,8.9,1012.0
2025-12-25T10:00,31.9,74,6.2,1011.5
2025-12-25T11:00,33.3,70,4.0,1011.2
2025-12-25T12:00,36.2,65,7.9,1010.5
2025-12-25T13:00,39.9,59,14.6,1009.3
2025-12-25T14:00,38.2,61,12.7,1009.4
2025-12-25T15:00,37.1,55,14.7,1010.2
2025-12-25T16:00,34.2,54,14.9,1012.4
2025-12-25T17:00,30.5,56,16.0,1014.8
2025-12-25T18:00,26.6,58,14.5,1016.1
2025-12-25T19:00,24.3,57,14.8,1017.7
2025-12-25T20:00,24.3,53,14.6,1018.6
2025-12-25T21:00,22.0,56,14.4,1019.7
2025-12-25T22:00,20.6,55,14.8,1020.3
2025-12-25T23:00,18.8,54,14.9,1020.9
2025-12-26T00:00,17.3,55,14.3,1021.2
2025-12-26T01:00,16.1,55,12.4,1021.5
2025-12-26T02:00,16.7,53,10.3,1022.4
2025-12-26T03:00,15.3,54,8.9,1023.0
2025-12-26T04:00,14.4,55,9.1,1023.8
2025-12-26T05:00,13.4,55,8.2,1024.4
2025-12-26T06:00,12.5,54,8.1,1024.9
2025-12-26T07:00,11.2,57,8.3,1025.2
2025-12-26T08:00,10.3,64,6.8,1026.3
2025-12-26T09:00,10.0,63,7.1,1026.2
2025-12-26T10:00,10.8,57,8.2,1026.0
2025-12-26T11:00,12.3,52,7.7,1025.5
2025-12-26T12:00,13.7,49,7.0,1024.5
2025-12-26T13:00,14.9,45,6.4,1022.0
2025-12-26T14:00,13.8,49,4.9,1021.5
2025-12-26T15:00,16.2,42,4.2,1019.9
2025-12-26T16:00,17.4,39,3.4,1018.7
2025-12-26T17:00,18.1,38,2.1,1017.9
2025-12-26T18:00,18.9,38,1.8,1016.3
2025-12-26T19:00,19.1,42,2.1,1016.4
2025-12-26T20:00,17.6,65,3.2,1015.6
2025-12-26T21:00,17.1,84,0.3,1015.3
2025-12-26T22:00,18.7,87,2.2,1014.0
2025-12-26T23:00,19.6,84,3.9,1014.2
2025-12-27T00:00,20.0,82,4.4,1014.0
2025-12-27T01:00,20.2,84,4.0,1013.7
2025-12-27T02:00,18.7,87,2.6,1013.7
2025-12-27T03:00,18.8,87,1.1,1013.9
2025-12-27T04:00,18.5,90,2.4,1014.7
2025-12-27T05:00,18.4,89,2.4,1014.7
2025-12-27T06:00,18.0,89,3.4,1015.2
2025-12-27T07:00,17.6,88,3.0,1016.0
2025-12-27T08:00,17.7,86,4.4,1017.3
2025-12-27T09:00,17.9,86,3.6,1018.2
2025-12-27T10:00,18.3,86,4.1,1019.6
2025-12-27T11:00,19.1,84,4.3,1020.2
2025-12-27T12:00,19.8,82,4.1,1020.4
2025-12-27T13:00,20.4,81,4.0,1019.9
2025-12-27T14:00,21.0,79,5.0,1020.1
2025-12-27T15:00,21.2,77,3.3,1020.0
2025-12-27T16:00,20.4,76,3.4,1020.5
2025-12-27T17:00,16.8,80,4.0,1021.0
2025-12-27T18:00,15.4,82,5.9,1021.4
2025-12-27T19:00,15.6,80,6.2,1021.5
2025-12-27T20:00,15.6,80,6.6,1022.2
2025-12-27T21:00,14.8,82,6.2,1022.8
2025-12-27T22:00,14.0,84,7.0,1023.3
2025-12-27T23:00,13.1,85,5.5,1023.3
2025-12-28T00:00,11.2,85,4.7,1023.0
2025-12-28T01:00,9.4,87,4.0,1022.5
2025-12-28T02:00,6.3,87,3.0,1022.5
2025-12-28T03:00,4.8,89,3.9,1022.9
2025-12-28T04:00,5.8,89,4.7,1023.0
2025-12-28T05:00,9.3,84,7.2,1022.6
2025-12-28T06:00,9.7,83,4.6,1022.3
2025-12-28T07:00,7.9,84,2.0,1022.1
2025-12-28T08:00,8.6,86,0.8,1022.1
2025-12-28T09:00,7.2,88,1.8,1022.3
2025-12-28T10:00,11.1,81,0.6,1021.9
2025-12-28T11:00,14.0,76,1.1,1021.1
2025-12-28T12:00,15.5,76,3.1,1020.3
2025-12-28T13:00,17.4,75,1.6,1018.4
2025-12-28T14:00,19.6,73,2.4,1017.4
2025-12-28T15:00,22.5,72,2.2,1016.3
2025-12-28T16:00,24.8,74,2.9,1014.7
2025-12-28T17:00,26.4,75,5.8,1013.6
2025-12-28T18:00,27.5,80,7.9,1013.0
2025-12-28T19:00,29.7,80,10.1,1012.4
2025-12-28T20:00,30.1,80,13.0,1011.3
2025-12-28T21:00,32.3,79,13.9,1009.7
2025-12-28T22:00,33.1,82,16.1,1007.4
2025-12-28T23:00,32.9,85,18.6,1006.3
2025-12-29T00:00,33.2,87,21.5,1004.2
2025-12-29T01:00,34.2,87,19.2,1002.7
2025-12-29T02:00,34.8,88,18.3,1001.2
2025-12-29T03:00,35.5,90,18.5,1000.5
2025-12-29T04:00,36.3,91,18.4,999.2
2025-12-29T05:00,36.6,92,17.7,998.0
2025-12-29T06:00,37.2,92,16.3,996.2
2025-12-29T07:00,37.8,92,14.9,995.1
2025-12-29T08:00,37.8,93,13.1,993.8
2025-12-29T09:00,38.1,94,14.3,993.6
2025-12-29T10:00,39.2,92,12.8,993.0
2025-12-29T11:00,40.4,89,12.8,991.9
2025-12-29T12:00,40.0,91,11.8,990.6
2025-12-29T13:00,40.8,90,11.9,988.9
2025-12-29T14:00,40.4,92,11.1,988.0
2025-12-29T15:00,39.7,94,9.0,987.8
2025-12-29T16:00,38.4,97,8.1,987.8
2025-12-29T17:00,38.3,88,8.7,988.9
2025-12-29T18:00,35.3,89,9.5,990.8
2025-12-29T19:00,33.3,90,8.9,990.3
2025-12-29T20:00,31.2,82,12.1,991.4
2025-12-29T21:00,30.2,75,12.3,992.2
2025-12-29T22:00,28.7,74,13.1,992.6
2025-12-29T23:00,25.1,74,14.9,993.7
2025-12-30T00:00,22.6,72,13.1,993.9
2025-12-30T01:00,20.8,75,13.5,994.3
2025-12-30T02:00,22.5,76,16.0,995.7
2025-12-30T03:00,20.2,74,12.6,997.4
2025-12-30T04:00,18.7,72,13.0,997.6
2025-12-30T05:00,18.5,75,10.8,997.7
2025-12-30T06:00,18.7,76,11.3,998.2
2025-12-30T07:00,17.8,76,10.5,998.9
2025-12-30T08:00,19.4,70,9.6,999.2
2025-12-30T09:00,18.6,73,8.6,1000.3
2025-12-30T10:00,18.9,73,9.1,1001.1
2025-12-30T11:00,18.6,70,11.5,1001.6
2025-12-30T12:00,18.4,68,12.3,1001.5
2025-12-30T13:00,18.6,69,14.5,1001.1
2025-12-30T14:00,21.1,67,9.7,1000.7
2025-12-30T15:00,21.2,69,10.3,1000.6
2025-12-30T16:00,21.1,72,4.9,1000.4
2025-12-30T17:00,20.5,75,5.1,1000.6
2025-12-30T18:00,20.7,74,9.5,1000.9
2025-12-30T19:00,21.4,77,9.0,1001.2
2025-12-30T20:00,21.8,74,6.9,1001.2
2025-12-30T21:00,22.8,78,7.7,1001.1
2025-12-30T22:00,23.1,80,8.8,1001.3
2025-12-30T23:00,23.9,76,9.5,1001.7
2025-12-31T00:00,23.5,77,10.3,1002.3
2025-12-31T01:00,23.2,81,8.0,1002.7
2025-12-31T02:00,22.8,74,8.5,1002.9
2025-12-31T03:00,22.3,73,8.8,1003.4
2025-12-31T04:00,20.8,77,5.1,1003.5
2025-12-31T05:00,20.1,81,2.2,1003.4
2025-12-31T06:00,23.3,79,8.6,1003.9
2025-12-31T07:00,23.2,75,8.2,1004.1
2025-12-31T08:00,23.3,75,6.1,1004.8
2025-12-31T09:00,23.0,78,6.0,1005.2
2025-12-31T10:00,24.1,75,7.1,1005.9
2025-12-31T11:00,25.3,72,6.8,1006.2
2025-12-31T12:00,26.6,66,7.9,1005.5
2025-12-31T13:00,27.3,61,7.9,1004.6
2025-12-31T14:00,29.1,57,8.3,1003.7
2025-12-31T15:00,28.8,60,7.8,1003.7
2025-12-31T16:00,28.1,65,7.3,1003.7
2025-12-31T17:00,26.6,71,5.6,1003.4
2025-12-31T18:00,26.3,74,7.7,1003.3
2025-12-31T19:00,24.7,81,8.6,1003.4
2025-12-31T20:00,23.4,79,8.8,1003.3
2025-12-31T21:00,23.6,78,10.1,1002.8
2025-12-31T22:00,24.7,79,12.0,1002.2
2025-12-31T23:00,25.1,78,13.5,1000.7
2026-01-01T00:00,24.9,80,15.4,999.6
2026-01-01T01:00,25.2,83,15.6,998.5
2026-01-01T02:00,26.5,85,15.7,997.5
2026-01-01T03:00,27.2,85,14.6,997.0
2026-01-01T04:00,27.6,85,12.5,997.2
2026-01-01T05:00,25.9,84,12.0,998.9
2026-01-01T06:00,22.7,75,9.3,1000.2
2026-01-01T07:00,21.2,76,7.2,1001.3
2026-01-01T08:00,20.0,65,10.7,1001.9
2026-01-01T09:00,17.4,69,10.0,1002.9
2026-01-01T10:00,16.2,73,9.6,1004.4
2026-01-01T11:00,16.1,73,9.8,1005.0
2026-01-01T12:00,15.9,72,12.2,1005.7
2026-01-01T13:00,15.6,70,12.8,1005.7
2026-01-01T14:00,17.7,64,12.7,1005.4
2026-01-01T15:00,17.0,64,13.5,1005.9
2026-01-01T16:00,15.8,64,12.3,1006.9
2026-01-01T17:00,14.4,64,8.5,1007.8
2026-01-01T18:00,12.2,66,6.8,1008.5
2026-01-01T19:00,10.5,70,5.0,1008.9
2026-01-01T20:00,9.3,66,3.5,1009.0
2026-01-01T21:00,8.7,65,1.7,1009.1
2026-01-01T22:00,8.6,65,0.8,1008.9
2026-01-01T23:00,8.0,67,0.4,1008.6
2026-01-02T00:00,6.3,72,3.7,1008.3
2026-01-02T01:00,9.3,75,4.8,1007.7
2026-01-02T02:00,10.1,77,5.8,1007.1
2026-01-02T03:00,10.8,77,6.2,1006.9
2026-01-02T04:00,11.6,77,5.9,1006.9
2026-01-02T05:00,12.5,79,6.0,1006.1
2026-01-02T06:00,10.8,83,6.7,1005.7
2026-01-02T07:00,9.5,84,6.8,1005.4
2026-01-02T08:00,10.1,80,6.8,1005.5
2026-01-02T09:00,10.7,83,6.2,1005.7
2026-01-02T10:00,13.2,82,5.8,1006.0
2026-01-02T11:00,15.3,79,5.1,1006.1
2026-01-02T12:00,17.8,72,3.7,1005.7
2026-01-02T13:00,19.5,69,3.2,1004.6
2026-01-02T14:00,22.0,67,4.4,1003.8
2026-01-02T15:00,22.5,67,5.7,1003.6
2026-01-02T16:00,22.1,69,5.2,1004.0
2026-01-02T17:00,20.7,72,7.1,1004.4
2026-01-02T18:00,18.6,75,7.1,1005.3
2026-01-02T19:00,16.6,77,4.8,1005.6
2026-01-02T20:00,14.4,74,4.6,1006.1
2026-01-02T21:00,17.6,76,4.6,1006.7
2026-01-02T22:00,17.5,78,4.4,1006.9
2026-01-02T23:00,15.1,80,4.5,1007.2
2026-01-03T00:00,14.9,81,4.9,1007.8
2026-01-03T01:00,13.0,83,4.4,1008.0
2026-01-03T02:00,14.6,81,3.8,1007.8
2026-01-03T03:00,13.8,81,3.6,1008.0
2026-01-03T04:00,19.4,80,3.4,1008.4
2026-01-03T05:00,19.9,80,3.4,1008.5
2026-01-03T06:00,20.1,78,4.0,1008.8
2026-01-03T07:00,21.3,77,4.3,1009.4
2026-01-03T08:00,20.7,76,3.3,1010.1
2026-01-03T09:00,21.8,75,5.6,1010.8
2026-01-03T10:00,22.1,72,6.0,1011.4
2026-01-03T11:00,22.3,67,7.0,1012.1
2026-01-03T12:00,22.9,65,6.7,1012.3
2026-01-03T13:00,24.0,63,5.2,1011.7
2026-01-03T14:00,25.4,63,6.0,1011.3
2026-01-03T15:00,25.5,64,3.9,1011.5
2026-01-03T16:00,24.8,68,2.3,1011.8
2026-01-03T17:00,24.3,67,3.6,1012.0
2026-01-03T18:00,25.8,70,4.5,1012.4
2026-01-03T19:00,26.1,71,3.6,1012.6
2026-01-03T20:00,26.0,68,1.4,1012.6
2026-01-03T21:00,25.8,71,4.0,1013.0
2026-01-03T22:00,24.4,76,3.8,1013.2
2026-01-03T23:00,22.6,79,2.8,1013.1
2026-01-04T00:00,21.3,79,2.5,1013.3
2026-01-04T01:00,23.0,81,2.5,1013.5
2026-01-04T02:00,24.3,83,5.4,1013.3
2026-01-04T03:00,23.9,86,5.3,1013.9
2026-01-04T04:00,23.0,86,4.5,1014.2
2026-01-04T05:00,21.6,87,3.4,1014.3
2026-01-04T06:00,20.9,87,2.6,1014.4
2026-01-04T07:00,19.6,87,2.0,1014.9
2026-01-04T08:00,20.1,86,1.9,1015.6
2026-01-04T09:00,18.9,85,2.2,1016.3
2026-01-04T10:00,19.5,83,1.6,1016.8
2026-01-04T11:00,21.7,78,1.2,1017.3
2026-01-04T12:00,23.4,73,2.1,1016.9
2026-01-04T13:00,24.8,72,2.1,1016.0
2026-01-04T14:00,26.3,72,2.1,1015.8
2026-01-04T15:00,26.7,75,4.9,1015.7
2026-01-04T16:00,26.7,77,4.5,1016.0
2026-01-04T17:00,26.0,79,5.6,1016.4
2026-01-04T18:00,21.3,84,3.9,1016.8
2026-01-04T19:00,21.2,85,3.8,1017.4
2026-01-04T20:00,25.3,81,6.2,1017.8
2026-01-04T21:00,23.8,77,7.0,1018.4
2026-01-04T22:00,20.9,79,5.8,1018.9
2026-01-04T23:00,19.8,81,6.0,1019.2
2026-01-05T00:00,17.5,83,5.3,1020.0
2026-01-05T01:00,14.7,76,7.1,1020.9
2026-01-05T02:00,15.9,70,8.1,1020.6
2026-01-05T03:00,14.8,69,7.6,1021.0
2026-01-05T04:00,13.7,69,7.3,1021.4
2026-01-05T05:00,11.7,70,5.9,1021.7
2026-01-05T06:00,11.2,71,5.4,1022.0
2026-01-05T07:00,9.4,74,3.2,1022.1
2026-01-05T08:00,11.7,76,2.9,1021.9
2026-01-05T09:00,12.8,81,1.9,1021.9
2026-01-05T10:00,16.5,75,1.9,1021.9
2026-01-05T11:00,18.3,72,3.7,1021.9
2026-01-05T12:00,20.9,73,3.6,1020.8
2026-01-05T13:00,22.9,74,4.2,1019.3
2026-01-05T14:00,23.7,77,4.2,1018.4
2026-01-05T15:00,25.2,80,6.3,1017.5
2026-01-05T16:00,26.6,82,10.1,1016.4
2026-01-05T17:00,27.2,84,10.9,1015.8
2026-01-05T18:00,27.9,81,11.2,1015.5
2026-01-05T19:00,28.4,80,12.8,1015.2
2026-01-05T20:00,27.8,78,12.3,1014.7
2026-01-05T21:00,28.5,78,11.3,1014.7
2026-01-05T22:00,29.0,79,10.6,1014.8
2026-01-05T23:00,29.3,80,10.6,1014.6
2026-01-06T00:00,29.6,81,10.1,1013.9
2026-01-06T01:00,29.7,82,8.9,1013.4
2026-01-06T02:00,29.0,81,7.4,1013.1
2026-01-06T03:00,28.8,82,6.7,1013.2
2026-01-06T04:00,28.9,83,6.3,1013.6
2026-01-06T05:00,29.1,84,6.0,1013.6
2026-01-06T06:00,29.6,84,4.7,1013.4
2026-01-06T07:00,28.6,87,2.5,1013.3
2026-01-06T08:00,28.7,88,0.8,1013.8
2026-01-06T09:00,28.3,88,0.6,1014.3
2026-01-06T10:00,30.8,84,0.9,1014.1
2026-01-06T11:00,32.2,79,1.6,1014.3
2026-01-06T12:00,33.3,77,1.1,1013.6
2026-01-06T13:00,34.3,79,0.9,1011.9
2026-01-06T14:00,35.4,74,1.4,1010.6
2026-01-06T15:00,34.8,78,1.9,1010.5
2026-01-06T16:00,34.6,81,0.2,1009.8
2026-01-06T17:00,34.0,81,1.3,1009.2
2026-01-06T18:00,34.2,81,3.4,1008.7
2026-01-06T19:00,35.5,81,8.2,1008.2
2026-01-06T20:00,35.8,81,9.9,1007.5
2026-01-06T21:00,36.0,82,10.5,1006.4
2026-01-06T22:00,36.1,82,11.4,1005.4
2026-01-06T23:00,35.8,82,10.6,1005.0
2026-01-07T00:00,34.1,84,9.1,1005.0
2026-01-07T01:00,35.1,85,11.2,1003.6
2026-01-07T02:00,36.2,88,11.3,1002.5
2026-01-07T03:00,36.4,89,10.9,1002.2
2026-01-07T04:00,36.5,90,10.9,1001.7
2026-01-07T05:00,36.8,90,10.5,1001.0
2026-01-07T06:00,37.1,89,10.3,1000.6
2026-01-07T07:00,37.5,89,8.8,1000.4
2026-01-07T08:00,35.9,91,2.8,1001.3
2026-01-07T09:00,35.3,93,2.1,1002.2
2026-01-07T10:00,35.1,94,2.9,1002.7
2026-01-07T11:00,36.3,92,4.7,1003.4
2026-01-07T12:00,35.9,94,2.0,1004.0
2026-01-07T13:00,36.8,90,5.0,1004.3
2026-01-07T14:00,36.9,87,7.0,1004.6
2026-01-07T15:00,36.8,85,8.1,1005.4
2026-01-07T16:00,35.8,87,8.4,1006.9
2026-01-07T17:00,34.9,89,8.4,1008.3
2026-01-07T18:00,34.2,90,7.7,1009.5
2026-01-07T19:00,33.9,90,6.2,1010.2
2026-01-07T20:00,33.5,91,8.9,1011.3
2026-01-07T21:00,33.7,91,8.4,1012.7
2026-01-07T22:00,33.8,91,7.1,1013.4
2026-01-07T23:00,33.9,91,5.9,1014.0
2026-01-08T00:00,33.3,91,3.9,1014.1
2026-01-08T01:00,31.5,92,3.2,1014.3
2026-01-08T02:00,32.7,91,4.5,1014.6
2026-01-08T03:00,34.0,92,4.7,1015.4
2026-01-08T04:00,34.8,92,4.0,1016.4
2026-01-08T05:00,35.0,93,3.0,1016.9
2026-01-08T06:00,35.4,93,3.5,1017.4
2026-01-08T07:00,35.5,93,4.0,1017.9
2026-01-08T08:00,35.3,93,6.3,1018.7
2026-01-08T09:00,35.8,93,5.4,1018.9
2026-01-08T10:00,36.6,91,4.0,1019.6
2026-01-08T11:00,37.8,88,5.1,1020.6
2026-01-08T12:00,38.0,89,5.1,1021.0
2026-01-08T13:00,38.7,88,5.3,1020.8
2026-01-08T14:00,40.1,86,5.1,1021.0
2026-01-08T15:00,39.4,85,3.3,1021.1
2026-01-08T16:00,38.6,85,2.8,1021.5
2026-01-08T17:00,36.4,84,1.5,1022.1
2026-01-08T18:00,34.2,84,1.7,1022.4
2026-01-08T19:00,32.7,84,1.7,1022.5
2026-01-08T20:00,33.5,83,2.5,1023.1
2026-01-08T21:00,32.4,85,4.1,1023.9
2026-01-08T22:00,30.9,86,3.9,1024.1
2026-01-08T23:00,30.2,86,4.5,1024.1
2026-01-09T00:00,30.9,87,5.4,1023.5
2026-01-09T01:00,32.2,86,6.1,1023.3
2026-01-09T02:00,32.2,85,5.5,1023.2
2026-01-09T03:00,31.5,85,5.1,1023.2
2026-01-09T04:00,32.8,84,7.1,1023.0
2026-01-09T05:00,34.7,80,8.4,1022.2
2026-01-09T06:00,37.3,77,11.5,1021.4
2026-01-09T07:00,38.2,74,14.2,1020.7
2026-01-09T08:00,37.9,79,15.4,1021.5
2026-01-09T09:00,38.3,79,17.0,1020.7
2026-01-09T10:00,39.4,77,17.4,1019.9
2026-01-09T11:00,40.5,76,16.5,1019.6
2026-01-09T12:00,41.4,74,17.9,1019.0
2026-01-09T13:00,42.2,72,17.8,1017.4
2026-01-09T14:00,45.9,67,17.7,1015.4
2026-01-09T15:00,47.0,64,20.1,1014.1
2026-01-09T16:00,47.0,65,20.6,1013.7
2026-01-09T17:00,45.0,74,20.5,1012.8
2026-01-09T18:00,43.8,83,20.5,1011.6
2026-01-09T19:00,44.3,85,18.6,1012.2
2026-01-09T20:00,45.2,90,18.9,1012.1
2026-01-09T21:00,45.9,90,18.1,1012.2
2026-01-09T22:00,45.4,94,14.1,1013.1
2026-01-09T23:00,42.5,100,10.3,1015.1
2026-01-10T00:00,39.0,97,5.3,1017.1
2026-01-10T01:00,40.0,87,7.8,1018.6
2026-01-10T02:00,39.1,86,4.4,1019.0
2026-01-10T03:00,36.6,84,4.1,1020.2
2026-01-10T04:00,37.3,85,6.0,1021.0
2026-01-10T05:00,34.5,91,5.1,1021.3
2026-01-10T06:00,33.0,92,4.7,1021.7
2026-01-10T07:00,32.7,92,4.5,1021.9
2026-01-10T08:00,32.9,88,3.7,1021.6
2026-01-10T09:00,33.3,87,1.5,1022.1
2026-01-10T10:00,36.3,86,2.4,1022.5
2026-01-10T11:00,37.5,87,2.8,1022.4
2026-01-10T12:00,39.5,81,2.4,1021.5
2026-01-10T13:00,40.2,77,1.9,1020.0
2026-01-10T14:00,41.2,72,1.4,1018.5
2026-01-10T15:00,42.1,69,1.3,1018.1
2026-01-10T16:00,42.0,76,0.1,1017.3
2026-01-10T17:00,38.7,80,2.3,1016.4
2026-01-10T18:00,40.2,71,7.6,1015.5
2026-01-10T19:00,37.5,90,9.5,1014.3
2026-01-10T20:00,36.9,92,6.8,1013.6
2026-01-10T21:00,38.1,90,9.7,1012.0
2026-01-10T22:00,38.0,93,10.8,1010.3
2026-01-10T23:00,38.5,94,10.8,1008.0
2026-01-11T00:00,38.8,95,10.1,1006.8
2026-01-11T01:00,38.6,96,6.4,1006.1
2026-01-11T02:00,37.8,96,1.9,1006.9
2026-01-11T03:00,37.0,98,5.6,1006.2
2026-01-11T04:00,37.3,97,3.3,1005.6
2026-01-11T05:00,38.0,93,1.1,1005.9
2026-01-11T06:00,37.2,96,0.4,1006.4
2026-01-11T07:00,38.7,90,7.7,1007.1
2026-01-11T08:00,35.9,91,8.1,1008.3
2026-01-11T09:00,34.6,89,4.9,1008.1
2026-01-11T10:00,36.7,85,6.7,1008.3
2026-01-11T11:00,38.7,70,7.1,1008.1
2026-01-11T12:00,39.6,59,7.3,1007.2
2026-01-11T13:00,40.3,54,8.2,1005.8
2026-01-11T14:00,40.5,53,10.5,1005.1
2026-01-11T15:00,39.6,56,8.7,1005.1
2026-01-11T16:00,38.4,58,6.6,1005.2
2026-01-11T17:00,36.8,65,4.6,1005.5
2026-01-11T18:00,33.1,77,7.2,1006.3
2026-01-11T19:00,32.8,69,9.8,1006.5
2026-01-11T20:00,32.4,66,10.8,1006.9
2026-01-11T21:00,30.8,70,13.6,1007.9
2026-01-11T22:00,28.8,73,9.4,1009.0
2026-01-11T23:00,27.1,72,13.5,1010.8
2026-01-12T00:00,25.7,65,16.6,1012.3
2026-01-12T01:00,25.3,67,14.8,1013.3
2026-01-12T02:00,26.8,67,13.0,1013.4
2026-01-12T03:00,25.9,69,10.5,1014.4
2026-01-12T04:00,25.1,70,10.7,1015.2
2026-01-12T05:00,24.9,67,13.6,1015.4
2026-01-12T06:00,24.7,68,11.9,1015.9
2026-01-12T07:00,24.7,68,8.5,1016.8
2026-01-12T08:00,25.7,63,7.4,1017.3
2026-01-12T09:00,27.8,62,7.4,1017.9
2026-01-12T10:00,29.7,62,4.9,1018.0
2026-01-12T11:00,30.1,65,1.0,1018.1
2026-01-12T12:00,31.4,66,4.7,1017.5
2026-01-12T13:00,36.5,52,8.4,1016.3
2026-01-12T14:00,37.3,50,10.6,1015.8
2026-01-12T15:00,38.2,48,10.9,1015.6
2026-01-12T16:00,38.5,48,8.8,1015.5
2026-01-12T17:00,37.0,53,3.5,1015.2
2026-01-12T18:00,32.0,64,3.4,1015.2
2026-01-12T19:00,35.5,57,6.5,1015.2
2026-01-12T20:00,34.7,52,1.7,1015.6
2026-01-12T21:00,34.8,52,4.5,1015.5
2026-01-12T22:00,34.8,54,4.0,1015.4
2026-01-12T23:00,33.4,59,0.6,1015.4
2026-01-13T00:00,32.6,63,4.3,1015.4
2026-01-13T01:00,31.9,67,6.7,1015.5
2026-01-13T02:00,32.6,69,6.7,1015.0
2026-01-13T03:00,33.0,68,6.9,1015.0
2026-01-13T04:00,32.2,68,7.1,1015.1
2026-01-13T05:00,30.6,72,7.0,1015.1
2026-01-13T06:00,29.5,74,6.0,1014.8
2026-01-13T07:00,28.7,76,7.7,1014.9
2026-01-13T08:00,29.1,73,7.6,1015.4
2026-01-13T09:00,28.8,74,7.8,1015.3
2026-01-13T10:00,31.8,66,8.3,1015.3
2026-01-13T11:00,35.0,60,7.3,1015.1
2026-01-13T12:00,38.3,54,7.5,1014.1
2026-01-13T13:00,40.8,52,7.0,1012.0
2026-01-13T14:00,40.6,53,6.7,1010.8
2026-01-13T15:00,42.5,49,9.7,1009.4
2026-01-13T16:00,41.9,55,11.2,1008.1
2026-01-13T17:00,40.3,59,11.2,1006.8
2026-01-13T18:00,39.0,62,12.6,1006.3
2026-01-13T19:00,39.5,62,15.4,1005.3
2026-01-13T20:00,39.6,60,15.1,1004.8
2026-01-13T21:00,40.5,59,17.5,1003.3
2026-01-13T22:00,40.7,57,17.2,1003.0
2026-01-13T23:00,40.7,58,17.1,1002.2
2026-01-14T00:00,39.9,60,15.2,1002.1
2026-01-14T01:00,39.5,59,13.7,1001.5
2026-01-14T02:00,40.1,57,13.8,1000.7
2026-01-14T03:00,39.6,60,12.6,1000.7
2026-01-14T04:00,39.3,62,11.5,1000.7
2026-01-14T05:00,38.8,65,10.7,1000.6
2026-01-14T06:00,38.7,65,11.0,1000.5
2026-01-14T07:00,38.4,66,10.2,1000.7
2026-01-14T08:00,38.2,67,9.8,1000.6
2026-01-14T09:00,38.8,66,9.4,1001.0
2026-01-14T10:00,40.2,64,9.3,1001.2
2026-01-14T11:00,41.5,62,10.6,1001.5
2026-01-14T12:00,42.5,60,10.3,1000.9
2026-01-14T13:00,43.4,59,10.6,999.8
2026-01-14T14:00,43.2,64,9.7,999.4
2026-01-14T15:00,41.7,78,10.6,999.4
2026-01-14T16:00,39.8,88,9.2,999.2
2026-01-14T17:00,38.7,94,7.8,999.6
2026-01-14T18:00,38.2,95,6.6,999.6
2026-01-14T19:00,38.0,96,6.3,999.2
2026-01-14T20:00,38.1,94,5.0,998.4
2026-01-14T21:00,37.4,96,2.9,997.4
2026-01-14T22:00,36.2,98,2.0,996.7
2026-01-14T23:00,36.3,98,1.6,996.2
2026-01-15T00:00,36.3,98,2.8,995.4
2026-01-15T01:00,36.8,96,3.1,993.9
2026-01-15T02:00,37.6,96,4.7,992.6
2026-01-15T03:00,38.3,96,4.3,992.0
2026-01-15T04:00,38.0,97,4.4,991.5
2026-01-15T05:00,37.8,98,4.6,990.8
2026-01-15T06:00,37.7,98,5.5,990.3
2026-01-15T07:00,38.1,98,7.0,989.9
2026-01-15T08:00,38.1,95,7.8,990.4
2026-01-15T09:00,37.4,97,7.7,990.5
2026-01-15T10:00,37.6,98,8.0,990.8
2026-01-15T11:00,37.7,99,8.3,991.5
2026-01-15T12:00,37.9,98,4.5,992.0
2026-01-15T13:00,32.2,88,12.1,992.8
2026-01-15T14:00,30.2,71,10.1,993.7
2026-01-15T15:00,28.6,67,10.2,994.4
2026-01-15T16:00,27.7,62,8.3,995.1
2026-01-15T17:00,27.8,60,6.7,995.9
2026-01-15T18:00,25.2,67,7.4,996.8
2026-01-15T19:00,23.4,65,9.1,997.6
2026-01-15T20:00,25.1,67,7.9,997.2
2026-01-15T21:00,23.2,64,8.0,998.0
2026-01-15T22:00,21.4,62,10.0,997.6
2026-01-15T23:00,19.6,59,10.2,997.9
2026-01-16T00:00,18.6,53,10.0,998.4
2026-01-16T01:00,17.9,50,9.7,999.2
2026-01-16T02:00,18.1,52,11.5,998.8
2026-01-16T03:00,16.8,56,15.0,999.7
2026-01-16T04:00,14.1,59,13.2,1001.0
2026-01-16T05:00,13.9,61,13.4,1001.6
2026-01-16T06:00,14.1,62,9.0,1002.2
2026-01-16T07:00,14.8,63,9.3,1003.4
2026-01-16T08:00,16.6,64,11.6,1004.4
2026-01-16T09:00,16.6,62,10.1,1005.7
2026-01-16T10:00,17.6,57,8.2,1006.9
2026-01-16T11:00,19.8,55,13.8,1008.0
2026-01-16T12:00,21.6,57,13.2,1008.9
2026-01-16T13:00,23.4,54,14.1,1009.5
2026-01-16T14:00,25.3,50,14.8,1009.7
2026-01-16T15:00,26.1,50,13.1,1010.2
2026-01-16T16:00,26.1,56,10.8,1011.2
2026-01-16T17:00,26.1,55,7.3,1011.9
2026-01-16T18:00,23.5,62,1.4,1012.9
2026-01-16T19:00,22.7,64,0.9,1013.2
2026-01-16T20:00,22.9,64,4.7,1013.5
2026-01-16T21:00,23.5,59,6.0,1013.5
2026-01-16T22:00,25.6,50,8.4,1013.4
2026-01-16T23:00,29.4,42,12.3,1013.9
2026-01-17T00:00,29.8,42,14.2,1014.3
2026-01-17T01:00,29.7,42,13.3,1014.6
2026-01-17T02:00,29.0,44,11.5,1014.6
2026-01-17T03:00,29.0,49,11.5,1015.5
2026-01-17T04:00,28.0,66,12.0,1015.7
2026-01-17T05:00,27.2,81,11.1,1015.2
2026-01-17T06:00,27.8,81,11.4,1015.1
2026-01-17T07:00,28.2,81,11.1,1015.3
2026-01-17T08:00,27.9,82,9.7,1015.1
2026-01-17T09:00,27.9,83,9.5,1015.5
2026-01-17T10:00,29.1,82,10.8,1015.6
2026-01-17T11:00,30.0,83,10.0,1015.7
2026-01-17T12:00,30.6,83,12.8,1014.9
2026-01-17T13:00,31.1,86,11.8,1013.7
2026-01-17T14:00,31.4,89,10.6,1012.9
2026-01-17T15:00,31.5,90,10.6,1012.7
2026-01-17T16:00,32.2,89,10.7,1013.1
2026-01-17T17:00,32.4,88,8.9,1013.4
2026-01-17T18:00,30.6,91,8.3,1014.1
2026-01-17T19:00,29.1,93,8.0,1014.9
2026-01-17T20:00,28.6,92,7.7,1015.6
2026-01-17T21:00,28.0,91,7.6,1015.8
2026-01-17T22:00,28.1,90,7.7,1015.8
2026-01-17T23:00,28.7,90,8.3,1016.1
2026-01-18T00:00,29.4,90,9.3,1016.0
2026-01-18T01:00,29.9,90,9.5,1016.3
2026-01-18T02:00,29.7,89,7.6,1015.9
2026-01-18T03:00,30.0,88,8.1,1015.8
2026-01-18T04:00,28.6,89,0.3,1016.4
2026-01-18T05:00,29.3,89,2.8,1015.9
2026-01-18T06:00,29.9,90,6.5,1015.5
2026-01-18T07:00,30.5,87,5.7,1015.9
2026-01-18T08:00,28.8,87,4.1,1016.6
2026-01-18T09:00,28.1,85,4.8,1016.8
2026-01-18T10:00,27.9,82,5.1,1017.1
2026-01-18T11:00,28.4,81,5.2,1017.2
2026-01-18T12:00,29.1,79,5.1,1016.7
2026-01-18T13:00,29.2,79,6.1,1015.8
2026-01-18T14:00,28.5,82,6.7,1014.9
2026-01-18T15:00,28.5,82,5.3,1013.7
2026-01-18T16:00,28.8,82,3.9,1012.8
2026-01-18T17:00,28.2,86,4.1,1012.2
2026-01-18T18:00,27.4,87,5.7,1010.9
2026-01-18T19:00,26.9,87,6.5,1011.1
2026-01-18T20:00,27.2,86,4.5,1011.2
2026-01-18T21:00,27.0,88,4.3,1011.2
2026-01-18T22:00,26.1,88,4.9,1011.0
2026-01-18T23:00,24.9,86,4.2,1010.3
2026-01-19T00:00,24.1,85,3.5,1009.2
2026-01-19T01:00,23.3,83,3.6,1009.1
2026-01-19T02:00,23.7,82,4.8,1008.3
2026-01-19T03:00,22.7,82,3.3,1008.7
2026-01-19T04:00,21.9,83,3.0,1009.0
2026-01-19T05:00,21.1,85,2.1,1008.6
2026-01-19T06:00,20.4,87,2.1,1009.3
2026-01-19T07:00,20.9,86,2.5,1009.9
2026-01-19T08:00,21.5,78,2.6,1009.7
2026-01-19T09:00,21.6,77,2.3,1009.8
2026-01-19T10:00,22.2,71,2.4,1009.8
2026-01-19T11:00,23.5,67,2.3,1009.7
2026-01-19T12:00,26.1,65,5.5,1009.5
2026-01-19T13:00,26.8,69,8.1,1008.7
2026-01-19T14:00,27.8,72,9.3,1008.2
2026-01-19T15:00,28.9,68,7.8,1007.9
2026-01-19T16:00,28.4,61,9.8,1009.0
2026-01-19T17:00,27.8,68,7.4,1009.7
2026-01-19T18:00,26.8,70,7.9,1010.2
2026-01-19T19:00,24.3,71,8.2,1010.6
2026-01-19T20:00,23.4,70,7.8,1011.1
2026-01-19T21:00,23.4,76,7.3,1012.1
2026-01-19T22:00,22.8,80,8.3,1013.3
2026-01-19T23:00,21.9,75,6.3,1014.0
2026-01-20T00:00,19.8,63,7.7,1014.9
2026-01-20T01:00,17.3,63,6.2,1015.5
2026-01-20T02:00,14.7,65,4.8,1015.4
2026-01-20T03:00,12.5,66,4.0,1016.1
2026-01-20T04:00,11.8,67,4.0,1017.1
2026-01-20T05:00,11.2,67,3.3,1017.7
2026-01-20T06:00,9.9,68,4.1,1018.4
2026-01-20T07:00,9.2,69,3.7,1018.8
2026-01-20T08:00,11.2,66,4.9,1019.2
2026-01-20T09:00,10.8,70,4.7,1019.9
2026-01-20T10:00,12.5,69,3.5,1020.8
2026-01-20T11:00,15.6,58,5.3,1021.5
2026-01-20T12:00,16.5,59,9.5,1022.2
2026-01-20T13:00,17.0,57,10.8,1022.0
2026-01-20T14:00,18.4,51,12.6,1021.6
2026-01-20T15:00,17.6,53,12.1,1022.3
2026-01-20T16:00,17.2,55,10.3,1022.8
2026-01-20T17:00,16.6,57,8.2,1023.8
2026-01-20T18:00,13.7,60,5.6,1025.0
2026-01-20T19:00,9.5,63,4.0,1025.9
2026-01-20T20:00,9.9,58,4.5,1026.4
2026-01-20T21:00,9.9,60,4.5,1027.1
2026-01-20T22:00,8.7,60,4.5,1027.4
2026-01-20T23:00,10.5,60,5.6,1027.9
2026-01-21T00:00,10.1,63,5.9,1028.4
2026-01-21T01:00,10.1,65,7.2,1028.9
2026-01-21T02:00,8.3,67,6.9,1029.0
2026-01-21T03:00,7.9,71,6.9,1029.5
2026-01-21T04:00,7.7,71,6.8,1029.7
2026-01-21T05:00,7.4,71,6.3,1030.2
2026-01-21T06:00,7.1,73,7.4,1030.0
2026-01-21T07:00,6.5,73,8.1,1030.1
2026-01-21T08:00,6.6,74,8.6,1030.7
2026-01-21T09:00,7.1,72,8.5,1030.5
2026-01-21T10:00,9.8,66,8.4,1030.7
2026-01-21T11:00,12.6,62,9.4,1030.1
2026-01-21T12:00,15.1,59,9.9,1029.3
2026-01-21T13:00,17.5,58,10.8,1027.7
2026-01-21T14:00,20.3,55,11.1,1025.8
2026-01-21T15:00,21.6,54,12.3,1023.7
2026-01-21T16:00,21.9,57,14.3,1023.1
2026-01-21T17:00,22.6,60,15.8,1022.2
2026-01-21T18:00,23.0,60,17.8,1021.0
2026-01-21T19:00,23.4,65,17.5,1020.6
2026-01-21T20:00,24.2,69,17.2,1019.6
2026-01-21T21:00,25.5,75,16.1,1019.0
2026-01-21T22:00,27.3,76,16.5,1018.1
2026-01-21T23:00,28.4,76,17.1,1016.9
2026-01-22T00:00,29.0,77,16.9,1016.2
2026-01-22T01:00,30.6,77,15.4,1015.5
2026-01-22T02:00,30.4,76,14.0,1014.2
2026-01-22T03:00,31.3,74,14.9,1013.1
2026-01-22T04:00,31.5,73,14.3,1011.8
2026-01-22T05:00,31.6,73,13.9,1010.7
2026-01-22T06:00,31.6,74,13.7,1010.1
2026-01-22T07:00,31.4,75,12.3,1010.4
2026-01-22T08:00,30.7,78,9.2,1011.7
2026-01-22T09:00,30.6,78,5.3,1012.2
2026-01-22T10:00,31.6,77,3.6,1012.5
2026-01-22T11:00,34.1,70,4.9,1012.1
2026-01-22T12:00,37.3,67,8.3,1011.9
2026-01-22T13:00,38.7,61,13.1,1011.4
2026-01-22T14:00,40.0,58,11.2,1010.9
2026-01-22T15:00,36.9,61,16.1,1012.2
2026-01-22T16:00,33.5,65,11.1,1013.2
2026-01-22T17:00,31.9,61,10.7,1014.1
2026-01-22T18:00,28.3,66,5.1,1014.6
2026-01-22T19:00,25.0,69,3.7,1014.4
2026-01-22T20:00,28.0,66,3.5,1014.3
2026-01-22T21:00,27.0,68,4.3,1015.1
2026-01-22T22:00,27.0,77,7.7,1015.7
2026-01-22T23:00,26.8,72,7.9,1016.4
2026-01-23T00:00,22.5,72,4.3,1017.0
2026-01-23T01:00,19.5,67,3.7,1017.3
2026-01-23T02:00,24.0,57,6.5,1017.0
2026-01-23T03:00,21.8,63,4.5,1017.2
2026-01-23T04:00,19.2,61,4.6,1017.4
2026-01-23T05:00,19.1,62,3.9,1016.8
2026-01-23T06:00,19.2,60,4.8,1016.0
2026-01-23T07:00,21.8,60,8.1,1016.0
2026-01-23T08:00,24.6,57,11.0,1016.5
2026-01-23T09:00,22.8,65,3.9,1017.4
2026-01-23T10:00,22.9,66,9.7,1018.3
2026-01-23T11:00,22.8,60,11.4,1018.3
2026-01-23T12:00,22.9,57,10.1,1018.5
2026-01-23T13:00,23.5,57,12.0,1018.1
2026-01-23T14:00,25.5,56,13.4,1017.2
2026-01-23T15:00,24.0,55,14.3,1017.2
2026-01-23T16:00,22.2,59,14.9,1018.4
2026-01-23T17:00,20.6,60,14.7,1019.8
2026-01-23T18:00,17.4,47,16.7,1021.6
2026-01-23T19:00,14.4,52,14.2,1023.0
2026-01-23T20:00,15.3,50,14.6,1023.6
2026-01-23T21:00,12.9,58,15.7,1024.8
2026-01-23T22:00,11.7,62,15.2,1026.3
2026-01-23T23:00,10.2,57,13.9,1027.3
2026-01-24T00:00,8.0,58,12.8,1028.5
2026-01-24T01:00,6.0,57,12.0,1029.2
2026-01-24T02:00,6.2,50,12.5,1029.6
2026-01-24T03:00,4.0,50,11.8,1030.9
2026-01-24T04:00,2.0,49,10.8,1032.3
2026-01-24T05:00,0.1,52,8.8,1033.0
2026-01-24T06:00,-1.4,56,6.0,1034.1
2026-01-24T07:00,-2.7,58,5.3,1034.8
2026-01-24T08:00,-2.5,60,5.0,1035.6
2026-01-24T09:00,-3.3,59,3.8,1036.6
2026-01-24T10:00,-1.8,53,6.2,1037.4
2026-01-24T11:00,-0.4,51,7.9,1037.7
2026-01-24T12:00,1.3,48,8.7,1037.7
2026-01-24T13:00,3.2,47,8.6,1037.2
2026-01-24T14:00,7.7,40,7.9,1036.1
2026-01-24T15:00,8.0,42,7.8,1035.9
2026-01-24T16:00,8.1,44,8.7,1036.5
2026-01-24T17:00,6.7,50,9.1,1037.0
2026-01-24T18:00,4.9,57,7.6,1037.7
2026-01-24T19:00,4.0,61,6.3,1038.0
2026-01-24T20:00,5.1,57,6.3,1038.1
2026-01-24T21:00,5.6,60,5.4,1038.6
2026-01-24T22:00,5.0,63,4.2,1038.8
2026-01-24T23:00,5.1,62,4.1,1039.2
2026-01-25T00:00,4.5,61,5.5,1038.3
2026-01-25T01:00,2.9,62,3.8,1037.9
2026-01-25T02:00,3.0,57,4.0,1037.4
2026-01-25T03:00,3.1,57,3.8,1037.7
2026-01-25T04:00,3.4,57,4.7,1037.0
2026-01-25T05:00,3.8,58,6.3,1036.4
2026-01-25T06:00,4.1,58,5.8,1035.6
2026-01-25T07:00,4.2,57,5.1,1035.3
2026-01-25T08:00,2.5,59,5.0,1035.5
2026-01-25T09:00,2.6,63,4.0,1034.1
2026-01-25T10:00,4.9,66,1.9,1034.2
2026-01-25T11:00,7.1,71,2.3,1033.7
2026-01-25T12:00,9.0,73,1.6,1031.8
2026-01-25T13:00,9.8,76,3.1,1029.4
2026-01-25T14:00,5.6,80,5.4,1027.8
2026-01-25T15:00,5.8,80,4.6,1025.9
2026-01-25T16:00,6.5,81,4.9,1024.2
2026-01-25T17:00,8.2,81,3.9,1021.9
2026-01-25T18:00,8.9,83,4.7,1021.0
2026-01-25T19:00,9.6,83,5.0,1018.7
2026-01-25T20:00,6.3,82,6.7,1017.3
2026-01-25T21:00,9.4,79,4.5,1015.2
2026-01-25T22:00,11.0,81,3.4,1013.1
2026-01-25T23:00,11.9,82,6.5,1013.7
2026-01-26T00:00,11.7,83,7.0,1012.7
2026-01-26T01:00,11.5,82,6.3,1011.1
2026-01-26T02:00,11.9,81,6.7,1009.9
2026-01-26T03:00,11.7,83,5.8,1009.2
2026-01-26T04:00,11.7,83,5.2,1009.4
2026-01-26T05:00,11.7,83,4.0,1008.7
2026-01-26T06:00,11.6,85,4.5,1008.5
2026-01-26T07:00,11.7,84,4.3,1008.4
2026-01-26T08:00,11.1,84,5.0,1008.6
2026-01-26T09:00,11.3,83,4.1,1008.8
2026-01-26T10:00,12.6,82,3.2,1008.6
2026-01-26T11:00,14.1,82,2.1,1008.5
2026-01-26T12:00,15.2,82,1.6,1008.2
2026-01-26T13:00,16.6,81,1.7,1007.4
2026-01-26T14:00,17.1,84,3.9,1006.6
2026-01-26T15:00,18.9,80,6.3,1006.3
2026-01-26T16:00,19.3,77,8.6,1006.5
2026-01-26T17:00,18.5,76,10.7,1007.0
2026-01-26T18:00,17.6,73,11.4,1008.0
2026-01-26T19:00,16.6,72,9.6,1008.7
2026-01-26T20:00,15.7,71,9.3,1009.5
2026-01-26T21:00,15.3,73,9.9,1009.6
2026-01-26T22:00,14.0,70,11.8,1010.2
2026-01-26T23:00,11.5,71,9.9,1011.1
2026-01-27T00:00,9.8,71,8.0,1011.9
2026-01-27T01:00,8.8,72,6.9,1012.9
2026-01-27T02:00,9.4,71,8.7,1013.3
2026-01-27T03:00,7.9,70,7.2,1013.9
2026-01-27T04:00,4.6,69,5.1,1014.5
2026-01-27T05:00,0.8,70,4.9,1015.0
2026-01-27T06:00,-1.0,73,4.3,1015.7
2026-01-27T07:00,-1.6,75,3.2,1015.6
2026-01-27T08:00,-0.2,72,0.9,1015.2
2026-01-27T09:00,1.2,73,1.3,1015.3
2026-01-27T10:00,6.2,72,5.6,1015.1
2026-01-27T11:00,10.0,68,7.9,1014.6
2026-01-27T12:00,13.7,62,6.9,1014.0
2026-01-27T13:00,16.6,60,7.9,1012.5
2026-01-27T14:00,17.9,59,9.5,1010.6
2026-01-27T15:00,18.4,62,7.9,1009.8
2026-01-27T16:00,18.9,68,2.9,1009.9
2026-01-27T17:00,18.3,69,5.4,1010.1
2026-01-27T18:00,16.0,65,7.3,1011.0
2026-01-27T19:00,11.5,68,3.9,1011.9
2026-01-27T20:00,8.2,65,1.2,1012.5
2026-01-27T21:00,8.8,66,0.7,1012.9
2026-01-27T22:00,7.8,70,1.2,1013.2
2026-01-27T23:00,5.4,73,1.3,1013.5
2026-01-28T00:00,4.1,74,2.3,1013.6
2026-01-28T01:00,3.0,74,2.1,1013.7
2026-01-28T02:00,2.2,71,2.6,1014.0
2026-01-28T03:00,1.7,74,2.1,1014.6
2026-01-28T04:00,1.5,79,1.4,1014.9
2026-01-28T05:00,0.9,84,1.1,1015.1
2026-01-28T06:00,-0.1,88,1.2,1015.5
2026-01-28T07:00,-0.9,89,1.8,1015.7
2026-01-28T08:00,-0.7,90,0.9,1016.5
2026-01-28T09:00,-1.5,90,1.6,1017.6
2026-01-28T10:00,1.6,84,3.6,1018.2
2026-01-28T11:00,7.4,75,2.8,1018.2
2026-01-28T12:00,12.9,70,2.4,1017.9
2026-01-28T13:00,15.3,69,3.1,1017.0
2026-01-28T14:00,18.8,59,5.0,1015.8
2026-01-28T15:00,19.5,59,6.3,1015.1
2026-01-28T16:00,19.3,59,4.8,1014.8
2026-01-28T17:00,15.5,63,2.6,1014.4
2026-01-28T18:00,10.8,67,1.8,1014.4
2026-01-28T19:00,8.6,69,1.9,1014.8
2026-01-28T20:00,6.7,68,3.9,1014.7
2026-01-28T21:00,5.7,73,4.3,1015.0
2026-01-28T22:00,6.6,74,2.3,1015.2
2026-01-28T23:00,6.3,75,1.6,1015.3
2026-01-29T00:00,4.9,78,1.6,1015.2
2026-01-29T01:00,3.5,80,1.9,1015.1
2026-01-29T02:00,3.3,76,3.2,1015.1
2026-01-29T03:00,3.0,77,3.3,1015.4
2026-01-29T04:00,1.2,80,2.4,1015.5
2026-01-29T05:00,0.1,80,1.9,1015.5
2026-01-29T06:00,-0.3,77,1.3,1015.7
2026-01-29T07:00,-0.9,75,1.2,1015.7
2026-01-29T08:00,-1.2,74,1.3,1016.3
2026-01-29T09:00,-0.9,74,0.6,1017.0
2026-01-29T10:00,1.2,73,0.0,1017.3
2026-01-29T11:00,5.5,67,0.1,1017.3
2026-01-29T12:00,9.3,68,0.6,1017.2
2026-01-29T13:00,12.1,64,1.1,1016.5
2026-01-29T14:00,14.9,62,2.3,1015.7
2026-01-29T15:00,17.0,67,8.4,1015.4
2026-01-29T16:00,17.8,67,8.1,1015.4
2026-01-29T17:00,16.7,69,5.6,1015.2
2026-01-29T18:00,15.4,73,6.3,1015.6
2026-01-29T19:00,12.6,76,6.2,1016.1
2026-01-29T20:00,13.1,68,9.6,1017.1
2026-01-29T21:00,12.6,65,10.6,1017.9
2026-01-29T22:00,9.7,67,6.1,1018.1
2026-01-29T23:00,7.5,72,5.6,1018.2
2026-01-30T00:00,9.4,76,8.0,1018.3
2026-01-30T01:00,8.1,68,9.6,1018.4
2026-01-30T02:00,6.2,60,8.9,1018.0
2026-01-30T03:00,2.8,61,7.0,1018.5
2026-01-30T04:00,-0.4,63,5.5,1018.8
2026-01-30T05:00,-2.7,63,5.5,1019.2
2026-01-30T06:00,-3.9,64,6.3,1019.5
2026-01-30T07:00,-5.2,64,6.6,1019.6
2026-01-30T08:00,-4.2,63,7.8,1020.0
2026-01-30T09:00,-5.3,63,6.3,1020.7
2026-01-30T10:00,-3.4,61,7.0,1020.9
2026-01-30T11:00,-1.3,59,7.0,1020.9
2026-01-30T12:00,0.5,59,5.6,1020.6
2026-01-30T13:00,2.9,61,6.6,1019.9
2026-01-30T14:00,7.3,57,10.9,1019.2
2026-01-30T15:00,9.0,61,12.8,1018.9
2026-01-30T16:00,8.9,65,11.5,1019.2
2026-01-30T17:00,8.4,68,10.1,1019.6
2026-01-30T18:00,7.3,69,8.5,1019.7
2026-01-30T19:00,6.3,70,7.9,1020.3
2026-01-30T20:00,7.2,67,10.2,1020.5
2026-01-30T21:00,6.6,69,7.9,1020.7
2026-01-30T22:00,6.0,71,7.4,1020.5
2026-01-30T23:00,5.4,72,7.2,1020.6
2026-01-31T00:00,3.6,73,6.6,1020.8
2026-01-31T01:00,1.1,75,5.6,1021.0
2026-01-31T02:00,2.7,66,5.6,1020.4
2026-01-31T03:00,1.8,67,5.1,1020.6
2026-01-31T04:00,0.5,68,4.6,1020.8
2026-01-31T05:00,-0.1,70,4.2,1020.9
2026-01-31T06:00,-1.5,71,3.4,1021.0
2026-01-31T07:00,-3.6,75,3.3,1021.3
2026-01-31T08:00,-3.5,71,3.6,1020.9
2026-01-31T09:00,-2.7,71,3.4,1021.4
2026-01-31T10:00,1.6,66,2.8,1021.8
2026-01-31T11:00,5.7,63,2.8,1021.9
2026-01-31T12:00,8.2,60,2.7,1021.7
2026-01-31T13:00,10.3,59,3.5,1021.1
2026-01-31T14:00,13.4,58,5.4,1019.9
2026-01-31T15:00,13.7,59,6.2,1019.5
2026-01-31T16:00,13.6,60,5.2,1019.6
2026-01-31T17:00,12.1,67,3.3,1019.6
2026-01-31T18:00,7.3,71,2.0,1019.7
2026-01-31T19:00,5.0,74,4.0,1019.8
2026-01-31T20:00,4.4,70,4.0,1020.3
2026-01-31T21:00,3.2,74,4.4,1020.3
2026-01-31T22:00,0.6,81,4.3,1020.2
2026-01-31T23:00,0.9,79,6.4,1019.9
2026-02-01T00:00,1.3,75,9.7,1019.1
2026-02-01T01:00,1.4,77,9.7,1018.4
2026-02-01T02:00,3.0,75,9.6,1017.8
2026-02-01T03:00,2.9,77,8.4,1017.8
2026-02-01T04:00,2.1,80,10.6,1016.7
2026-02-01T05:00,1.8,82,9.5,1015.9
2026-02-01T06:00,0.6,82,9.2,1015.1
2026-02-01T07:00,0.8,83,9.1,1014.3
2026-02-01T08:00,-0.3,80,7.5,1015.4
2026-02-01T09:00,0.4,81,10.3,1014.4
2026-02-01T10:00,3.1,77,10.5,1014.3
2026-02-01T11:00,5.4,75,9.5,1014.5
2026-02-01T12:00,8.6,73,10.4,1013.8
2026-02-01T13:00,10.9,73,14.0,1013.0
2026-02-01T14:00,12.0,68,14.4,1012.1
2026-02-01T15:00,13.9,67,12.9,1011.2
2026-02-01T16:00,13.6,69,9.2,1011.0
2026-02-01T17:00,12.9,71,7.8,1011.2
2026-02-01T18:00,10.5,75,8.1,1011.3
2026-02-01T19:00,8.5,77,8.8,1011.7
2026-02-01T20:00,7.9,72,8.9,1012.5
2026-02-01T21:00,7.1,74,9.1,1013.0
2026-02-01T22:00,5.4,78,8.9,1013.5
2026-02-01T23:00,4.1,78,7.5,1013.7
2026-02-02T00:00,2.5,79,6.1,1013.9
2026-02-02T01:00,2.0,77,5.0,1014.0
2026-02-02T02:00,2.6,66,4.9,1014.5
2026-02-02T03:00,2.7,65,5.6,1014.7
2026-02-02T04:00,2.6,66,5.9,1014.9
2026-02-02T05:00,2.4,65,6.1,1015.2
2026-02-02T06:00,2.4,65,6.0,1015.2
2026-02-02T07:00,2.3,64,5.5,1015.6
2026-02-02T08:00,1.9,69,6.1,1016.5
2026-02-02T09:00,2.6,69,5.9,1017.1
2026-02-02T10:00,5.2,67,5.8,1017.5
2026-02-02T11:00,9.0,63,5.9,1017.7
2026-02-02T12:00,12.0,60,5.2,1017.4
2026-02-02T13:00,15.0,57,5.1,1016.7
2026-02-02T14:00,20.8,54,5.5,1015.5
2026-02-02T15:00,22.3,56,4.4,1015.2
2026-02-02T16:00,22.5,61,4.7,1015.4
2026-02-02T17:00,21.3,68,4.4,1015.6
2026-02-02T18:00,18.9,76,5.2,1016.0
2026-02-02T19:00,17.0,79,5.1,1016.5
2026-02-02T20:00,14.4,77,4.5,1016.8
2026-02-02T21:00,14.3,79,5.1,1017.2
2026-02-02T22:00,14.3,81,5.4,1017.8
2026-02-02T23:00,13.5,83,5.1,1018.2
2026-02-03T00:00,11.4,86,4.5,1018.4
2026-02-03T01:00,10.4,87,4.2,1018.7
2026-02-03T02:00,9.4,82,3.9,1018.8
2026-02-03T03:00,9.1,81,3.5,1019.0
2026-02-03T04:00,8.4,81,3.5,1018.9
2026-02-03T05:00,7.9,81,2.2,1019.1
2026-02-03T06:00,6.7,82,2.6,1019.0
2026-02-03T07:00,5.7,82,2.2,1019.2
2026-02-03T08:00,5.8,83,2.6,1019.5
2026-02-03T09:00,7.2,81,1.8,1020.1
2026-02-03T10:00,10.3,77,1.6,1020.5
2026-02-03T11:00,14.4,74,1.1,1020.4
2026-02-03T12:00,17.1,69,1.1,1020.4
2026-02-03T13:00,19.8,66,0.6,1019.9
2026-02-03T14:00,23.4,60,1.3,1019.1
2026-02-03T15:00,25.0,58,0.7,1018.6
2026-02-03T16:00,25.3,65,0.8,1018.3
2026-02-03T17:00,23.0,63,1.0,1018.3
2026-02-03T18:00,17.8,72,1.5,1018.6
2026-02-03T19:00,19.2,71,1.7,1018.9
2026-02-03T20:00,20.6,66,1.8,1018.9
2026-02-03T21:00,22.5,67,1.5,1018.8
2026-02-03T22:00,22.2,70,4.0,1018.8
2026-02-03T23:00,21.0,74,6.0,1018.5
2026-02-04T00:00,21.2,76,4.8,1018.3
2026-02-04T01:00,17.8,76,3.7,1018.5
2026-02-04T02:00,19.0,77,1.3,1018.2
2026-02-04T03:00,22.5,80,2.5,1018.8
2026-02-04T04:00,22.6,81,3.0,1019.0
2026-02-04T05:00,19.0,83,4.1,1019.1
2026-02-04T06:00,16.8,83,5.9,1019.6
2026-02-04T07:00,16.6,81,6.6,1019.7
2026-02-04T08:00,17.6,78,6.2,1020.4
2026-02-04T09:00,16.2,80,4.1,1021.0
2026-02-04T10:00,19.9,77,6.6,1021.5
2026-02-04T11:00,20.8,76,9.7,1022.0
2026-02-04T12:00,21.7,76,10.6,1022.2
2026-02-04T13:00,22.5,76,11.0,1022.0
2026-02-04T14:00,25.2,72,10.9,1021.2
2026-02-04T15:00,25.2,73,9.9,1020.9
2026-02-04T16:00,24.9,73,8.6,1020.9
2026-02-04T17:00,24.1,75,6.2,1020.9
2026-02-04T18:00,20.9,80,5.0,1021.2
2026-02-04T19:00,17.9,83,5.0,1021.1
2026-02-04T20:00,19.4,75,6.3,1021.1
2026-02-04T21:00,18.5,78,6.3,1022.1
2026-02-04T22:00,16.1,81,4.9,1022.2
2026-02-04T23:00,13.0,85,4.6,1021.7
2026-02-05T00:00,11.4,88,3.5,1021.3
2026-02-05T01:00,10.1,90,3.7,1021.0
2026-02-05T02:00,10.4,84,3.4,1020.5
2026-02-05T03:00,11.1,85,2.6,1020.1
2026-02-05T04:00,10.5,88,3.4,1019.9
2026-02-05T05:00,11.0,89,3.7,1019.5
2026-02-05T06:00,11.6,88,3.5,1019.4
2026-02-05T07:00,11.4,89,2.2,1019.1
2026-02-05T08:00,10.8,89,3.6,1019.1
2026-02-05T09:00,12.4,86,4.4,1019.2
2026-02-05T10:00,16.0,80,4.5,1019.1
2026-02-05T11:00,18.0,76,5.8,1018.8
2026-02-05T12:00,19.2,74,5.9,1018.6
2026-02-05T13:00,20.4,71,4.7,1017.7
2026-02-05T14:00,23.5,65,5.2,1016.2
2026-02-05T15:00,24.2,63,4.1,1015.4
2026-02-05T16:00,24.1,64,3.4,1014.8
2026-02-05T17:00,22.1,70,2.8,1014.3
2026-02-05T18:00,17.7,73,2.3,1014.0
2026-02-05T19:00,15.3,76,2.4,1014.1
2026-02-05T20:00,14.0,73,2.7,1014.1
2026-02-05T21:00,14.4,73,2.1,1014.2
2026-02-05T22:00,12.9,75,1.8,1013.9
2026-02-05T23:00,11.8,77,2.2,1013.2
2026-02-06T00:00,10.5,77,2.6,1012.7
2026-02-06T01:00,9.0,81,3.5,1012.1
2026-02-06T02:00,7.2,85,2.6,1011.8
2026-02-06T03:00,7.4,85,1.2,1011.6
2026-02-06T04:00,9.1,85,0.2,1011.1
2026-02-06T05:00,8.7,87,0.1,1010.4
2026-02-06T06:00,8.0,88,0.5,1009.6
2026-02-06T07:00,7.2,88,0.3,1009.3
2026-02-06T08:00,7.9,83,0.3,1008.6
2026-02-06T09:00,8.2,84,0.4,1008.2
2026-02-06T10:00,12.6,75,0.8,1007.6
2026-02-06T11:00,16.9,70,1.0,1006.4
2026-02-06T12:00,19.7,72,3.4,1005.4
2026-02-06T13:00,20.7,74,3.3,1004.1
2026-02-06T14:00,23.4,65,2.0,1003.0
2026-02-06T15:00,25.8,60,1.2,1002.0
2026-02-06T16:00,27.9,58,3.1,1001.2
2026-02-06T17:00,27.9,60,4.0,1000.6
2026-02-06T18:00,25.5,67,6.1,1000.2
2026-02-06T19:00,24.9,70,7.3,1000.2
2026-02-06T20:00,23.8,65,7.4,1000.2
2026-02-06T21:00,23.8,69,7.4,1000.1
2026-02-06T22:00,23.8,73,7.4,999.7
2026-02-06T23:00,23.7,77,8.1,999.3
2026-02-07T00:00,24.0,79,8.0,999.0
2026-02-07T01:00,23.7,84,7.0,998.3
2026-02-07T02:00,24.3,88,5.9,998.1
2026-02-07T03:00,24.1,91,4.2,998.1
2026-02-07T04:00,23.9,92,4.4,997.4
2026-02-07T05:00,22.8,93,2.4,997.1
2026-02-07T06:00,22.0,93,10.6,997.9
2026-02-07T07:00,13.7,77,11.6,999.8
2026-02-07T08:00,9.3,72,13.9,1003.1
2026-02-07T09:00,6.5,70,13.5,1005.7
2026-02-07T10:00,3.3,70,13.0,1007.6
2026-02-07T11:00,1.8,69,12.2,1008.5
2026-02-07T12:00,2.3,66,14.5,1009.2
2026-02-07T13:00,2.6,64,14.8,1009.1
2026-02-07T14:00,2.7,63,15.6,1009.7
2026-02-07T15:00,2.9,62,16.5,1010.3
2026-02-07T16:00,2.7,63,15.4,1011.4
2026-02-07T17:00,2.2,61,14.2,1012.3
2026-02-07T18:00,1.1,62,13.9,1013.7
2026-02-07T19:00,0.5,62,13.3,1014.9
2026-02-07T20:00,0.3,60,13.6,1016.8
2026-02-07T21:00,-1.2,61,12.6,1017.7
2026-02-07T22:00,-2.8,64,11.4,1018.5
2026-02-07T23:00,-4.4,65,10.1,1019.2
2026-02-08T00:00,-5.3,66,8.7,1019.7
2026-02-08T01:00,-6.0,67,8.0,1019.7
2026-02-08T02:00,-3.4,62,9.5,1020.1
2026-02-08T03:00,-3.9,64,9.2,1020.7
2026-02-08T04:00,-4.8,65,8.9,1020.8
2026-02-08T05:00,-5.5,67,8.6,1021.1
2026-02-08T06:00,-6.1,67,8.1,1021.2
2026-02-08T07:00,-6.5,68,8.2,1021.7
2026-02-08T08:00,-6.8,66,8.7,1022.5
2026-02-08T09:00,-6.1,66,9.0,1023.1
2026-02-08T10:00,-4.8,65,8.9,1023.5
2026-02-08T11:00,-3.3,63,10.2,1023.4
2026-02-08T12:00,-1.2,62,9.7,1023.1
2026-02-08T13:00,0.8,62,10.5,1022.6
2026-02-08T14:00,4.0,55,10.5,1021.8
2026-02-08T15:00,4.5,60,10.3,1021.5
2026-02-08T16:00,4.9,63,8.5,1021.8
2026-02-08T17:00,5.0,66,7.9,1022.2
2026-02-08T18:00,4.8,66,10.7,1022.8
2026-02-08T19:00,4.3,68,11.2,1023.9
2026-02-08T20:00,4.3,66,11.4,1024.7
2026-02-08T21:00,3.1,69,9.5,1025.4
2026-02-08T22:00,1.0,72,8.0,1026.3
2026-02-08T23:00,-0.9,72,6.7,1026.9
2026-02-09T00:00,-2.7,73,5.0,1027.1
2026-02-09T01:00,-4.0,73,4.6,1026.9
2026-02-09T02:00,-3.7,66,5.3,1026.7
2026-02-09T03:00,-4.5,66,4.6,1026.7
2026-02-09T04:00,-4.9,66,4.5,1026.5
2026-02-09T05:00,-4.9,65,4.5,1026.3
2026-02-09T06:00,-4.7,65,4.7,1026.1
2026-02-09T07:00,-4.5,64,4.5,1026.0
2026-02-09T08:00,-4.5,69,5.5,1026.8
2026-02-09T09:00,-3.3,69,5.1,1026.6
2026-02-09T10:00,-0.3,66,5.6,1026.9
2026-02-09T11:00,2.8,62,4.8,1026.9
2026-02-09T12:00,6.3,60,3.8,1026.1
2026-02-09T13:00,9.8,57,2.9,1025.4
2026-02-09T14:00,15.6,48,2.7,1024.3
2026-02-09T15:00,17.5,48,1.3,1023.0
2026-02-09T16:00,18.2,53,2.9,1022.8
2026-02-09T17:00,17.5,60,2.6,1022.4
2026-02-09T18:00,14.3,64,3.7,1022.2
2026-02-09T19:00,12.8,67,4.0,1022.4
2026-02-09T20:00,15.3,58,5.0,1022.2
2026-02-09T21:00,15.3,63,3.8,1022.2
2026-02-09T22:00,14.3,64,3.4,1022.0
2026-02-09T23:00,11.7,67,3.3,1021.5
2026-02-10T00:00,11.7,69,3.4,1020.9
2026-02-10T01:00,9.7,70,3.2,1020.6
2026-02-10T02:00,11.3,65,2.8,1020.4
2026-02-10T03:00,14.4,66,4.0,1020.8
2026-02-10T04:00,14.7,70,5.0,1020.9
2026-02-10T05:00,15.0,70,3.7,1020.6
2026-02-10T06:00,13.7,73,2.0,1019.8
2026-02-10T07:00,12.4,71,2.1,1020.0
2026-02-10T08:00,10.4,67,0.7,1019.8
2026-02-10T09:00,12.1,65,0.5,1019.7
2026-02-10T10:00,15.9,61,0.5,1019.6
2026-02-10T11:00,18.9,59,2.1,1019.1
2026-02-10T12:00,22.1,59,3.9,1017.7
2026-02-10T13:00,23.9,60,4.3,1016.5
2026-02-10T14:00,25.3,58,3.9,1014.8
2026-02-10T15:00,28.7,57,5.4,1013.4
2026-02-10T16:00,29.2,65,6.0,1012.2
2026-02-10T17:00,29.6,63,12.3,1010.6
2026-02-10T18:00,30.3,63,12.8,1008.6
2026-02-10T19:00,30.1,65,11.9,1009.0
2026-02-10T20:00,30.4,65,15.0,1007.7
2026-02-10T21:00,29.7,62,15.8,1007.3
2026-02-10T22:00,29.4,61,16.3,1006.5
2026-02-10T23:00,29.1,64,14.1,1005.7
2026-02-11T00:00,29.3,66,11.8,1005.2
2026-02-11T01:00,29.2,71,11.0,1004.5
2026-02-11T02:00,28.8,76,9.2,1004.2
2026-02-11T03:00,28.7,78,7.2,1004.2
2026-02-11T04:00,28.1,83,5.3,1004.2
2026-02-11T05:00,27.5,86,1.0,1003.9
2026-02-11T06:00,30.0,82,3.9,1003.8
2026-02-11T07:00,31.7,83,6.9,1003.9
2026-02-11T08:00,31.6,85,6.7,1004.1
2026-02-11T09:00,32.0,86,5.6,1004.4
2026-02-11T10:00,33.6,85,7.1,1004.4
2026-02-11T11:00,34.4,82,6.6,1004.3
2026-02-11T12:00,34.8,74,11.7,1004.2
2026-02-11T13:00,34.3,73,12.4,1003.6
2026-02-11T14:00,34.4,74,11.4,1003.6
2026-02-11T15:00,34.3,78,13.7,1003.5
2026-02-11T16:00,34.0,79,13.5,1003.6
2026-02-11T17:00,33.1,80,13.9,1004.1
2026-02-11T18:00,31.9,82,12.8,1004.4
2026-02-11T19:00,31.1,83,13.0,1004.8
2026-02-11T20:00,31.2,82,12.3,1005.4
2026-02-11T21:00,30.8,78,12.2,1006.2
2026-02-11T22:00,28.1,74,11.4,1007.4
2026-02-11T23:00,26.1,76,9.5,1008.0
2026-02-12T00:00,25.1,77,9.1,1008.4
2026-02-12T01:00,24.5,77,10.1,1008.6
2026-02-12T02:00,25.1,76,10.3,1009.1
2026-02-12T03:00,24.6,78,10.5,1009.5
2026-02-12T04:00,23.8,79,10.3,1009.9
2026-02-12T05:00,23.4,80,9.9,1010.3
2026-02-12T06:00,23.1,81,9.6,1010.8
2026-02-12T07:00,23.0,81,9.2,1011.2
2026-02-12T08:00,22.1,78,8.5,1012.3
2026-02-12T09:00,23.8,77,9.3,1013.1
2026-02-12T10:00,25.0,78,9.0,1013.5
2026-02-12T11:00,25.9,74,12.2,1013.8
2026-02-12T12:00,27.0,70,12.0,1013.9
2026-02-12T13:00,27.2,69,11.3,1013.8
2026-02-12T14:00,29.7,63,10.6,1013.4
2026-02-12T15:00,30.2,64,10.7,1013.3
2026-02-12T16:00,29.7,69,10.2,1013.6
2026-02-12T17:00,28.8,71,10.0,1013.8
2026-02-12T18:00,27.5,72,10.4,1014.4
2026-02-12T19:00,25.9,74,10.5,1015.4
2026-02-12T20:00,23.8,75,10.6,1015.7
2026-02-12T21:00,22.1,76,9.1,1016.4
2026-02-12T22:00,19.3,79,6.7,1017.2
2026-02-12T23:00,17.1,81,5.9,1017.5
2026-02-13T00:00,15.6,82,5.3,1017.7
2026-02-13T01:00,13.6,83,4.9,1018.0
2026-02-13T02:00,14.4,77,5.2,1018.2
2026-02-13T03:00,12.5,78,4.4,1018.7
2026-02-13T04:00,9.5,80,4.1,1019.0
2026-02-13T05:00,8.0,81,3.4,1019.0
2026-02-13T06:00,7.1,81,3.0,1019.2
2026-02-13T07:00,6.4,80,2.6,1019.4
2026-02-13T08:00,6.9,79,2.7,1019.9
2026-02-13T09:00,8.9,78,2.9,1020.7
2026-02-13T10:00,13.7,71,2.4,1021.2
2026-02-13T11:00,17.7,66,3.1,1021.6
2026-02-13T12:00,20.5,65,2.6,1021.1
2026-02-13T13:00,22.5,67,3.8,1020.4
2026-02-13T14:00,26.3,64,5.4,1019.3
2026-02-13T15:00,27.3,66,4.9,1018.5
2026-02-13T16:00,27.6,67,4.3,1018.4
2026-02-13T17:00,26.5,71,4.1,1018.5
2026-02-13T18:00,22.0,76,4.3,1018.7
2026-02-13T19:00,18.2,80,4.5,1019.2
2026-02-13T20:00,19.1,77,3.7,1018.7
2026-02-13T21:00,17.6,79,2.6,1018.6
2026-02-13T22:00,17.1,79,1.6,1018.5
2026-02-13T23:00,16.1,80,1.5,1018.7
2026-02-14T00:00,16.2,77,1.6,1018.4
2026-02-14T01:00,17.8,74,0.7,1018.0
2026-02-14T02:00,19.9,73,1.2,1017.4
2026-02-14T03:00,21.2,76,3.9,1017.2
2026-02-14T04:00,20.8,81,5.0,1017.0
2026-02-14T05:00,21.1,81,6.3,1016.3
2026-02-14T06:00,19.2,82,6.0,1016.1
2026-02-14T07:00,20.7,82,6.6,1016.2
2026-02-14T08:00,22.6,80,6.5,1016.3
2026-02-14T09:00,23.8,80,6.5,1016.2
2026-02-14T10:00,25.2,79,6.2,1016.3
2026-02-14T11:00,27.1,78,5.4,1016.1
2026-02-14T12:00,30.0,75,4.4,1015.9
2026-02-14T13:00,32.0,74,3.0,1015.6
2026-02-14T14:00,31.5,70,1.4,1015.7
2026-02-14T15:00,33.2,71,2.4,1015.5
2026-02-14T16:00,35.1,72,5.8,1015.6
2026-02-14T17:00,34.5,79,6.5,1015.8
2026-02-14T18:00,32.8,80,5.7,1015.9
2026-02-14T19:00,30.7,83,4.6,1016.5
2026-02-14T20:00,30.3,79,4.7,1016.8
2026-02-14T21:00,29.8,80,5.5,1017.0
2026-02-14T22:00,25.8,83,4.7,1016.7
2026-02-14T23:00,23.5,85,4.0,1016.9
2026-02-15T00:00,23.1,87,1.9,1016.5
2026-02-15T01:00,23.3,89,0.8,1016.4
2026-02-15T02:00,22.9,86,1.2,1016.2
2026-02-15T03:00,22.5,89,1.2,1016.3
2026-02-15T04:00,22.9,90,2.2,1016.3
2026-02-15T05:00,23.3,91,2.5,1016.5
2026-02-15T06:00,22.3,92,3.8,1016.6
2026-02-15T07:00,23.4,90,4.9,1017.2
2026-02-15T08:00,21.9,83,6.1,1017.4
2026-02-15T09:00,23.3,84,8.2,1018.2
2026-02-15T10:00,24.8,77,7.7,1019.3
2026-02-15T11:00,25.5,74,6.6,1019.4
2026-02-15T12:00,26.7,71,5.4,1019.7
2026-02-15T13:00,27.4,66,5.7,1019.2
2026-02-15T14:00,28.9,56,6.0,1018.0
2026-02-15T15:00,29.7,55,4.6,1017.8
2026-02-15T16:00,30.2,56,3.4,1017.6
2026-02-15T17:00,29.2,63,2.8,1017.6
2026-02-15T18:00,26.8,69,3.6,1017.1
2026-02-15T19:00,22.1,79,2.9,1017.2
2026-02-15T20:00,23.7,80,5.1,1016.5
2026-02-15T21:00,27.6,72,3.7,1016.7
2026-02-15T22:00,26.5,68,3.9,1017.6
2026-02-15T23:00,27.9,64,6.9,1017.8
2026-02-16T00:00,28.9,60,10.3,1017.7
2026-02-16T01:00,28.2,62,9.5,1017.5
2026-02-16T02:00,28.8,60,8.9,1017.0
2026-02-16T03:00,28.5,59,7.7,1017.2
2026-02-16T04:00,28.6,57,6.3,1017.2
2026-02-16T05:00,28.0,57,6.1,1017.7
2026-02-16T06:00,27.9,59,4.3,1017.9
2026-02-16T07:00,27.0,62,3.2,1018.4
2026-02-16T08:00,26.7,63,2.8,1018.8
2026-02-16T09:00,28.9,65,3.8,1019.7
2026-02-16T10:00,30.9,60,3.0,1020.1
2026-02-16T11:00,32.5,60,3.4,1020.0
2026-02-16T12:00,33.6,62,4.4,1019.9
2026-02-16T13:00,34.9,63,4.2,1019.2
2026-02-16T14:00,34.6,61,3.8,1018.8
2026-02-16T15:00,35.4,62,3.4,1018.4
2026-02-16T16:00,35.9,63,3.2,1018.5
2026-02-16T17:00,36.0,66,2.9,1018.4
2026-02-16T18:00,35.2,71,3.5,1018.3
2026-02-16T19:00,33.7,77,4.9,1018.6
2026-02-16T20:00,33.3,75,4.2,1018.7
2026-02-16T21:00,32.8,75,5.6,1019.0
2026-02-16T22:00,33.3,72,7.4,1018.9
2026-02-16T23:00,32.6,72,8.1,1019.0
2026-02-17T00:00,31.6,72,9.8,1018.9
2026-02-17T01:00,32.9,73,10.4,1018.1
2026-02-17T02:00,33.4,73,8.9,1017.8
2026-02-17T03:00,33.6,74,9.5,1017.6
2026-02-17T04:00,34.2,77,9.8,1017.1
2026-02-17T05:00,33.1,82,9.6,1016.9
2026-02-17T06:00,32.5,87,9.2,1016.9
2026-02-17T07:00,33.3,89,9.2,1016.8
2026-02-17T08:00,34.0,91,9.1,1017.3
2026-02-17T09:00,34.9,91,9.0,1017.2
2026-02-17T10:00,35.7,91,8.8,1017.0
2026-02-17T11:00,36.6,90,8.9,1017.1
2026-02-17T12:00,37.4,89,8.3,1016.7
2026-02-17T13:00,38.0,88,6.8,1016.1
2026-02-17T14:00,37.8,87,4.7,1016.2
2026-02-17T15:00,37.8,87,3.1,1015.8
2026-02-17T16:00,38.4,86,2.7,1015.7
2026-02-17T17:00,38.7,85,1.6,1015.9
2026-02-17T18:00,38.4,86,0.7,1015.9
2026-02-17T19:00,38.7,86,0.4,1016.2
2026-02-17T20:00,35.8,92,2.9,1016.7
2026-02-17T21:00,35.8,92,1.4,1016.8
2026-02-17T22:00,35.1,93,2.5,1016.8
2026-02-17T23:00,36.9,94,3.1,1016.6
2026-02-18T00:00,36.9,95,0.4,1016.2
2026-02-18T01:00,36.8,95,1.5,1015.7
2026-02-18T02:00,36.0,95,3.0,1015.4
2026-02-18T03:00,36.1,97,2.0,1014.9
2026-02-18T04:00,35.9,98,2.5,1014.2
2026-02-18T05:00,35.9,98,2.4,1014.1
2026-02-18T06:00,35.9,97,3.4,1013.6
2026-02-18T07:00,35.7,97,4.2,1013.4
2026-02-18T08:00,34.3,96,1.8,1013.1
2026-02-18T09:00,34.6,95,2.4,1012.6
2026-02-18T10:00,35.6,91,3.3,1012.3
2026-02-18T11:00,35.9,90,3.5,1011.6
2026-02-18T12:00,36.9,85,1.9,1010.8
2026-02-18T13:00,37.7,83,3.3,1009.9
2026-02-18T14:00,36.8,86,4.4,1008.5
2026-02-18T15:00,36.7,87,4.3,1008.6
2026-02-18T16:00,35.3,92,5.9,1008.3
2026-02-18T17:00,34.2,90,7.5,1007.9
2026-02-18T18:00,32.1,87,9.2,1008.1
2026-02-18T19:00,30.9,82,8.6,1008.7
2026-02-18T20:00,29.8,69,9.0,1009.9
2026-02-18T21:00,28.2,71,9.2,1009.6
2026-02-18T22:00,27.3,75,7.3,1010.0
2026-02-18T23:00,27.0,78,6.3,1010.7
2026-02-19T00:00,26.7,81,5.3,1011.5
2026-02-19T01:00,26.6,83,5.4,1012.5
2026-02-19T02:00,27.0,78,6.4,1012.9
2026-02-19T03:00,27.1,81,4.6,1013.2
2026-02-19T04:00,26.8,86,3.9,1013.8
2026-02-19T05:00,26.7,88,4.0,1014.1
2026-02-19T06:00,26.3,91,0.5,1014.4
2026-02-19T07:00,24.0,92,0.4,1015.3
2026-02-19T08:00,25.7,87,3.2,1016.5
2026-02-19T09:00,27.0,86,1.7,1017.3
2026-02-19T10:00,28.7,82,2.4,1018.0
2026-02-19T11:00,29.7,79,2.2,1018.5
2026-02-19T12:00,31.1,77,0.5,1018.1
2026-02-19T13:00,33.3,75,1.6,1017.3
2026-02-19T14:00,34.5,70,2.4,1017.0
2026-02-19T15:00,35.4,73,0.7,1016.2
2026-02-19T16:00,36.2,71,0.5,1015.6
2026-02-19T17:00,36.1,72,1.1,1015.9
2026-02-19T18:00,36.0,71,0.7,1016.0
2026-02-19T19:00,35.2,71,4.6,1016.1
2026-02-19T20:00,35.5,70,4.8,1015.9
2026-02-19T21:00,34.9,70,4.3,1015.9
2026-02-19T22:00,33.4,73,6.3,1015.3
2026-02-19T23:00,32.0,74,7.2,1015.7
2026-02-20T00:00,30.7,77,6.3,1015.4
2026-02-20T01:00,30.2,78,6.8,1015.3
2026-02-20T02:00,32.4,71,8.2,1014.2
2026-02-20T03:00,31.7,71,7.0,1014.0
2026-02-20T04:00,31.1,71,6.4,1013.6
2026-02-20T05:00,32.0,69,6.9,1012.3
2026-02-20T06:00,32.1,71,6.9,1012.0
2026-02-20T07:00,32.5,73,8.9,1012.3
2026-02-20T08:00,33.0,68,8.8,1011.6
2026-02-20T09:00,33.9,68,8.8,1011.1
2026-02-20T10:00,35.1,67,8.1,1010.8
2026-02-20T11:00,35.5,66,3.9,1010.2
2026-02-20T12:00,35.2,68,7.3,1009.5
2026-02-20T13:00,33.7,77,7.7,1007.8
2026-02-20T14:00,33.3,82,7.8,1005.7
2026-02-20T15:00,34.0,83,2.7,1003.6
2026-02-20T16:00,34.1,86,3.1,1002.7
2026-02-20T17:00,33.5,94,6.8,1002.3
2026-02-20T18:00,33.5,93,2.0,1002.5
2026-02-20T19:00,33.3,90,1.7,1003.1
2026-02-20T20:00,33.2,97,3.9,1004.3
2026-02-20T21:00,33.3,93,0.9,1004.4
2026-02-20T22:00,32.9,95,0.8,1004.7
2026-02-20T23:00,32.8,97,1.8,1004.4
2026-02-21T00:00,32.0,98,1.3,1004.6
2026-02-21T01:00,31.7,100,0.6,1004.8
2026-02-21T02:00,31.5,98,0.3,1005.3
2026-02-21T03:00,31.7,95,0.4,1005.7
2026-02-21T04:00,30.2,96,0.6,1006.1
2026-02-21T05:00,31.2,95,0.7,1006.4
2026-02-21T06:00,30.6,94,1.1,1007.0
2026-02-21T07:00,30.1,94,0.6,1007.7
2026-02-21T08:00,32.8,89,1.4,1009.1
2026-02-21T09:00,34.0,86,0.6,1010.1
2026-02-21T10:00,36.0,83,4.3,1010.9
2026-02-21T11:00,36.1,85,5.3,1012.2
2026-02-21T12:00,36.0,87,4.4,1012.8
2026-02-21T13:00,36.0,85,4.4,1013.0
2026-02-21T14:00,36.7,85,3.1,1013.4
2026-02-21T15:00,36.7,81,6.5,1013.6
2026-02-21T16:00,35.5,82,6.6,1014.3
2026-02-21T17:00,35.0,84,5.7,1014.8
2026-02-21T18:00,33.7,89,5.4,1015.5
2026-02-21T19:00,30.8,94,5.4,1016.4
2026-02-21T20:00,30.8,93,6.0,1017.3
2026-02-21T21:00,29.6,93,4.8,1017.9
2026-02-21T22:00,27.5,94,3.9,1018.7
2026-02-21T23:00,25.4,93,3.5,1019.0
2026-02-22T00:00,24.4,93,3.4,1019.1
2026-02-22T01:00,24.1,94,3.5,1019.1
2026-02-22T02:00,22.9,93,3.0,1019.5
2026-02-22T03:00,23.6,92,2.5,1019.3
2026-02-22T04:00,24.4,93,1.7,1018.7
2026-02-22T05:00,24.4,93,1.5,1018.8
2026-02-22T06:00,24.7,91,1.5,1018.4
2026-02-22T07:00,25.7,89,0.6,1018.2
2026-02-22T08:00,26.3,89,0.5,1018.7
2026-02-22T09:00,28.5,88,1.5,1018.7
2026-02-22T10:00,30.3,87,1.2,1018.6
2026-02-22T11:00,32.6,81,1.3,1017.7
2026-02-22T12:00,35.2,73,0.3,1017.1
2026-02-22T13:00,36.5,69,3.4,1016.6
2026-02-22T14:00,35.1,72,4.7,1016.5
2026-02-22T15:00,34.2,74,4.6,1015.6
2026-02-22T16:00,35.6,68,4.2,1015.4
2026-02-22T17:00,35.1,71,3.7,1015.2
2026-02-22T18:00,33.8,76,4.5,1014.2
2026-02-22T19:00,32.7,79,5.4,1014.1
2026-02-22T20:00,31.8,81,5.9,1013.6
2026-02-22T21:00,30.7,81,5.2,1012.8
2026-02-22T22:00,29.1,80,3.6,1013.3
2026-02-22T23:00,29.2,83,5.0,1012.2
2026-02-23T00:00,28.4,86,5.7,1011.5
2026-02-23T01:00,27.6,88,7.3,1010.3
2026-02-23T02:00,28.8,87,9.7,1009.1
2026-02-23T03:00,28.3,86,10.6,1007.7
2026-02-23T04:00,28.2,85,11.3,1006.4
2026-02-23T05:00,28.5,84,13.2,1005.2
2026-02-23T06:00,28.6,83,14.8,1003.9
2026-02-23T07:00,28.0,84,14.3,1004.0
2026-02-23T08:00,27.6,85,15.1,1004.0
2026-02-23T09:00,27.1,84,16.1,1003.4
2026-02-23T10:00,27.0,82,14.7,1003.7
2026-02-23T11:00,27.0,83,13.6,1003.3
2026-02-23T12:00,27.5,81,14.8,1002.9
2026-02-23T13:00,28.3,79,14.8,1002.5
2026-02-23T14:00,29.5,70,15.4,1002.5
2026-02-23T15:00,29.4,68,13.6,1002.4
2026-02-23T16:00,29.0,66,12.6,1002.8
2026-02-23T17:00,29.2,64,11.6,1002.8
2026-02-23T18:00,28.5,65,12.0,1003.3
2026-02-23T19:00,27.8,67,10.5,1004.2
2026-02-23T20:00,27.6,67,10.6,1005.0
2026-02-23T21:00,27.5,66,10.9,1005.4
2026-02-23T22:00,26.3,67,11.3,1005.8
2026-02-23T23:00,25.4,71,10.3,1005.8
2026-02-24T00:00,24.8,74,10.5,1005.5
2026-02-24T01:00,24.0,74,10.8,1005.7
2026-02-24T02:00,24.5,71,11.7,1006.0
2026-02-24T03:00,22.0,74,10.1,1006.8
2026-02-24T04:00,19.3,76,10.5,1007.5
2026-02-24T05:00,16.4,76,11.4,1008.3
2026-02-24T06:00,14.1,76,11.5,1009.1
2026-02-24T07:00,12.1,75,11.0,1010.0
2026-02-24T08:00,13.0,76,9.9,1010.7
2026-02-24T09:00,13.5,73,9.3,1011.4
2026-02-24T10:00,14.7,69,9.4,1011.6
2026-02-24T11:00,15.6,71,13.2,1011.9
2026-02-24T12:00,16.7,73,12.0,1011.7
2026-02-24T13:00,17.7,73,10.9,1011.2
2026-02-24T14:00,20.7,69,11.6,1010.3
2026-02-24T15:00,20.9,69,11.1,1010.1
2026-02-24T16:00,21.1,69,10.3,1009.9
2026-02-24T17:00,20.5,71,9.6,1010.2
2026-02-24T18:00,18.7,75,7.4,1011.0
2026-02-24T19:00,16.5,78,7.0,1011.8
2026-02-24T20:00,14.9,76,4.9,1011.7
2026-02-24T21:00,12.6,77,1.9,1011.6
2026-02-24T22:00,11.8,76,0.3,1011.7
2026-02-24T23:00,9.5,79,2.9,1010.7
2026-02-25T00:00,8.8,77,4.0,1009.7
2026-02-25T01:00,9.1,75,5.8,1009.2
2026-02-25T02:00,13.6,69,8.2,1008.8
2026-02-25T03:00,17.6,65,9.9,1007.1
2026-02-25T04:00,20.4,64,13.2,1006.1
2026-02-25T05:00,20.8,68,14.0,1005.0
2026-02-25T06:00,22.9,75,16.6,1004.0
2026-02-25T07:00,24.2,80,17.7,1003.2
2026-02-25T08:00,24.4,82,17.0,1002.8
2026-02-25T09:00,25.3,83,15.9,1002.6
2026-02-25T10:00,26.0,84,12.3,1002.4
2026-02-25T11:00,27.5,83,11.7,1002.0
2026-02-25T12:00,30.5,79,11.5,1001.4
2026-02-25T13:00,34.1,74,11.1,1000.6
2026-02-25T14:00,33.5,73,9.5,1000.5
2026-02-25T15:00,35.1,71,9.3,1000.0
2026-02-25T16:00,35.9,72,9.3,999.6
2026-02-25T17:00,36.8,72,9.7,998.9
2026-02-25T18:00,36.2,72,9.5,998.8
2026-02-25T19:00,35.7,75,11.7,999.0
2026-02-25T20:00,33.5,80,10.1,1000.0
2026-02-25T21:00,35.0,80,11.2,1000.4
2026-02-25T22:00,32.0,85,3.3,1002.3
2026-02-25T23:00,32.1,83,1.7,1003.1
2026-02-26T00:00,32.5,88,3.3,1003.3
2026-02-26T01:00,28.5,87,3.2,1003.8
2026-02-26T02:00,33.1,83,3.1,1004.9
2026-02-26T03:00,32.4,83,6.5,1005.9
2026-02-26T04:00,31.2,81,7.2,1006.6
2026-02-26T05:00,29.7,83,2.9,1007.1
2026-02-26T06:00,27.0,82,1.8,1007.6
2026-02-26T07:00,24.0,81,0.8,1008.3
2026-02-26T08:00,27.0,77,5.1,1009.5
2026-02-26T09:00,28.0,75,5.0,1011.0
2026-02-26T10:00,30.0,70,7.1,1011.6
2026-02-26T11:00,30.3,70,9.0,1012.3
2026-02-26T12:00,30.3,69,8.2,1012.2
2026-02-26T13:00,30.7,64,8.6,1011.8
2026-02-26T14:00,31.3,59,8.3,1011.4
2026-02-26T15:00,31.1,59,8.1,1011.2
2026-02-26T16:00,31.0,60,7.6,1011.6
2026-02-26T17:00,29.9,64,7.1,1011.6
2026-02-26T18:00,27.1,67,5.7,1011.8
2026-02-26T19:00,24.0,71,6.4,1012.4
2026-02-26T20:00,25.1,70,5.8,1012.5
2026-02-26T21:00,24.6,72,5.8,1013.1
2026-02-26T22:00,21.6,74,4.3,1013.7
2026-02-26T23:00,18.4,75,3.7,1014.2
2026-02-27T00:00,17.5,74,3.7,1014.2
2026-02-27T01:00,16.2,75,3.7,1014.3
2026-02-27T02:00,20.0,71,4.9,1014.3
2026-02-27T03:00,16.9,69,3.5,1014.8
2026-02-27T04:00,15.1,69,3.7,1015.0
2026-02-27T05:00,13.7,70,3.1,1015.4
2026-02-27T06:00,13.1,69,1.6,1015.7
2026-02-27T07:00,12.2,71,0.4,1016.2
2026-02-27T08:00,11.7,77,0.9,1016.9
2026-02-27T09:00,15.5,71,3.4,1018.0
2026-02-27T10:00,21.9,64,3.4,1018.0
2026-02-27T11:00,26.8,60,4.8,1018.0
2026-02-27T12:00,31.3,58,5.9,1017.6
2026-02-27T13:00,34.3,58,7.6,1017.1
2026-02-27T14:00,36.9,55,5.7,1016.1
2026-02-27T15:00,38.8,56,4.2,1015.9
2026-02-27T16:00,39.3,58,4.1,1015.8
2026-02-27T17:00,38.5,63,2.7,1015.9
2026-02-27T18:00,36.1,62,1.8,1016.0
2026-02-27T19:00,35.9,67,6.8,1016.9
2026-02-27T20:00,34.4,66,9.5,1017.4
2026-02-27T21:00,34.4,68,11.3,1017.6
2026-02-27T22:00,33.7,71,11.4,1017.5
2026-02-27T23:00,33.3,73,12.1,1017.4
2026-02-28T00:00,32.9,76,12.4,1017.1
2026-02-28T01:00,33.0,76,12.6,1017.0
2026-02-28T02:00,33.0,72,12.1,1016.9
2026-02-28T03:00,33.8,73,11.6,1016.6
2026-02-28T04:00,33.6,75,12.0,1016.1
2026-02-28T05:00,33.5,78,12.2,1016.0
2026-02-28T06:00,33.4,80,12.9,1015.9
2026-02-28T07:00,33.7,81,14.5,1015.7
2026-02-28T08:00,34.6,78,15.8,1015.4
2026-02-28T09:00,36.5,77,16.1,1016.1
2026-02-28T10:00,38.3,76,17.0,1015.4
2026-02-28T11:00,39.0,77,19.0,1014.3
2026-02-28T12:00,40.3,77,18.4,1013.6
2026-02-28T13:00,41.1,77,17.7,1013.9
2026-02-28T14:00,43.5,66,14.3,1013.6
2026-02-28T15:00,44.8,66,11.2,1013.6
2026-02-28T16:00,44.3,67,8.8,1013.2
2026-02-28T17:00,43.2,69,7.7,1013.2
2026-02-28T18:00,41.2,74,5.7,1014.4
2026-02-28T19:00,37.3,80,4.5,1015.9
2026-02-28T20:00,37.8,69,3.5,1015.9
2026-02-28T21:00,33.9,65,4.1,1016.7
2026-02-28T22:00,31.5,63,3.7,1017.2
2026-02-28T23:00,30.6,62,1.7,1017.4
2026-03-01T00:00,27.9,66,2.3,1017.1
2026-03-01T01:00,25.4,74,2.3,1017.2
2026-03-01T02:00,28.5,71,4.8,1017.3
2026-03-01T03:00,30.2,73,7.6,1017.9
2026-03-01T04:00,30.1,74,8.1,1018.4
2026-03-01T05:00,29.4,78,5.6,1018.1
2026-03-01T06:00,28.6,81,6.6,1018.6
2026-03-01T07:00,27.6,84,6.9,1019.9
2026-03-01T08:00,26.8,87,7.5,1020.5
2026-03-01T09:00,27.0,89,8.4,1021.1
2026-03-01T10:00,23.8,82,11.5,1022.6
2026-03-01T11:00,23.4,79,12.4,1023.4
2026-03-01T12:00,23.7,75,12.0,1024.0
2026-03-01T13:00,24.5,75,10.9,1024.4
2026-03-01T14:00,29.0,62,7.2,1022.9
2026-03-01T15:00,30.5,60,4.5,1023.1
2026-03-01T16:00,30.0,61,7.2,1023.8
2026-03-01T17:00,28.2,63,8.4,1024.5
2026-03-01T18:00,26.3,63,6.5,1025.6
2026-03-01T19:00,23.6,68,5.7,1027.4
2026-03-01T20:00,22.5,60,9.6,1028.3
2026-03-01T21:00,19.9,64,6.2,1029.5
2026-03-01T22:00,14.5,71,4.2,1030.8
2026-03-01T23:00,11.2,74,4.5,1031.7
2026-03-02T00:00,10.1,68,6.5,1032.5
2026-03-02T01:00,8.9,61,7.8,1033.6
2026-03-02T02:00,10.1,53,8.3,1033.6
2026-03-02T03:00,10.8,51,8.5,1034.1
2026-03-02T04:00,9.7,52,9.0,1034.4
2026-03-02T05:00,8.6,54,6.7,1034.9
2026-03-02T06:00,6.3,59,5.3,1035.3
2026-03-02T07:00,3.9,61,4.0,1035.9
2026-03-02T08:00,4.6,62,5.5,1037.0
2026-03-02T09:00,8.6,62,2.8,1037.7
2026-03-02T10:00,14.5,45,1.4,1037.9
2026-03-02T11:00,17.1,47,2.4,1038.0
2026-03-02T12:00,19.2,46,2.6,1037.6
2026-03-02T13:00,20.6,46,2.2,1037.5
2026-03-02T14:00,23.0,40,2.2,1036.4
2026-03-02T15:00,24.0,42,1.5,1035.6
2026-03-02T16:00,24.8,44,0.4,1035.2
2026-03-02T17:00,24.3,50,2.2,1035.0
2026-03-02T18:00,21.2,57,3.9,1035.0
2026-03-02T19:00,17.1,66,6.2,1035.4
2026-03-02T20:00,16.9,66,6.8,1035.2
2026-03-02T21:00,18.3,65,7.8,1035.3
2026-03-02T22:00,18.6,64,6.8,1035.2
2026-03-02T23:00,18.4,66,7.0,1035.3
2026-03-03T00:00,18.7,67,8.6,1035.0
2026-03-03T01:00,18.8,69,9.6,1034.8
2026-03-03T02:00,18.9,69,10.3,1034.7
2026-03-03T03:00,19.5,70,10.0,1034.6
2026-03-03T04:00,19.4,73,9.5,1034.1
2026-03-03T05:00,19.3,74,8.8,1033.8
2026-03-03T06:00,18.9,75,8.9,1033.7
2026-03-03T07:00,18.7,76,9.4,1033.8
2026-03-03T08:00,19.6,77,9.9,1033.3
2026-03-03T09:00,23.9,75,11.0,1033.4
2026-03-03T10:00,27.5,75,9.4,1033.1
2026-03-03T11:00,30.3,72,10.4,1032.5
2026-03-03T12:00,30.6,71,10.8,1031.9
2026-03-03T13:00,29.7,81,10.9,1030.9
2026-03-03T14:00,29.4,82,9.6,1029.9
2026-03-03T15:00,31.1,83,7.7,1029.0
2026-03-03T16:00,31.2,86,8.1,1027.7
2026-03-03T17:00,32.0,86,9.6,1026.2
2026-03-03T18:00,31.7,89,9.7,1025.2
2026-03-03T19:00,32.1,88,10.2,1023.9
2026-03-03T20:00,32.9,86,10.6,1022.7
2026-03-03T21:00,33.8,88,9.0,1022.4
2026-03-03T22:00,34.4,90,10.9,1021.4
2026-03-03T23:00,34.7,92,11.0,1020.7
2026-03-04T00:00,34.5,94,9.2,1020.3
2026-03-04T01:00,34.4,94,6.3,1020.3
2026-03-04T02:00,33.8,96,3.6,1021.2
2026-03-04T03:00,33.7,96,2.5,1021.3
2026-03-04T04:00,32.8,97,1.6,1021.0
2026-03-04T05:00,31.6,98,0.7,1021.4
2026-03-04T06:00,32.3,98,1.2,1021.8
2026-03-04T07:00,33.6,96,3.6,1022.2
2026-03-04T08:00,33.9,94,4.3,1023.2
2026-03-04T09:00,35.3,90,2.8,1023.9
2026-03-04T10:00,36.5,88,3.7,1024.8
2026-03-04T11:00,37.0,87,4.4,1025.2
2026-03-04T12:00,38.5,81,3.0,1025.0
2026-03-04T13:00,40.1,76,1.3,1024.4
2026-03-04T14:00,41.0,74,1.6,1023.3
2026-03-04T15:00,42.3,68,3.1,1022.5
2026-03-04T16:00,42.4,67,2.2,1022.2
2026-03-04T17:00,43.2,64,0.8,1022.2
2026-03-04T18:00,40.6,66,0.3,1021.8
2026-03-04T19:00,36.9,72,0.1,1021.8
2026-03-04T20:00,37.4,65,1.4,1021.9
2026-03-04T21:00,35.8,65,2.5,1022.6
2026-03-04T22:00,34.3,64,2.1,1022.7
2026-03-04T23:00,35.0,61,0.9,1022.7
2026-03-05T00:00,33.9,62,0.7,1022.4
2026-03-05T01:00,31.7,65,1.1,1022.1
2026-03-05T02:00,32.4,67,2.7,1021.3
2026-03-05T03:00,31.5,71,1.9,1021.7
2026-03-05T04:00,30.9,72,2.3,1021.8
2026-03-05T05:00,31.5,72,1.6,1021.8
2026-03-05T06:00,30.8,74,0.5,1021.7
2026-03-05T07:00,29.7,76,0.5,1022.0
2026-03-05T08:00,31.5,77,0.5,1022.0
2026-03-05T09:00,33.5,78,3.5,1023.1
2026-03-05T10:00,36.5,76,2.6,1023.1
2026-03-05T11:00,36.8,80,4.6,1023.7
2026-03-05T12:00,37.4,79,2.9,1023.9
2026-03-05T13:00,37.4,81,2.3,1024.3
2026-03-05T14:00,37.2,84,2.0,1023.7
2026-03-05T15:00,37.9,82,1.7,1023.2
2026-03-05T16:00,38.1,83,2.2,1023.2
2026-03-05T17:00,38.4,83,1.1,1023.2
2026-03-05T18:00,38.3,83,1.0,1022.8
2026-03-05T19:00,37.9,85,0.5,1023.2
2026-03-05T20:00,37.4,88,1.1,1024.3
2026-03-05T21:00,36.9,90,3.1,1024.5
2026-03-05T22:00,36.6,88,2.5,1024.9
2026-03-05T23:00,36.2,84,4.9,1024.5
2026-03-06T00:00,35.2,85,1.0,1025.2
2026-03-06T01:00,34.4,91,0.9,1025.8
2026-03-06T02:00,35.1,86,1.7,1025.0
2026-03-06T03:00,34.2,91,2.5,1025.0
2026-03-06T04:00,34.1,93,3.4,1025.5
2026-03-06T05:00,34.3,91,3.5,1025.7
2026-03-06T06:00,34.3,89,1.9,1025.7
2026-03-06T07:00,34.3,89,2.5,1026.3
2026-03-06T08:00,34.0,93,3.6,1026.4
2026-03-06T09:00,34.4,91,3.5,1027.1
2026-03-06T10:00,35.1,89,2.2,1027.6
2026-03-06T11:00,36.0,86,0.7,1027.4
2026-03-06T12:00,37.0,81,0.9,1027.9
2026-03-06T13:00,37.9,77,0.3,1028.2
2026-03-06T14:00,38.2,76,0.4,1027.9
2026-03-06T15:00,38.5,76,1.9,1027.0
2026-03-06T16:00,39.0,76,3.6,1027.3
2026-03-06T17:00,38.1,79,5.9,1027.5
2026-03-06T18:00,37.3,81,6.5,1027.2
2026-03-06T19:00,36.8,83,6.7,1027.0
2026-03-06T20:00,36.4,86,8.4,1027.9
2026-03-06T21:00,36.4,86,9.3,1027.8
2026-03-06T22:00,36.3,87,9.6,1027.2
2026-03-06T23:00,36.3,88,10.3,1026.8
2026-03-07T00:00,36.2,88,11.6,1025.5
2026-03-07T01:00,36.0,89,12.2,1025.2
2026-03-07T02:00,36.5,90,13.0,1025.0
2026-03-07T03:00,36.3,90,14.2,1024.3
2026-03-07T04:00,36.4,91,15.2,1022.7
2026-03-07T05:00,36.6,91,16.7,1021.6
2026-03-07T06:00,36.8,91,16.2,1021.3
2026-03-07T07:00,36.9,92,18.0,1019.6
2026-03-07T08:00,36.8,93,15.9,1019.2
2026-03-07T09:00,37.5,92,15.4,1019.6
2026-03-07T10:00,38.6,90,15.5,1019.1
2026-03-07T11:00,39.6,89,15.4,1018.5
2026-03-07T12:00,40.6,89,15.5,1017.5
2026-03-07T13:00,41.8,87,16.0,1015.9
2026-03-07T14:00,42.5,87,13.9,1014.2
2026-03-07T15:00,44.1,84,13.7,1012.9
2026-03-07T16:00,44.6,83,14.1,1011.4
2026-03-07T17:00,45.2,82,15.2,1009.5
2026-03-07T18:00,45.0,84,16.0,1009.2
2026-03-07T19:00,44.1,89,17.2,1008.8
2026-03-07T20:00,43.6,90,15.4,1007.9
2026-03-07T21:00,42.9,94,14.2,1007.7
2026-03-07T22:00,42.6,96,14.8,1007.7
2026-03-07T23:00,44.1,95,16.7,1006.4
2026-03-08T00:00,44.9,96,14.0,1006.2
2026-03-08T01:00,44.9,97,14.8,1005.8
2026-03-08T02:00,44.4,99,11.6,1005.1
2026-03-08T03:00,44.1,100,11.5,1004.2
2026-03-08T04:00,44.1,100,12.0,1003.5
2026-03-08T05:00,45.1,100,11.5,1002.7
2026-03-08T06:00,45.5,100,11.2,1003.0
2026-03-08T07:00,45.9,100,8.4,1003.5
2026-03-08T08:00,44.1,99,4.1,1004.4
2026-03-08T09:00,45.5,99,1.4,1005.4
2026-03-08T10:00,50.5,93,8.0,1006.9
2026-03-08T11:00,47.9,80,10.7,1007.6
2026-03-08T12:00,48.6,73,8.0,1007.4
2026-03-08T13:00,52.0,66,6.7,1007.4
2026-03-08T14:00,52.0,64,8.3,1007.2
2026-03-08T15:00,49.6,65,8.5,1007.4
2026-03-08T16:00,50.6,63,7.5,1007.7
2026-03-08T17:00,49.9,63,6.7,1008.0
2026-03-08T18:00,47.2,69,3.8,1008.4
2026-03-08T19:00,40.9,80,2.9,1008.2
2026-03-08T20:00,40.4,81,3.0,1009.1
2026-03-08T21:00,36.9,87,4.1,1009.5
2026-03-08T22:00,40.3,79,7.3,1009.7
2026-03-08T23:00,41.0,78,8.5,1010.2
2026-03-09T00:00,39.7,83,7.2,1011.0
2026-03-09T01:00,39.4,83,4.8,1012.0
2026-03-09T02:00,39.3,80,5.5,1012.3
2026-03-09T03:00,39.2,81,6.6,1012.3
2026-03-09T04:00,38.9,80,4.0,1012.3
2026-03-09T05:00,37.8,76,3.0,1012.2
2026-03-09T06:00,38.9,78,8.7,1012.9
2026-03-09T07:00,39.7,75,7.7,1013.0
2026-03-09T08:00,41.8,69,6.3,1013.3
2026-03-09T09:00,44.7,64,8.5,1014.3
2026-03-09T10:00,46.9,61,8.2,1014.5
2026-03-09T11:00,52.7,51,8.2,1014.2
2026-03-09T12:00,58.2,45,9.4,1013.3
2026-03-09T13:00,63.0,37,11.2,1012.6
2026-03-09T14:00,66.2,30,11.8,1011.1
2026-03-09T15:00,66.7,28,13.1,1010.3
2026-03-09T16:00,65.9,29,14.4,1009.8
2026-03-09T17:00,64.9,30,13.4,1009.5
2026-03-09T18:00,61.5,35,12.4,1010.0
2026-03-09T19:00,56.4,41,10.6,1011.0
2026-03-09T20:00,54.6,43,10.2,1011.1
2026-03-09T21:00,52.7,49,9.9,1011.6
2026-03-09T22:00,50.5,55,10.0,1012.0
2026-03-09T23:00,49.3,59,10.5,1012.4
2026-03-10T00:00,48.4,63,10.5,1012.5
2026-03-10T01:00,47.5,67,10.1,1012.8
2026-03-10T02:00,46.8,64,9.5,1013.1
2026-03-10T03:00,46.7,65,9.1,1013.2
2026-03-10T04:00,45.9,67,8.3,1013.1
2026-03-10T05:00,45.0,70,7.9,1013.1
2026-03-10T06:00,43.8,73,7.6,1013.4
2026-03-10T07:00,43.5,73,8.1,1013.6
2026-03-10T08:00,46.0,68,8.7,1013.7
2026-03-10T09:00,49.8,62,9.0,1014.2
2026-03-10T10:00,54.4,57,8.0,1014.1
2026-03-10T11:00,59.5,51,7.3,1013.5
2026-03-10T12:00,64.0,46,6.9,1012.7
2026-03-10T13:00,67.7,42,6.7,1012.1
2026-03-10T14:00,71.3,39,5.1,1011.1
2026-03-10T15:00,72.2,37,5.2,1010.7
2026-03-10T16:00,73.0,37,4.3,1010.6
2026-03-10T17:00,70.7,60,1.7,1011.2
2026-03-10T18:00,67.4,55,1.3,1011.4
2026-03-10T19:00,61.7,57,2.2,1011.9
2026-03-10T20:00,61.5,60,2.2,1012.3
2026-03-10T21:00,62.1,59,5.7,1012.7
2026-03-10T22:00,59.2,64,4.0,1012.8
2026-03-10T23:00,55.2,70,2.9,1013.2
2026-03-11T00:00,52.3,75,3.1,1013.5
2026-03-11T01:00,49.5,82,8.7,1014.1
2026-03-11T02:00,45.7,89,5.2,1014.3
2026-03-11T03:00,41.9,89,6.2,1014.6
2026-03-11T04:00,38.7,85,5.8,1014.4
2026-03-11T05:00,36.9,86,3.5,1014.1
2026-03-11T06:00,35.6,91,0.5,1013.6
2026-03-11T07:00,34.9,91,0.2,1013.7
2026-03-11T08:00,38.6,83,0.3,1012.6
2026-03-11T09:00,44.4,73,3.5,1011.8
2026-03-11T10:00,48.7,67,3.4,1011.7
2026-03-11T11:00,53.9,69,10.9,1009.8
2026-03-11T12:00,62.9,56,9.4,1008.2
2026-03-11T13:00,68.9,48,16.5,1006.6
2026-03-11T14:00,71.6,45,15.5,1003.6
2026-03-11T15:00,74.7,45,16.2,1002.5
2026-03-11T16:00,74.7,48,18.3,1001.7
2026-03-11T17:00,66.8,74,18.9,1000.9
2026-03-11T18:00,68.3,70,18.7,1000.4
2026-03-11T19:00,67.9,71,17.5,1000.4
2026-03-11T20:00,68.4,69,17.9,1000.0
2026-03-11T21:00,66.8,75,16.6,1000.1
2026-03-11T22:00,65.4,81,17.9,999.9
2026-03-11T23:00,63.9,88,16.8,999.2
2026-03-12T00:00,63.1,91,16.7,998.3
2026-03-12T01:00,62.5,94,16.3,997.2
2026-03-12T02:00,63.2,93,16.9,996.3
2026-03-12T03:00,62.7,94,15.7,995.9
2026-03-12T04:00,59.8,99,10.0,997.5
2026-03-12T05:00,46.5,90,15.3,1000.6
2026-03-12T06:00,41.7,75,11.6,1002.6
2026-03-12T07:00,38.9,72,10.4,1004.8
2026-03-12T08:00,37.5,75,13.1,1005.3
2026-03-12T09:00,36.4,75,11.9,1006.6
2026-03-12T10:00,36.2,71,14.8,1007.2
2026-03-12T11:00,35.4,68,14.3,1007.6
2026-03-12T12:00,35.1,66,13.4,1008.2
2026-03-12T13:00,34.4,65,13.3,1008.3
2026-03-12T14:00,35.3,66,13.0,1007.0
2026-03-12T15:00,35.0,62,12.8,1007.3
2026-03-12T16:00,34.9,60,13.6,1007.7
2026-03-12T17:00,34.6,58,13.6,1007.7
2026-03-12T18:00,33.2,63,11.3,1008.8
2026-03-12T19:00,32.5,65,10.3,1009.6
2026-03-12T20:00,32.9,59,9.4,1010.7
2026-03-12T21:00,31.4,63,8.0,1011.9
2026-03-12T22:00,31.3,65,8.2,1012.7
2026-03-12T23:00,30.2,69,5.8,1013.0
2026-03-13T00:00,29.8,72,4.4,1013.5
2026-03-13T01:00,29.4,76,6.1,1014.1
2026-03-13T02:00,30.2,70,9.7,1014.6
2026-03-13T03:00,29.2,76,8.3,1015.4
2026-03-13T04:00,29.5,75,7.8,1015.5
2026-03-13T05:00,28.9,75,6.2,1015.7
2026-03-13T06:00,27.9,77,5.6,1016.4
2026-03-13T07:00,26.5,77,4.2,1017.5
2026-03-13T08:00,27.9,67,2.6,1017.0
2026-03-13T09:00,30.1,61,3.5,1017.6
2026-03-13T10:00,32.5,56,3.7,1017.1
2026-03-13T11:00,36.0,45,5.5,1016.4
2026-03-13T12:00,38.1,42,7.8,1015.6
2026-03-13T13:00,38.3,45,10.3,1014.7
2026-03-13T14:00,38.2,44,10.1,1013.6
2026-03-13T15:00,39.4,47,13.1,1011.9
2026-03-13T16:00,36.7,57,12.2,1011.0
2026-03-13T17:00,35.6,61,9.7,1010.0
2026-03-13T18:00,35.8,62,12.8,1009.5
2026-03-13T19:00,35.0,62,14.2,1007.8
2026-03-13T20:00,34.6,55,15.3,1007.4
2026-03-13T21:00,35.5,53,17.0,1006.9
2026-03-13T22:00,35.6,60,17.1,1006.1
2026-03-13T23:00,35.0,71,17.4,1005.5
2026-03-14T00:00,35.7,76,15.1,1004.8
2026-03-14T01:00,35.7,79,15.2,1004.1
2026-03-14T02:00,34.9,83,14.1,1004.2
2026-03-14T03:00,33.5,85,12.6,1003.9
2026-03-14T04:00,32.4,88,11.8,1003.8
2026-03-14T05:00,31.5,89,10.9,1004.0
2026-03-14T06:00,31.4,89,10.0,1004.5
2026-03-14T07:00,30.9,89,6.9,1005.1
2026-03-14T08:00,32.5,87,6.1,1005.7
2026-03-14T09:00,36.3,76,6.9,1006.8
2026-03-14T10:00,36.3,75,10.9,1008.2
2026-03-14T11:00,36.5,63,15.2,1009.8
2026-03-14T12:00,35.4,65,14.0,1011.1
2026-03-14T13:00,35.2,67,13.2,1012.4
2026-03-14T14:00,36.7,64,14.6,1013.3
2026-03-14T15:00,35.8,63,16.7,1014.9
2026-03-14T16:00,35.1,63,16.7,1016.3
2026-03-14T17:00,34.7,65,16.8,1017.7
2026-03-14T18:00,33.9,71,13.1,1019.3
2026-03-14T19:00,33.2,74,12.1,1020.9
2026-03-14T20:00,32.7,73,10.8,1022.1
2026-03-14T21:00,32.0,73,10.6,1023.7
2026-03-14T22:00,31.6,70,9.3,1024.5
2026-03-14T23:00,30.6,71,8.2,1025.4
2026-03-15T00:00,29.7,74,6.0,1026.3
2026-03-15T01:00,27.3,80,3.3,1026.5
2026-03-15T02:00,27.4,75,2.9,1027.1
2026-03-15T03:00,27.1,77,3.4,1027.6
2026-03-15T04:00,26.8,80,2.8,1028.3
2026-03-15T05:00,28.4,78,1.1,1029.3
2026-03-15T06:00,28.7,76,2.9,1029.8
2026-03-15T07:00,28.9,75,2.4,1029.6
2026-03-15T08:00,29.7,70,1.8,1030.9
2026-03-15T09:00,32.4,59,2.2,1030.6
2026-03-15T10:00,34.1,52,2.0,1030.6
2026-03-15T11:00,34.6,53,2.3,1030.4
2026-03-15T12:00,36.5,50,2.4,1029.4
2026-03-15T13:00,40.1,44,5.5,1028.5
2026-03-15T14:00,42.6,36,7.2,1026.9
2026-03-15T15:00,45.1,26,12.5,1025.5
2026-03-15T16:00,43.8,32,14.0,1024.7
2026-03-15T17:00,43.3,43,14.8,1024.1
2026-03-15T18:00,42.8,41,14.5,1023.8
2026-03-15T19:00,40.0,40,16.0,1023.7
2026-03-15T20:00,38.7,41,15.5,1023.1
2026-03-15T21:00,38.9,47,16.6,1022.2
2026-03-15T22:00,38.4,62,17.0,1021.0
2026-03-15T23:00,39.2,72,16.9,1019.8
2026-03-16T00:00,40.4,74,16.2,1018.2
2026-03-16T01:00,41.8,73,15.7,1016.8
2026-03-16T02:00,43.4,76,14.8,1015.3
2026-03-16T03:00,44.8,80,14.5,1013.5
2026-03-16T04:00,46.4,82,14.9,1012.2
2026-03-16T05:00,46.5,90,16.0,1010.4
2026-03-16T06:00,46.5,95,14.9,1009.8
2026-03-16T07:00,47.7,92,13.8,1008.3
2026-03-16T08:00,47.1,93,16.3,1006.7
2026-03-16T09:00,49.4,93,15.5,1005.2
2026-03-16T10:00,50.8,96,15.0,1004.2
2026-03-16T11:00,54.6,90,15.9,1002.6
2026-03-16T12:00,58.0,86,16.7,1001.2
2026-03-16T13:00,59.1,87,17.2,1000.0
2026-03-16T14:00,57.6,92,16.1,998.9
2026-03-16T15:00,60.4,91,17.5,997.0
2026-03-16T16:00,63.6,84,20.7,995.7
2026-03-16T17:00,62.8,89,22.0,994.8
2026-03-16T18:00,60.4,95,21.7,993.9
2026-03-16T19:00,59.4,95,19.0,993.4
2026-03-16T20:00,60.0,92,21.2,992.3
2026-03-16T21:00,59.5,94,20.6,989.9
2026-03-16T22:00,58.5,95,20.4,988.2
2026-03-16T23:00,59.8,90,22.4,986.7
2026-03-17T00:00,59.7,91,23.6,984.7
2026-03-17T01:00,44.5,90,22.2,990.0
2026-03-17T02:00,37.2,98,9.1,992.8
2026-03-17T03:00,35.5,87,7.8,994.9
2026-03-17T04:00,36.0,74,9.2,996.1
2026-03-17T05:00,34.5,73,9.2,997.1
2026-03-17T06:00,34.5,62,15.3,998.9
2026-03-17T07:00,32.7,52,13.6,1000.8
2026-03-17T08:00,32.7,56,11.9,1002.1
2026-03-17T09:00,33.3,54,15.2,1003.8
2026-03-17T10:00,32.2,41,18.5,1005.5
2026-03-17T11:00,31.5,43,16.6,1007.6
2026-03-17T12:00,31.9,42,17.0,1008.2
2026-03-17T13:00,31.6,45,16.1,1008.5
2026-03-17T14:00,32.6,43,16.2,1008.6
2026-03-17T15:00,33.3,42,15.3,1008.9
2026-03-17T16:00,32.6,42,15.0,1010.2
2026-03-17T17:00,31.5,44,15.6,1010.9
2026-03-17T18:00,29.4,40,12.3,1012.6
2026-03-17T19:00,27.4,47,10.1,1014.3
2026-03-17T20:00,26.2,54,8.8,1015.4
2026-03-17T21:00,24.9,60,8.1,1016.5
2026-03-17T22:00,23.7,66,6.0,1017.8
2026-03-17T23:00,23.4,69,5.4,1018.8
2026-03-18T00:00,23.9,67,6.6,1019.5
2026-03-18T01:00,24.2,68,7.4,1020.3
2026-03-18T02:00,24.0,67,7.6,1021.2
2026-03-18T03:00,23.9,63,9.2,1022.1
2026-03-18T04:00,23.7,62,8.9,1022.9
2026-03-18T05:00,22.8,59,9.2,1023.6
2026-03-18T06:00,21.4,61,7.6,1024.9
2026-03-18T07:00,20.0,64,5.9,1025.6
2026-03-18T08:00,21.1,57,5.5,1026.6
2026-03-18T09:00,23.0,50,3.4,1028.6
2026-03-18T10:00,25.4,44,3.9,1029.4
2026-03-18T11:00,28.0,38,7.1,1029.3
2026-03-18T12:00,29.2,39,5.8,1028.2
2026-03-18T13:00,29.6,38,4.5,1027.5
2026-03-18T14:00,30.1,40,3.5,1027.1
2026-03-18T15:00,31.6,39,1.5,1026.7
2026-03-18T16:00,32.5,38,2.2,1026.5
2026-03-18T17:00,32.5,37,2.6,1026.3
2026-03-18T18:00,32.6,37,4.7,1026.2
2026-03-18T19:00,29.5,47,4.3,1026.1
2026-03-18T20:00,27.9,51,4.7,1025.6
2026-03-18T21:00,27.5,51,5.1,1025.8
2026-03-18T22:00,28.4,48,6.1,1025.7
2026-03-18T23:00,29.7,46,8.0,1025.5
2026-03-19T00:00,29.7,52,9.8,1025.4
2026-03-19T01:00,28.9,56,10.1,1025.6
2026-03-19T02:00,28.9,56,9.9,1024.8
2026-03-19T03:00,28.7,56,9.5,1024.6
2026-03-19T04:00,29.4,55,10.2,1024.2
2026-03-19T05:00,29.4,56,10.4,1024.0
2026-03-19T06:00,29.9,58,10.6,1023.5
2026-03-19T07:00,30.0,60,10.6,1023.5
2026-03-19T08:00,30.4,59,9.6,1023.3
2026-03-19T09:00,31.6,57,10.1,1023.2
2026-03-19T10:00,32.9,53,11.4,1023.3
2026-03-19T11:00,34.8,50,12.7,1022.9
2026-03-19T12:00,36.0,50,13.4,1022.3
2026-03-19T13:00,37.1,50,12.9,1021.6
2026-03-19T14:00,36.3,54,11.4,1021.1
2026-03-19T15:00,38.7,50,11.0,1020.1
2026-03-19T16:00,40.1,48,10.3,1019.6
2026-03-19T17:00,39.6,52,10.1,1019.0
2026-03-19T18:00,38.8,55,10.5,1018.8
2026-03-19T19:00,37.2,58,10.4,1018.5
2026-03-19T20:00,36.0,59,8.2,1019.1
2026-03-19T21:00,36.4,59,8.7,1019.0
2026-03-19T22:00,36.6,59,9.0,1019.0
2026-03-19T23:00,36.5,62,8.1,1018.9
2026-03-20T00:00,35.7,67,6.6,1019.5
2026-03-20T01:00,35.5,73,8.2,1019.0
2026-03-20T02:00,36.4,70,7.1,1018.5
2026-03-20T03:00,33.4,79,7.5,1018.0
2026-03-20T04:00,32.1,84,7.0,1017.5
2026-03-20T05:00,32.3,85,4.8,1017.6
2026-03-20T06:00,32.6,84,3.9,1018.0
2026-03-20T07:00,31.9,86,4.0,1017.9
2026-03-20T08:00,33.5,83,4.6,1017.3
2026-03-20T09:00,38.1,74,5.2,1016.7
2026-03-20T10:00,42.3,66,4.8,1016.3
2026-03-20T11:00,46.2,57,9.0,1013.9
2026-03-20T12:00,49.1,54,12.9,1011.5
2026-03-20T13:00,51.3,56,15.7,1009.5
2026-03-20T14:00,50.4,60,16.9,1007.0
2026-03-20T15:00,50.2,69,17.4,1005.3
2026-03-20T16:00,50.5,74,16.9,1004.7
2026-03-20T17:00,47.1,92,11.6,1005.0
2026-03-20T18:00,45.7,95,7.1,1005.7
2026-03-20T19:00,45.0,96,8.9,1005.5
2026-03-20T20:00,46.0,93,9.7,1005.8
2026-03-20T21:00,45.2,96,7.7,1005.8
2026-03-20T22:00,43.3,96,3.3,1006.0
2026-03-20T23:00,43.9,96,5.7,1005.7
2026-03-21T00:00,43.3,98,3.8,1005.6
2026-03-21T01:00,42.2,99,0.8,1005.8
2026-03-21T02:00,43.3,100,6.3,1005.9
2026-03-21T03:00,41.5,99,6.0,1006.4
2026-03-21T04:00,38.5,100,6.5,1006.7
2026-03-21T05:00,35.4,99,10.1,1007.8
2026-03-21T06:00,34.6,97,8.1,1008.9
2026-03-21T07:00,33.8,96,8.0,1009.7
2026-03-21T08:00,33.8,94,9.1,1011.1
2026-03-21T09:00,34.2,92,9.4,1012.1
2026-03-21T10:00,35.8,84,10.7,1013.1
2026-03-21T11:00,37.4,76,10.0,1013.5
2026-03-21T12:00,39.6,69,10.2,1013.6
2026-03-21T13:00,42.5,59,10.1,1013.3
2026-03-21T14:00,40.2,67,7.3,1013.4
2026-03-21T15:00,41.8,62,8.1,1013.3
2026-03-21T16:00,44.5,50,7.3,1012.9
2026-03-21T17:00,45.2,47,7.0,1012.9
2026-03-21T18:00,43.2,52,6.6,1013.5
2026-03-21T19:00,40.5,59,6.8,1014.2
2026-03-21T20:00,37.6,66,3.0,1014.1
2026-03-21T21:00,34.2,75,1.3,1014.5
2026-03-21T22:00,35.1,77,1.2,1014.2
2026-03-21T23:00,36.2,72,2.5,1013.2
2026-03-22T00:00,35.7,75,1.0,1013.5
2026-03-22T01:00,36.0,73,3.1,1012.8
2026-03-22T02:00,37.5,67,5.0,1013.0
2026-03-22T03:00,39.3,55,9.4,1011.8
2026-03-22T04:00,40.3,48,12.7,1010.5
2026-03-22T05:00,40.4,49,13.9,1009.5
2026-03-22T06:00,40.6,59,15.4,1008.2
2026-03-22T07:00,41.3,71,15.4,1007.6
2026-03-22T08:00,42.1,78,17.0,1006.9
2026-03-22T09:00,43.5,78,16.2,1006.7
2026-03-22T10:00,43.7,82,16.9,1006.3
2026-03-22T11:00,47.9,72,17.8,1004.4
2026-03-22T12:00,51.1,67,17.5,1004.7
2026-03-22T13:00,50.3,78,15.7,1004.1
2026-03-22T14:00,47.3,95,13.3,1004.0
2026-03-22T15:00,47.9,96,12.5,1003.3
2026-03-22T16:00,48.5,94,11.9,1001.9
2026-03-22T17:00,53.9,84,8.1,1002.0
2026-03-22T18:00,52.4,86,3.1,1003.4
2026-03-22T19:00,48.9,97,5.1,1005.1
2026-03-22T20:00,47.2,97,6.1,1006.3
2026-03-22T21:00,45.5,98,8.1,1007.8
2026-03-22T22:00,38.6,95,12.6,1008.8
2026-03-22T23:00,36.2,93,11.6,1009.0
2026-03-23T00:00,33.3,88,13.6,1008.7
2026-03-23T01:00,32.5,85,10.3,1009.1
2026-03-23T02:00,32.4,85,10.2,1008.9
2026-03-23T03:00,31.8,83,9.4,1009.3
2026-03-23T04:00,30.9,85,9.2,1008.9
2026-03-23T05:00,30.4,85,9.3,1008.9
2026-03-23T06:00,30.4,84,7.5,1009.1
2026-03-23T07:00,30.3,84,7.4,1010.0
2026-03-23T08:00,30.5,86,9.7,1010.3
2026-03-23T09:00,31.6,82,9.7,1010.3
2026-03-23T10:00,32.2,81,9.0,1010.9
2026-03-23T11:00,33.7,76,9.4,1011.3
2026-03-23T12:00,34.2,75,8.4,1011.8
2026-03-23T13:00,34.8,73,8.6,1012.0
2026-03-23T14:00,34.2,76,9.1,1012.7
2026-03-23T15:00,34.7,73,7.5,1013.0
2026-03-23T16:00,37.0,68,6.5,1013.5
2026-03-23T17:00,36.9,68,5.5,1014.2
2026-03-23T18:00,35.7,72,5.6,1015.1
2026-03-23T19:00,35.1,72,8.1,1016.3
2026-03-23T20:00,32.7,82,7.1,1018.4
2026-03-23T21:00,32.5,85,6.2,1020.1
2026-03-23T22:00,32.2,84,6.9,1020.8
2026-03-23T23:00,31.3,86,4.5,1021.2
2026-03-24T00:00,30.8,83,5.4,1021.5
2026-03-24T01:00,30.3,76,7.3,1021.8
2026-03-24T02:00,31.0,71,8.1,1022.5
2026-03-24T03:00,30.6,69,7.7,1022.8
2026-03-24T04:00,29.7,67,7.2,1023.3
2026-03-24T05:00,28.1,70,5.8,1024.1
2026-03-24T06:00,27.3,71,4.9,1025.0
2026-03-24T07:00,26.8,72,4.3,1026.2
2026-03-24T08:00,29.4,65,4.3,1027.4
2026-03-24T09:00,32.0,57,4.9,1027.9
2026-03-24T10:00,35.2,51,4.4,1028.4
2026-03-24T11:00,38.2,42,5.7,1028.2
2026-03-24T12:00,40.2,37,5.2,1027.6
2026-03-24T13:00,41.6,34,4.0,1026.3
2026-03-24T14:00,41.9,34,4.6,1025.5
2026-03-24T15:00,43.5,32,4.2,1024.6
2026-03-24T16:00,44.1,33,2.8,1023.9
2026-03-24T17:00,43.9,34,0.7,1023.2
2026-03-24T18:00,43.2,35,2.9,1023.5
2026-03-24T19:00,39.1,42,5.6,1023.6
2026-03-24T20:00,38.7,43,5.8,1023.3
2026-03-24T21:00,37.5,50,3.2,1024.0
2026-03-24T22:00,37.6,55,4.7,1024.3
2026-03-24T23:00,36.6,58,5.4,1024.6
2026-03-25T00:00,36.4,58,7.3,1025.2
2026-03-25T01:00,36.1,56,6.9,1025.4
2026-03-25T02:00,34.7,60,4.7,1025.5
2026-03-25T03:00,31.6,69,3.1,1025.4
2026-03-25T04:00,31.5,68,1.0,1025.7
2026-03-25T05:00,31.2,68,0.6,1026.3
2026-03-25T06:00,30.4,70,1.0,1026.4
2026-03-25T07:00,30.4,71,0.9,1026.7
2026-03-25T08:00,33.7,66,3.9,1027.5
2026-03-25T09:00,37.1,56,3.5,1027.7
2026-03-25T10:00,39.5,54,2.8,1027.8
2026-03-25T11:00,41.6,52,2.6,1027.4
2026-03-25T12:00,43.7,50,1.8,1026.4
2026-03-25T13:00,46.1,45,1.1,1024.9
2026-03-25T14:00,47.6,40,2.3,1023.7
2026-03-25T15:00,51.0,35,5.9,1022.2
2026-03-25T16:00,52.4,35,9.8,1020.3
2026-03-25T17:00,51.9,32,12.1,1019.2
2026-03-25T18:00,51.0,36,12.0,1018.4
2026-03-25T19:00,49.3,39,12.5,1017.6
2026-03-25T20:00,47.1,44,11.2,1017.1
2026-03-25T21:00,47.3,48,13.8,1017.4
2026-03-25T22:00,46.0,54,15.3,1017.4
2026-03-25T23:00,44.6,54,14.8,1016.6
2026-03-26T00:00,44.1,55,15.1,1016.0
2026-03-26T01:00,44.0,51,16.3,1015.3
2026-03-26T02:00,44.4,48,15.0,1014.1
2026-03-26T03:00,44.4,47,16.1,1012.9
2026-03-26T04:00,44.1,55,15.2,1012.5
2026-03-26T05:00,43.6,63,13.3,1012.1
2026-03-26T06:00,44.0,69,12.5,1011.4
2026-03-26T07:00,44.3,71,12.2,1010.5
2026-03-26T08:00,44.7,72,13.0,1010.3
2026-03-26T09:00,48.2,67,13.0,1010.1
2026-03-26T10:00,52.2,64,11.6,1009.6
2026-03-26T11:00,58.0,54,12.3,1008.3
2026-03-26T12:00,63.0,47,10.2,1007.7
2026-03-26T13:00,63.7,48,11.2,1007.1
2026-03-26T14:00,64.0,45,9.7,1005.9
2026-03-26T15:00,67.9,41,10.7,1004.7
2026-03-26T16:00,67.1,46,8.8,1003.3
2026-03-26T17:00,66.0,52,2.1,1002.8
2026-03-26T18:00,59.9,68,8.5,1003.3
2026-03-26T19:00,54.0,93,4.0,1004.4
2026-03-26T20:00,52.2,91,6.6,1002.7
2026-03-26T21:00,52.2,94,3.4,1003.1
2026-03-26T22:00,51.6,94,2.6,1002.8
2026-03-26T23:00,50.8,94,1.1,1002.0
2026-03-27T00:00,50.4,96,2.7,1002.5
2026-03-27T01:00,50.3,96,5.9,1002.8
2026-03-27T02:00,51.0,96,5.0,1002.8
2026-03-27T03:00,50.8,94,10.5,1003.7
2026-03-27T04:00,48.8,95,10.9,1004.6
2026-03-27T05:00,41.3,92,14.4,1006.8
2026-03-27T06:00,41.4,91,10.9,1008.8
2026-03-27T07:00,39.4,91,11.6,1011.1
2026-03-27T08:00,37.1,75,12.0,1013.5
2026-03-27T09:00,34.2,69,12.9,1015.0
2026-03-27T10:00,33.5,64,14.5,1016.6
2026-03-27T11:00,33.4,60,15.2,1017.4
2026-03-27T12:00,34.2,55,14.7,1018.5
2026-03-27T13:00,35.8,51,13.3,1019.1
2026-03-27T14:00,37.6,51,11.6,1018.9
2026-03-27T15:00,39.1,46,10.0,1018.4
2026-03-27T16:00,40.3,41,9.2,1017.8
2026-03-27T17:00,37.7,49,9.5,1018.0
2026-03-27T18:00,36.4,47,7.8,1018.7
2026-03-27T19:00,34.5,52,3.9,1019.5
2026-03-27T20:00,31.3,58,4.6,1019.9
2026-03-27T21:00,28.2,69,2.8,1020.8
2026-03-27T22:00,28.4,68,4.4,1021.3
2026-03-27T23:00,27.9,68,4.0,1022.0
2026-03-28T00:00,27.0,67,4.6,1022.7
2026-03-28T01:00,26.2,65,6.6,1023.5
2026-03-28T02:00,26.2,62,6.8,1023.6
2026-03-28T03:00,25.0,60,6.1,1023.7
2026-03-28T04:00,24.1,60,5.0,1024.4
2026-03-28T05:00,23.4,61,3.9,1025.0
2026-03-28T06:00,22.8,63,3.0,1026.0
2026-03-28T07:00,22.6,64,2.4,1026.9
2026-03-28T08:00,24.6,53,3.0,1027.9
2026-03-28T09:00,27.4,51,3.3,1028.5
2026-03-28T10:00,29.9,46,5.3,1029.1
2026-03-28T11:00,31.6,46,8.2,1029.4
2026-03-28T12:00,33.9,40,8.4,1028.8
2026-03-28T13:00,35.7,34,11.5,1028.3
2026-03-28T14:00,36.0,33,12.2,1028.1
2026-03-28T15:00,37.1,31,14.0,1027.4
2026-03-28T16:00,36.7,33,15.8,1027.6
2026-03-28T17:00,36.2,36,14.3,1027.7
2026-03-28T18:00,35.1,34,13.0,1028.0
2026-03-28T19:00,32.9,40,9.8,1028.4
2026-03-28T20:00,30.4,45,7.8,1029.7
2026-03-28T21:00,29.6,50,7.3,1030.9
2026-03-28T22:00,27.9,58,3.7,1031.3
2026-03-28T23:00,27.1,62,1.3,1031.2
2026-03-29T00:00,27.3,61,0.6,1031.4
2026-03-29T01:00,27.0,63,1.4,1031.2
2026-03-29T02:00,28.6,59,4.6,1031.3
2026-03-29T03:00,28.1,60,5.6,1031.2
2026-03-29T04:00,27.4,64,5.7,1031.4
2026-03-29T05:00,26.3,67,6.2,1031.6
2026-03-29T06:00,26.1,67,6.2,1032.1
2026-03-29T07:00,27.8,67,9.0,1032.4
2026-03-29T08:00,30.0,59,6.8,1032.7
2026-03-29T09:00,34.5,45,8.0,1032.4
2026-03-29T10:00,38.8,35,8.4,1032.0
2026-03-29T11:00,42.8,28,10.0,1031.0
2026-03-29T12:00,44.6,33,11.5,1029.9
2026-03-29T13:00,46.7,34,13.4,1028.4
2026-03-29T14:00,50.2,33,11.1,1027.1
2026-03-29T15:00,53.3,28,8.5,1025.5
2026-03-29T16:00,54.5,23,8.9,1024.8
2026-03-29T17:00,53.1,29,6.8,1024.5
2026-03-29T18:00,49.2,42,4.0,1024.8
2026-03-29T19:00,45.8,46,7.4,1025.0
2026-03-29T20:00,45.6,36,1.9,1024.6
2026-03-29T21:00,45.7,49,8.1,1024.5
2026-03-29T22:00,45.2,51,8.3,1024.4
2026-03-29T23:00,44.4,53,10.7,1024.0
2026-03-30T00:00,42.8,57,11.4,1023.6
2026-03-30T01:00,42.2,61,12.4,1022.9
2026-03-30T02:00,42.2,60,12.4,1022.1
2026-03-30T03:00,43.4,59,13.3,1020.7
2026-03-30T04:00,43.5,59,14.0,1019.6
2026-03-30T05:00,42.3,62,14.0,1018.9
2026-03-30T06:00,42.1,63,12.5,1018.4
2026-03-30T07:00,41.7,64,10.7,1018.5
2026-03-30T08:00,42.9,64,10.1,1018.7
2026-03-30T09:00,46.4,61,9.3,1018.2
2026-03-30T10:00,50.7,56,9.4,1017.6
2026-03-30T11:00,56.1,48,10.0,1016.7
2026-03-30T12:00,60.7,42,10.9,1015.5
2026-03-30T13:00,63.7,40,11.6,1014.5
2026-03-30T14:00,68.4,34,11.1,1013.3
2026-03-30T15:00,70.2,31,11.2,1012.8
2026-03-30T16:00,69.3,36,9.3,1012.6
2026-03-30T17:00,68.7,37,6.2,1012.0
2026-03-30T18:00,67.6,40,10.4,1012.4
2026-03-30T19:00,64.5,44,9.8,1012.9
2026-03-30T20:00,61.8,45,8.1,1012.8
2026-03-30T21:00,61.8,47,9.6,1013.4
2026-03-30T22:00,58.2,57,5.3,1014.2
2026-03-30T23:00,56.0,63,5.6,1014.0
2026-03-31T00:00,55.6,67,5.5,1013.9
2026-03-31T01:00,54.2,79,7.2,1013.8
2026-03-31T02:00,54.3,84,8.1,1013.6
2026-03-31T03:00,55.1,90,10.4,1013.0
2026-03-31T04:00,55.8,87,9.7,1011.8
2026-03-31T05:00,54.8,86,9.2,1012.0
2026-03-31T06:00,53.6,90,9.4,1012.5
2026-03-31T07:00,52.3,96,9.1,1012.7
2026-03-31T08:00,54.2,96,11.8,1011.8
2026-03-31T09:00,55.5,95,10.8,1011.9
2026-03-31T10:00,56.7,97,8.5,1012.0
2026-03-31T11:00,58.6,98,8.8,1011.8
2026-03-31T12:00,59.0,99,10.1,1011.6
2026-03-31T13:00,58.7,96,9.4,1011.2
2026-03-31T14:00,60.4,92,6.6,1010.4
2026-03-31T15:00,68.6,70,7.3,1009.7
2026-03-31T16:00,69.8,70,8.2,1009.2
2026-03-31T17:00,71.1,68,6.7,1008.3
2026-03-31T18:00,70.8,66,7.6,1007.9
2026-03-31T19:00,68.5,67,7.3,1008.0
2026-03-31T20:00,61.5,91,2.5,1009.9
2026-03-31T21:00,59.5,97,5.5,1009.7
2026-03-31T22:00,59.3,96,6.8,1009.2
2026-03-31T23:00,60.8,93,10.7,1007.6
2026-04-01T00:00,58.6,96,4.5,1007.0
2026-04-01T01:00,58.0,97,8.3,1007.6
2026-04-01T02:00,58.6,94,9.2,1007.3
2026-04-01T03:00,58.7,94,8.4,1007.9
2026-04-01T04:00,57.1,98,6.0,1008.6
2026-04-01T05:00,56.4,95,2.4,1009.1
2026-04-01T06:00,55.7,95,3.9,1009.9
2026-04-01T07:00,56.0,98,5.4,1011.4
2026-04-01T08:00,58.9,93,7.4,1011.9
2026-04-01T09:00,59.5,90,10.6,1013.1
2026-04-01T10:00,59.3,86,9.5,1014.3
2026-04-01T11:00,59.7,76,10.9,1015.7
2026-04-01T12:00,58.6,75,9.9,1016.9
2026-04-01T13:00,59.7,70,7.7,1017.6
2026-04-01T14:00,52.8,77,8.0,1019.5
2026-04-01T15:00,52.2,69,8.8,1020.0
2026-04-01T16:00,52.7,64,8.2,1020.3
2026-04-01T17:00,53.1,59,8.5,1020.8
2026-04-01T18:00,50.6,61,8.4,1021.6
2026-04-01T19:00,48.5,62,8.0,1023.1
2026-04-01T20:00,45.6,73,8.8,1023.8
2026-04-01T21:00,44.1,73,9.9,1024.6
2026-04-01T22:00,43.3,69,11.6,1025.7
2026-04-01T23:00,41.4,74,10.4,1025.9
2026-04-02T00:00,39.9,86,8.7,1026.0
2026-04-02T01:00,39.2,95,6.6,1027.1
2026-04-02T02:00,38.2,96,6.2,1027.3
2026-04-02T03:00,38.9,96,3.6,1027.1
2026-04-02T04:00,39.5,97,3.7,1026.6
2026-04-02T05:00,39.5,98,2.6,1027.2
2026-04-02T06:00,39.5,98,2.9,1027.7
2026-04-02T07:00,40.1,97,2.0,1028.0
2026-04-02T08:00,39.3,96,4.2,1029.3
2026-04-02T09:00,40.8,88,4.6,1030.2
2026-04-02T10:00,40.6,91,5.6,1031.0
2026-04-02T11:00,41.0,85,6.5,1030.8
2026-04-02T12:00,42.2,78,7.5,1030.7
2026-04-02T13:00,42.6,76,6.2,1030.8
2026-04-02T14:00,40.7,84,8.4,1030.5
2026-04-02T15:00,41.4,80,7.4,1029.9
2026-04-02T16:00,43.1,73,7.3,1029.4
2026-04-02T17:00,42.3,74,7.0,1029.2
2026-04-02T18:00,40.1,93,7.0,1029.1
2026-04-02T19:00,39.8,89,8.1,1029.0
2026-04-02T20:00,39.0,88,8.7,1029.2
2026-04-02T21:00,38.9,85,9.8,1028.9
2026-04-02T22:00,38.9,82,10.4,1028.5
2026-04-02T23:00,38.9,81,11.0,1028.4
2026-04-03T00:00,38.8,81,11.9,1027.7
2026-04-03T01:00,39.4,81,12.3,1027.2
2026-04-03T02:00,39.6,82,12.7,1026.6
2026-04-03T03:00,40.4,82,14.0,1025.5
2026-04-03T04:00,40.8,83,14.9,1024.3
2026-04-03T05:00,41.1,84,13.4,1024.0
2026-04-03T06:00,41.4,86,13.1,1023.5
2026-04-03T07:00,41.7,88,13.9,1023.1
2026-04-03T08:00,41.8,89,16.1,1022.4
2026-04-03T09:00,42.3,96,14.4,1022.0
2026-04-03T10:00,44.1,92,15.4,1021.4
2026-04-03T11:00,47.8,83,16.6,1020.3
2026-04-03T12:00,54.5,72,14.8,1019.0
2026-04-03T13:00,55.4,73,12.9,1017.9
2026-04-03T14:00,59.0,65,11.9,1017.2
2026-04-03T15:00,61.7,69,12.0,1016.1
2026-04-03T16:00,65.7,61,12.7,1014.9
2026-04-03T17:00,65.4,64,12.8,1014.4
2026-04-03T18:00,64.8,66,13.8,1014.1
2026-04-03T19:00,62.6,70,13.1,1014.3
2026-04-03T20:00,61.2,72,13.1,1013.8
2026-04-03T21:00,60.1,77,12.6,1014.3
2026-04-03T22:00,59.3,80,11.2,1014.6
2026-04-03T23:00,57.7,85,9.6,1014.9
2026-04-04T00:00,56.1,90,6.0,1015.7
2026-04-04T01:00,57.8,82,13.1,1017.9
2026-04-04T02:00,56.4,72,10.3,1018.1
2026-04-04T03:00,54.3,67,8.8,1018.3
2026-04-04T04:00,52.0,64,9.7,1018.7
2026-04-04T05:00,48.3,68,10.5,1020.0
2026-04-04T06:00,46.1,75,7.5,1021.1
2026-04-04T07:00,44.4,81,5.3,1022.1
2026-04-04T08:00,45.5,77,4.1,1023.1
2026-04-04T09:00,48.8,70,7.7,1023.5
2026-04-04T10:00,50.2,62,9.0,1023.9
2026-04-04T11:00,51.2,61,9.4,1023.6
2026-04-04T12:00,53.9,57,6.7,1022.9
2026-04-04T13:00,57.1,54,4.8,1022.5
2026-04-04T14:00,57.1,54,4.4,1022.0
2026-04-04T15:00,59.8,53,2.5,1020.6
2026-04-04T16:00,58.4,57,4.0,1020.0
2026-04-04T17:00,58.6,59,1.4,1019.1
2026-04-04T18:00,57.7,70,3.0,1019.0
2026-04-04T19:00,54.9,64,15.7,1019.3
2026-04-04T20:00,51.8,68,15.8,1018.9
2026-04-04T21:00,48.5,65,15.6,1019.2
2026-04-04T22:00,46.4,65,16.9,1018.6
2026-04-04T23:00,45.0,68,17.6,1017.7
2026-04-05T00:00,44.5,71,17.4,1017.3
2026-04-05T01:00,45.0,74,19.5,1016.2
2026-04-05T02:00,45.9,77,17.7,1014.8
2026-04-05T03:00,45.4,80,17.9,1013.8
2026-04-05T04:00,44.6,84,17.4,1012.3
2026-04-05T05:00,44.7,84,17.6,1010.9
2026-04-05T06:00,45.2,86,17.7,1009.5
2026-04-05T07:00,45.7,89,17.8,1008.0
2026-04-05T08:00,45.0,90,11.2,1009.2
2026-04-05T09:00,45.7,91,10.4,1008.4
2026-04-05T10:00,46.9,90,12.1,1007.9
2026-04-05T11:00,47.0,96,10.6,1007.6
2026-04-05T12:00,47.8,96,8.9,1006.9
2026-04-05T13:00,48.0,98,5.8,1006.4
2026-04-05T14:00,46.8,98,3.4,1006.2
2026-04-05T15:00,46.7,98,2.1,1006.5
2026-04-05T16:00,47.7,93,7.9,1006.8
2026-04-05T17:00,47.6,80,8.1,1006.5
2026-04-05T18:00,48.7,62,8.9,1007.2
2026-04-05T19:00,47.4,57,10.7,1008.2
2026-04-05T20:00,45.6,61,8.5,1009.3
2026-04-05T21:00,44.5,66,8.7,1010.3
2026-04-05T22:00,43.2,70,6.2,1010.3
2026-04-05T23:00,41.0,78,3.8,1010.2
2026-04-06T00:00,41.1,77,5.2,1010.1
2026-04-06T01:00,39.1,85,12.5,1010.8
2026-04-06T02:00,38.1,83,12.1,1011.1
2026-04-06T03:00,36.1,78,12.8,1012.1
2026-04-06T04:00,35.2,74,11.5,1012.4
2026-04-06T05:00,35.3,72,10.6,1012.6
2026-04-06T06:00,34.9,73,10.3,1012.4
2026-04-06T07:00,35.8,70,10.7,1013.1
2026-04-06T08:00,37.1,65,9.3,1014.1
2026-04-06T09:00,38.7,61,13.7,1014.1
2026-04-06T10:00,40.0,56,15.0,1014.5
2026-04-06T11:00,40.5,53,14.2,1014.8
2026-04-06T12:00,41.3,50,15.1,1014.7
2026-04-06T13:00,42.3,48,14.5,1014.8
2026-04-06T14:00,42.8,48,14.5,1014.7
2026-04-06T15:00,43.4,43,14.6,1014.5
2026-04-06T16:00,44.1,43,13.7,1014.5
2026-04-06T17:00,44.4,41,13.1,1014.7
2026-04-06T18:00,43.7,39,11.1,1015.3
2026-04-06T19:00,41.4,44,7.0,1015.8
2026-04-06T20:00,36.8,53,3.4,1016.7
2026-04-06T21:00,36.3,51,2.8,1017.4
2026-04-06T22:00,36.9,49,1.1,1017.6
2026-04-06T23:00,36.7,48,0.6,1017.1
2026-04-07T00:00,35.4,49,0.1,1017.1
2026-04-07T01:00,34.0,51,1.5,1016.9
2026-04-07T02:00,34.2,54,1.9,1017.0
2026-04-07T03:00,34.8,63,2.2,1016.9
2026-04-07T04:00,34.3,72,4.1,1016.9
2026-04-07T05:00,35.1,73,6.0,1016.6
2026-04-07T06:00,35.1,76,6.4,1016.0
2026-04-07T07:00,35.0,77,6.8,1016.0
2026-04-07T08:00,36.1,80,4.9,1017.3
2026-04-07T09:00,40.5,64,6.2,1017.6
2026-04-07T10:00,41.6,64,9.8,1018.7
2026-04-07T11:00,40.8,59,14.1,1020.0
2026-04-07T12:00,40.1,48,13.7,1021.1
2026-04-07T13:00,39.5,49,14.7,1022.1
2026-04-07T14:00,39.2,46,15.7,1023.0
2026-04-07T15:00,37.5,46,16.0,1023.6
2026-04-07T16:00,36.7,55,16.9,1024.0
2026-04-07T17:00,34.9,58,17.2,1025.0
2026-04-07T18:00,32.8,62,15.6,1026.0
2026-04-07T19:00,32.4,57,13.7,1026.9
2026-04-07T20:00,30.8,57,10.3,1028.2
2026-04-07T21:00,29.7,61,9.6,1030.0
2026-04-07T22:00,29.0,63,8.4,1031.1
2026-04-07T23:00,28.1,67,5.6,1031.8
2026-04-08T00:00,27.2,71,3.9,1032.3
2026-04-08T01:00,26.8,74,3.5,1032.5
2026-04-08T02:00,27.0,70,3.4,1032.7
2026-04-08T03:00,26.1,74,3.3,1033.1
2026-04-08T04:00,26.0,76,3.9,1033.7
2026-04-08T05:00,25.4,78,3.4,1034.2
2026-04-08T06:00,24.3,82,2.6,1034.7
2026-04-08T07:00,25.6,79,2.6,1035.3
2026-04-08T08:00,28.1,72,3.7,1035.9
2026-04-08T09:00,32.1,52,4.2,1036.2
2026-04-08T10:00,35.6,38,3.8,1036.5
2026-04-08T11:00,38.9,30,3.4,1036.2
2026-04-08T12:00,41.6,26,3.1,1035.6
2026-04-08T13:00,43.4,33,3.6,1034.8
2026-04-08T14:00,44.2,35,3.0,1033.9
2026-04-08T15:00,46.1,35,3.1,1033.2
2026-04-08T16:00,46.8,33,3.4,1032.6
2026-04-08T17:00,46.8,33,4.4,1032.2
2026-04-08T18:00,45.9,37,3.8,1031.9
2026-04-08T19:00,40.2,50,3.3,1031.8
2026-04-08T20:00,41.3,45,4.1,1031.3
2026-04-08T21:00,40.1,46,5.6,1031.6
2026-04-08T22:00,40.0,46,7.1,1031.8
2026-04-08T23:00,39.6,46,11.3,1031.9
2026-04-09T00:00,38.6,53,11.7,1032.6
2026-04-09T01:00,37.3,54,12.1,1032.7
2026-04-09T02:00,36.6,53,12.1,1032.3
2026-04-09T03:00,36.0,54,11.6,1032.3
2026-04-09T04:00,35.1,55,11.2,1032.7
2026-04-09T05:00,34.6,56,11.5,1032.6
2026-04-09T06:00,34.2,56,11.3,1032.2
2026-04-09T07:00,34.6,55,11.7,1032.1
2026-04-09T08:00,37.7,57,10.7,1032.7
2026-04-09T09:00,41.6,46,14.2,1032.3
2026-04-09T10:00,45.4,39,14.9,1031.6
2026-04-09T11:00,48.8,35,15.6,1030.9
2026-04-09T12:00,51.7,32,16.2,1030.0
2026-04-09T13:00,54.3,30,17.2,1029.2
2026-04-09T14:00,57.7,26,17.6,1028.0
2026-04-09T15:00,58.7,26,17.9,1027.0
2026-04-09T16:00,58.8,27,17.6,1026.2
2026-04-09T17:00,57.9,30,17.3,1025.5
2026-04-09T18:00,56.1,36,15.8,1025.5
2026-04-09T19:00,53.1,42,15.2,1025.9
2026-04-09T20:00,51.5,36,15.2,1025.3
2026-04-09T21:00,49.1,44,15.3,1026.0
2026-04-09T22:00,46.6,52,14.3,1026.8
2026-04-09T23:00,44.6,60,14.3,1027.0
2026-04-10T00:00,43.3,66,14.7,1026.7
2026-04-10T01:00,42.6,70,15.2,1026.3
2026-04-10T02:00,43.3,69,15.0,1025.3
2026-04-10T03:00,43.2,72,13.5,1025.2
2026-04-10T04:00,42.4,76,12.2,1025.3
2026-04-10T05:00,42.3,76,11.7,1025.0
2026-04-10T06:00,41.9,78,11.4,1024.6
2026-04-10T07:00,41.8,79,11.1,1024.9
2026-04-10T08:00,43.2,76,10.2,1024.5
2026-04-10T09:00,47.5,69,10.1,1023.7
2026-04-10T10:00,51.3,65,10.0,1023.1
2026-04-10T11:00,55.5,60,10.2,1022.1
2026-04-10T12:00,61.1,54,11.0,1020.5
2026-04-10T13:00,66.3,49,11.8,1019.0
2026-04-10T14:00,69.7,43,11.6,1017.6
2026-04-10T15:00,70.2,45,13.0,1016.3
2026-04-10T16:00,69.6,47,13.7,1015.1
2026-04-10T17:00,69.3,49,14.4,1014.3
2026-04-10T18:00,67.0,51,14.5,1014.3
2026-04-10T19:00,64.9,54,14.8,1014.4
2026-04-10T20:00,62.2,59,8.6,1016.0
2026-04-10T21:00,59.8,68,4.2,1017.5
2026-04-10T22:00,55.4,88,3.7,1017.7
2026-04-10T23:00,53.8,91,4.0,1017.1
2026-04-11T00:00,51.3,90,6.4,1017.6
2026-04-11T01:00,49.5,94,10.1,1018.0
2026-04-11T02:00,49.4,94,10.0,1017.9
2026-04-11T03:00,47.9,97,9.3,1018.2
2026-04-11T04:00,47.2,94,10.1,1019.0
2026-04-11T05:00,45.9,95,10.0,1020.2
2026-04-11T06:00,42.9,93,8.9,1021.3
2026-04-11T07:00,41.0,92,8.2,1022.2
2026-04-11T08:00,42.6,79,8.8,1022.9
2026-04-11T09:00,45.5,72,10.9,1022.9
2026-04-11T10:00,48.0,62,13.5,1023.5
2026-04-11T11:00,49.0,57,13.1,1023.7
2026-04-11T12:00,50.5,49,13.6,1023.5
2026-04-11T13:00,51.5,46,13.8,1023.3
2026-04-11T14:00,52.8,46,14.5,1023.1
2026-04-11T15:00,52.4,46,14.0,1023.1
2026-04-11T16:00,52.5,44,14.3,1023.2
2026-04-11T17:00,52.2,42,13.5,1023.5
2026-04-11T18:00,51.1,44,12.5,1024.2
2026-04-11T19:00,48.4,49,9.5,1025.1
2026-04-11T20:00,44.8,54,7.3,1026.0
2026-04-11T21:00,43.3,56,7.0,1027.1
2026-04-11T22:00,41.7,59,7.0,1027.8
2026-04-11T23:00,39.9,62,5.4,1028.5
2026-04-12T00:00,37.8,68,4.0,1029.1
2026-04-12T01:00,36.1,74,3.3,1029.3
2026-04-12T02:00,35.4,75,3.2,1030.0
2026-04-12T03:00,34.4,77,2.8,1029.7
2026-04-12T04:00,34.2,77,3.3,1029.9
2026-04-12T05:00,33.3,77,3.3,1030.2
2026-04-12T06:00,32.7,76,0.8,1030.4
2026-04-12T07:00,33.5,79,0.5,1031.2
2026-04-12T08:00,38.0,67,2.9,1032.2
2026-04-12T09:00,42.1,61,2.7,1032.1
2026-04-12T10:00,45.0,57,4.1,1031.8
2026-04-12T11:00,48.7,46,4.8,1031.1
2026-04-12T12:00,50.4,43,6.1,1030.2
2026-04-12T13:00,50.8,44,7.5,1028.9
2026-04-12T14:00,56.5,34,7.9,1027.3
2026-04-12T15:00,54.5,38,9.4,1026.2
2026-04-12T16:00,55.1,41,9.5,1025.3
2026-04-12T17:00,54.4,45,10.3,1023.9
2026-04-12T18:00,54.4,46,11.5,1023.5
2026-04-12T19:00,54.1,46,11.9,1023.6
2026-04-12T20:00,52.6,50,13.4,1022.5
2026-04-12T21:00,50.9,46,14.7,1022.9
2026-04-12T22:00,49.5,49,16.1,1022.1
2026-04-12T23:00,48.8,53,17.2,1021.4
2026-04-13T00:00,47.9,59,17.2,1020.9
2026-04-13T01:00,48.2,61,17.7,1020.3
2026-04-13T02:00,49.6,61,17.9,1018.9
2026-04-13T03:00,49.5,62,16.1,1018.1
2026-04-13T04:00,49.7,64,16.1,1017.6
2026-04-13T05:00,49.8,68,15.1,1016.7
2026-04-13T06:00,49.5,73,15.3,1016.2
2026-04-13T07:00,49.6,78,15.0,1015.9
2026-04-13T08:00,51.3,77,12.3,1015.8
2026-04-13T09:00,54.8,73,12.6,1014.8
2026-04-13T10:00,54.9,76,13.3,1013.1
2026-04-13T11:00,61.4,68,15.2,1011.9
2026-04-13T12:00,64.7,67,15.1,1010.7
2026-04-13T13:00,64.7,70,13.5,1009.5
2026-04-13T14:00,64.3,74,10.5,1008.5
2026-04-13T15:00,67.6,69,11.6,1008.3
2026-04-13T16:00,70.5,61,12.5,1008.9
2026-04-13T17:00,71.9,62,6.8,1009.1
2026-04-13T18:00,69.8,69,7.9,1010.1
2026-04-13T19:00,64.8,83,2.5,1010.5
2026-04-13T20:00,62.8,88,4.7,1010.5
2026-04-13T21:00,62.3,85,4.5,1011.3
2026-04-13T22:00,60.1,86,3.3,1012.1
2026-04-13T23:00,58.1,90,3.4,1012.6
2026-04-14T00:00,59.0,91,5.3,1012.9
2026-04-14T01:00,57.4,93,4.4,1013.2
2026-04-14T02:00,58.2,91,3.3,1012.6
2026-04-14T03:00,56.5,94,3.3,1012.7
2026-04-14T04:00,56.5,96,0.8,1012.7
2026-04-14T05:00,55.6,98,0.5,1013.0
2026-04-14T06:00,54.3,100,1.3,1013.5
2026-04-14T07:00,55.4,100,2.5,1014.5
2026-04-14T08:00,60.3,93,3.8,1013.5
2026-04-14T09:00,65.2,86,2.1,1013.1
2026-04-14T10:00,69.2,74,4.4,1012.9
2026-04-14T11:00,69.3,73,6.3,1012.2
2026-04-14T12:00,75.2,63,8.8,1010.9
2026-04-14T13:00,79.0,54,10.8,1009.5
2026-04-14T14:00,78.5,54,13.0,1007.9
2026-04-14T15:00,78.9,52,14.4,1006.7
2026-04-14T16:00,81.4,47,14.5,1004.9
2026-04-14T17:00,76.3,65,6.9,1005.3
2026-04-14T18:00,69.5,80,7.4,1007.9
2026-04-14T19:00,66.4,91,6.1,1008.1
2026-04-14T20:00,63.9,94,3.8,1007.2
2026-04-14T21:00,64.7,88,6.2,1007.8
2026-04-14T22:00,63.5,93,7.8,1008.7
2026-04-14T23:00,63.0,93,4.7,1008.8
2026-04-15T00:00,61.2,92,3.9,1009.5
2026-04-15T01:00,60.3,88,7.4,1010.4
2026-04-15T02:00,59.4,87,6.4,1010.3
2026-04-15T03:00,56.2,92,3.6,1010.3
2026-04-15T04:00,56.2,89,1.0,1010.8
2026-04-15T05:00,54.8,91,1.8,1011.0
2026-04-15T06:00,52.7,96,4.4,1011.8
2026-04-15T07:00,53.7,99,5.5,1011.5
2026-04-15T08:00,56.5,94,3.7,1011.1
2026-04-15T09:00,58.4,90,3.4,1012.1
2026-04-15T10:00,62.4,82,0.6,1012.1
2026-04-15T11:00,66.8,72,0.9,1011.3
2026-04-15T12:00,70.1,66,2.2,1009.7
2026-04-15T13:00,73.8,63,1.6,1008.6
2026-04-15T14:00,77.9,59,4.8,1008.2
2026-04-15T15:00,78.5,61,4.9,1008.1
2026-04-15T16:00,79.6,56,3.7,1007.9
2026-04-15T17:00,78.6,56,3.0,1007.9
2026-04-15T18:00,77.3,63,2.6,1008.4
2026-04-15T19:00,73.9,71,3.6,1008.8
2026-04-15T20:00,69.0,73,1.7,1008.5
2026-04-15T21:00,69.9,66,4.1,1008.9
2026-04-15T22:00,71.1,64,6.6,1009.2
2026-04-15T23:00,67.4,76,6.7,1009.6
2026-04-16T00:00,64.2,86,6.4,1009.3
2026-04-16T01:00,61.8,97,5.0,1010.2
2026-04-16T02:00,62.4,96,1.0,1009.2
2026-04-16T03:00,62.4,97,4.4,1008.8
2026-04-16T04:00,62.8,94,5.5,1008.9
2026-04-16T05:00,62.9,96,7.1,1008.5
2026-04-16T06:00,62.0,98,5.6,1008.6
2026-04-16T07:00,62.1,98,4.7,1009.6
2026-04-16T08:00,64.4,97,5.9,1009.9
2026-04-16T09:00,67.6,89,5.6,1009.9
2026-04-16T10:00,68.0,88,4.7,1009.8
2026-04-16T11:00,73.4,77,2.9,1009.3
2026-04-16T12:00,73.6,74,3.7,1008.9
2026-04-16T13:00,77.0,68,5.9,1008.0
2026-04-16T14:00,79.6,57,8.2,1006.4
2026-04-16T15:00,80.6,55,10.4,1005.6
2026-04-16T16:00,79.5,57,8.6,1004.7
2026-04-16T17:00,80.9,55,7.2,1003.6
2026-04-16T18:00,80.7,56,7.8,1003.2
2026-04-16T19:00,78.3,59,6.7,1003.4
2026-04-16T20:00,70.6,81,5.3,1002.8
2026-04-16T21:00,73.3,64,6.8,1003.0
2026-04-16T22:00,68.9,82,11.3,1006.2
2026-04-16T23:00,66.1,89,3.2,1006.1
2026-04-17T00:00,63.7,94,2.8,1005.9
2026-04-17T01:00,63.8,94,1.8,1006.1
2026-04-17T02:00,65.1,92,4.5,1006.1
2026-04-17T03:00,63.8,93,4.9,1006.1
2026-04-17T04:00,62.1,96,3.3,1006.1
2026-04-17T05:00,60.6,97,4.9,1006.3
2026-04-17T06:00,58.9,99,4.9,1007.1
2026-04-17T07:00,59.6,98,6.7,1008.1
2026-04-17T08:00,59.9,98,8.1,1009.0
2026-04-17T09:00,59.5,92,10.1,1009.7
2026-04-17T10:00,58.0,90,11.0,1010.8
2026-04-17T11:00,58.3,85,12.5,1011.6
2026-04-17T12:00,62.5,71,13.0,1012.0
2026-04-17T13:00,66.1,64,12.6,1011.5
2026-04-17T14:00,67.5,62,11.9,1011.5
2026-04-17T15:00,68.0,57,11.7,1011.3
2026-04-17T16:00,67.8,55,11.5,1011.3
2026-04-17T17:00,67.4,54,10.6,1011.8
2026-04-17T18:00,65.4,55,9.4,1012.4
2026-04-17T19:00,61.8,64,7.6,1013.0
2026-04-17T20:00,60.2,72,9.1,1013.3
2026-04-17T21:00,58.6,74,9.0,1014.3
2026-04-17T22:00,56.9,78,7.0,1014.8
2026-04-17T23:00,54.6,85,3.8,1014.8
2026-04-18T00:00,53.1,90,3.2,1014.3
2026-04-18T01:00,52.8,92,2.3,1015.2
2026-04-18T02:00,53.1,94,3.5,1015.4
2026-04-18T03:00,54.3,95,5.9,1014.9
2026-04-18T04:00,53.2,98,3.6,1015.9
2026-04-18T05:00,53.0,97,6.1,1016.0
2026-04-18T06:00,53.6,92,6.7,1015.6
2026-04-18T07:00,54.3,88,6.4,1015.6
2026-04-18T08:00,58.4,75,4.9,1016.4
2026-04-18T09:00,61.6,66,7.5,1016.3
2026-04-18T10:00,64.6,59,9.0,1015.8
2026-04-18T11:00,67.4,54,9.9,1015.0
2026-04-18T12:00,69.3,50,11.0,1014.5
2026-04-18T13:00,69.9,51,12.2,1013.8
2026-04-18T14:00,70.6,50,12.5,1013.0
2026-04-18T15:00,70.2,51,14.3,1012.1
2026-04-18T16:00,69.6,53,14.2,1011.5
2026-04-18T17:00,68.6,54,14.0,1010.7
2026-04-18T18:00,66.5,58,13.2,1010.1
2026-04-18T19:00,63.2,64,13.5,1009.4
2026-04-18T20:00,60.9,66,13.0,1009.4
2026-04-18T21:00,59.5,72,14.6,1010.0
2026-04-18T22:00,58.2,77,15.7,1009.1
2026-04-18T23:00,56.7,81,16.2,1008.7
2026-04-19T00:00,55.2,82,17.5,1008.4
2026-04-19T01:00,54.0,83,16.5,1008.0
2026-04-19T02:00,54.9,92,15.0,1007.7
2026-04-19T03:00,54.2,91,16.4,1006.4
2026-04-19T04:00,53.0,95,10.9,1007.1
2026-04-19T05:00,52.0,97,11.1,1006.7
2026-04-19T06:00,51.3,98,9.4,1007.0
2026-04-19T07:00,50.7,97,8.4,1007.3
2026-04-19T08:00,47.6,96,9.8,1008.7
2026-04-19T09:00,45.0,94,10.6,1010.0
2026-04-19T10:00,44.0,94,9.9,1010.1
2026-04-19T11:00,42.2,96,10.5,1010.4
2026-04-19T12:00,39.3,100,10.4,1011.9
2026-04-19T13:00,38.4,95,9.7,1010.5
2026-04-19T14:00,39.1,94,9.5,1011.0
2026-04-19T15:00,38.8,96,10.3,1010.6
2026-04-19T16:00,38.6,95,8.5,1011.1
2026-04-19T17:00,40.8,83,8.1,1011.1
2026-04-19T18:00,42.8,70,9.3,1011.5
2026-04-19T19:00,42.6,68,8.4,1011.9
2026-04-19T20:00,41.6,64,8.6,1013.1
2026-04-19T21:00,40.7,60,8.2,1014.1
2026-04-19T22:00,39.4,58,6.9,1014.9
2026-04-19T23:00,37.6,64,5.1,1015.5
2026-04-20T00:00,35.7,71,3.6,1016.0
2026-04-20T01:00,35.1,73,1.8,1016.1
2026-04-20T02:00,34.9,78,2.5,1016.0
2026-04-20T03:00,33.5,82,2.7,1016.3
2026-04-20T04:00,33.0,83,1.9,1016.6
2026-04-20T05:00,32.5,85,2.7,1017.0
2026-04-20T06:00,33.0,84,3.9,1017.8
2026-04-20T07:00,35.0,78,6.7,1018.6
2026-04-20T08:00,36.8,69,8.2,1019.6
2026-04-20T09:00,38.1,60,9.2,1020.0
2026-04-20T10:00,40.3,53,11.4,1020.4
2026-04-20T11:00,41.5,51,10.8,1020.5
2026-04-20T12:00,42.4,50,10.0,1020.4
2026-04-20T13:00,43.6,47,9.4,1020.1
2026-04-20T14:00,43.2,43,9.8,1020.5
2026-04-20T15:00,43.3,40,9.5,1020.4
2026-04-20T16:00,43.7,38,11.0,1020.4
2026-04-20T17:00,43.2,39,10.1,1020.7
2026-04-20T18:00,42.8,39,9.7,1021.2
2026-04-20T19:00,41.4,43,6.1,1021.5
2026-04-20T20:00,38.2,42,8.2,1022.8
2026-04-20T21:00,36.5,45,7.4,1024.1
2026-04-20T22:00,35.1,49,7.4,1024.8
2026-04-20T23:00,33.4,54,5.8,1025.2
2026-04-21T00:00,31.8,60,4.4,1025.5
2026-04-21T01:00,29.6,67,3.0,1025.8
2026-04-21T02:00,29.7,67,2.1,1026.2
2026-04-21T03:00,28.8,67,1.6,1026.3
2026-04-21T04:00,28.7,68,0.8,1026.5
2026-04-21T05:00,28.8,67,0.3,1026.7
2026-04-21T06:00,28.8,67,0.2,1026.9
2026-04-21T07:00,31.1,65,0.6,1027.5
2026-04-21T08:00,33.8,58,1.8,1027.9
2026-04-21T09:00,37.0,53,2.2,1027.8
2026-04-21T10:00,39.8,47,2.8,1027.3
2026-04-21T11:00,41.5,39,3.9,1026.8
2026-04-21T12:00,43.3,37,4.7,1025.9
2026-04-21T13:00,45.0,38,4.3,1025.0
2026-04-21T14:00,45.6,37,4.0,1023.8
2026-04-21T15:00,47.9,38,5.5,1022.9
2026-04-21T16:00,48.0,38,6.0,1022.1
2026-04-21T17:00,47.8,40,6.1,1021.5
2026-04-21T18:00,47.3,40,8.5,1021.1
2026-04-21T19:00,45.3,46,8.5,1020.7
2026-04-21T20:00,42.4,49,6.3,1020.3
2026-04-21T21:00,41.8,49,7.5,1020.8
2026-04-21T22:00,43.5,44,8.0,1020.6
2026-04-21T23:00,42.5,43,10.2,1020.8
2026-04-22T00:00,41.7,47,12.2,1020.6
2026-04-22T01:00,41.8,48,12.3,1019.6
2026-04-22T02:00,42.8,52,11.9,1018.8
2026-04-22T03:00,42.8,58,12.3,1018.4
2026-04-22T04:00,42.5,66,12.8,1017.9
2026-04-22T05:00,43.1,67,13.1,1017.6
2026-04-22T06:00,43.3,67,12.5,1017.2
2026-04-22T07:00,43.6,69,12.6,1017.3
2026-04-22T08:00,43.7,76,13.6,1017.4
2026-04-22T09:00,45.7,74,17.4,1017.3
2026-04-22T10:00,45.7,77,16.1,1017.2
2026-04-22T11:00,46.9,77,15.5,1016.8
2026-04-22T12:00,48.6,73,15.4,1016.2
2026-04-22T13:00,49.6,73,14.8,1015.7
2026-04-22T14:00,49.5,71,13.7,1015.7
2026-04-22T15:00,50.4,70,12.6,1014.9
2026-04-22T16:00,51.5,68,12.2,1013.9
2026-04-22T17:00,52.5,68,11.7,1013.4
2026-04-22T18:00,52.4,69,11.0,1012.9
2026-04-22T19:00,51.3,73,9.1,1012.6
2026-04-22T20:00,47.7,75,5.7,1013.1
2026-04-22T21:00,46.8,76,7.9,1013.5
2026-04-22T22:00,46.0,81,8.6,1013.5
2026-04-22T23:00,45.3,82,7.7,1013.2
2026-04-23T00:00,44.5,84,8.5,1013.0
2026-04-23T01:00,43.5,88,7.3,1013.0
2026-04-23T02:00,44.2,88,5.3,1012.6
2026-04-23T03:00,43.3,90,3.5,1012.6
2026-04-23T04:00,42.1,92,3.4,1012.4
2026-04-23T05:00,41.0,93,3.0,1012.2
2026-04-23T06:00,40.6,93,1.6,1012.3
2026-04-23T07:00,43.1,93,0.3,1013.0
2026-04-23T08:00,45.2,90,2.0,1013.4
2026-04-23T09:00,50.1,78,3.6,1013.2
2026-04-23T10:00,54.5,60,6.4,1013.0
2026-04-23T11:00,57.6,53,6.6,1012.5
2026-04-23T12:00,60.9,40,11.7,1011.7
2026-04-23T13:00,62.4,38,12.4,1010.9
2026-04-23T14:00,66.0,29,14.1,1009.5
2026-04-23T15:00,65.8,30,14.0,1008.9
2026-04-23T16:00,65.3,29,14.7,1008.4
2026-04-23T17:00,63.9,30,14.1,1008.4
2026-04-23T18:00,62.1,34,11.0,1008.7
2026-04-23T19:00,59.1,39,9.1,1008.7
2026-04-23T20:00,56.7,41,7.0,1008.8
2026-04-23T21:00,53.5,51,5.6,1009.6
2026-04-23T22:00,51.4,53,4.5,1009.6
2026-04-23T23:00,52.2,52,4.9,1009.0
2026-04-24T00:00,52.4,55,5.8,1008.6
2026-04-24T01:00,49.5,50,7.7,1008.5
2026-04-24T02:00,48.7,41,10.7,1008.4
2026-04-24T03:00,45.3,46,11.7,1009.2
2026-04-24T04:00,42.4,56,9.9,1009.6
2026-04-24T05:00,40.5,59,9.7,1010.4
2026-04-24T06:00,38.5,61,9.8,1010.8
2026-04-24T07:00,37.0,67,8.2,1011.6
2026-04-24T08:00,38.8,64,10.4,1011.9
2026-04-24T09:00,41.6,58,9.0,1011.8
2026-04-24T10:00,44.6,55,8.9,1011.7
2026-04-24T11:00,47.0,50,8.9,1011.1
2026-04-24T12:00,49.1,47,8.4,1010.7
2026-04-24T13:00,51.0,45,8.3,1010.3
2026-04-24T14:00,54.2,37,7.8,1009.3
2026-04-24T15:00,55.1,34,7.7,1009.4
2026-04-24T16:00,55.2,37,6.1,1009.4
2026-04-24T17:00,54.9,39,4.7,1009.4
2026-04-24T18:00,54.5,41,5.9,1009.7
2026-04-24T19:00,51.7,49,5.2,1010.4
2026-04-24T20:00,49.2,49,8.1,1010.8
2026-04-24T21:00,47.8,51,9.6,1010.8
2026-04-24T22:00,45.5,54,6.9,1012.0
2026-04-24T23:00,43.8,58,6.4,1012.5
2026-04-25T00:00,42.4,59,4.6,1013.0
2026-04-25T01:00,39.9,65,3.2,1013.2
2026-04-25T02:00,40.5,60,1.6,1013.6
2026-04-25T03:00,38.7,66,2.7,1013.9
2026-04-25T04:00,38.2,68,3.7,1014.0
2026-04-25T05:00,39.2,73,4.7,1014.1
2026-04-25T06:00,39.1,79,5.3,1014.6
2026-04-25T07:00,40.8,75,6.0,1015.4
2026-04-25T08:00,44.5,65,5.3,1015.5
2026-04-25T09:00,47.8,54,7.1,1015.6
2026-04-25T10:00,49.7,51,7.9,1015.5
2026-04-25T11:00,51.3,50,6.9,1015.4
2026-04-25T12:00,52.4,50,7.0,1015.1
2026-04-25T13:00,53.0,51,6.9,1014.9
2026-04-25T14:00,54.6,49,7.1,1014.5
2026-04-25T15:00,54.0,51,8.6,1014.3
2026-04-25T16:00,53.1,53,8.0,1013.9
2026-04-25T17:00,50.7,62,8.2,1013.8
2026-04-25T18:00,47.1,75,7.3,1014.7
2026-04-25T19:00,46.5,80,5.8,1015.2
2026-04-25T20:00,45.3,82,7.1,1016.0
2026-04-25T21:00,44.8,86,5.5,1016.7
2026-04-25T22:00,44.3,88,5.5,1017.2
2026-04-25T23:00,43.6,91,6.3,1017.3
2026-04-26T00:00,43.1,93,6.2,1017.2
2026-04-26T01:00,42.6,94,5.4,1017.4
2026-04-26T02:00,43.2,97,2.7,1017.1
2026-04-26T03:00,42.8,97,1.9,1016.8
2026-04-26T04:00,42.6,96,2.1,1016.6
2026-04-26T05:00,41.9,97,1.2,1017.1
2026-04-26T06:00,40.7,97,2.3,1017.4
2026-04-26T07:00,42.0,96,4.3,1017.9
2026-04-26T08:00,44.8,89,3.1,1018.6
2026-04-26T09:00,48.4,81,4.2,1019.0
2026-04-26T10:00,52.1,73,4.4,1018.9
2026-04-26T11:00,55.7,65,5.2,1018.7
2026-04-26T12:00,58.7,56,4.8,1018.6
2026-04-26T13:00,61.0,50,5.6,1018.0
2026-04-26T14:00,63.8,43,5.4,1017.2
2026-04-26T15:00,65.0,39,7.1,1016.8
2026-04-26T16:00,64.3,41,7.5,1016.7
2026-04-26T17:00,64.0,40,7.1,1016.8
2026-04-26T18:00,63.5,43,5.4,1017.3
2026-04-26T19:00,59.6,57,3.6,1017.6
2026-04-26T20:00,55.6,58,4.7,1017.6
2026-04-26T21:00,54.8,53,7.2,1018.4
2026-04-26T22:00,53.6,55,5.9,1018.9
2026-04-26T23:00,49.6,65,2.8,1019.4
2026-04-27T00:00,47.7,68,3.9,1020.0
2026-04-27T01:00,48.1,65,6.6,1020.3
2026-04-27T02:00,46.4,73,6.0,1020.3
2026-04-27T03:00,44.4,81,3.7,1020.7
2026-04-27T04:00,43.1,83,3.2,1021.5
2026-04-27T05:00,42.9,83,2.0,1022.0
2026-04-27T06:00,43.3,80,0.7,1022.2
2026-04-27T07:00,46.5,82,0.7,1022.4
2026-04-27T08:00,50.4,72,1.3,1022.9
2026-04-27T09:00,54.0,71,3.0,1023.0
2026-04-27T10:00,57.9,67,3.9,1023.2
2026-04-27T11:00,61.9,62,4.1,1022.9
2026-04-27T12:00,65.1,56,4.4,1022.3
2026-04-27T13:00,67.5,51,4.6,1021.8
2026-04-27T14:00,70.1,43,6.2,1020.9
2026-04-27T15:00,70.2,42,7.5,1020.3
2026-04-27T16:00,70.1,42,7.8,1020.1
2026-04-27T17:00,69.7,41,5.9,1020.0
2026-04-27T18:00,69.3,43,3.8,1020.2
2026-04-27T19:00,66.3,61,2.0,1020.0
2026-04-27T20:00,63.0,49,3.8,1019.6
2026-04-27T21:00,61.3,56,8.0,1020.4
2026-04-27T22:00,60.0,55,8.2,1020.7
2026-04-27T23:00,58.5,52,10.3,1021.0
2026-04-28T00:00,55.8,57,11.1,1020.9
2026-04-28T01:00,53.9,59,11.4,1020.4
2026-04-28T02:00,52.6,58,11.1,1019.7
2026-04-28T03:00,52.1,57,10.6,1020.0
2026-04-28T04:00,50.9,57,9.8,1019.7
2026-04-28T05:00,50.5,57,9.5,1019.3
2026-04-28T06:00,50.0,57,9.1,1019.1
2026-04-28T07:00,51.3,58,8.4,1019.1
2026-04-28T08:00,55.3,56,7.8,1019.1
2026-04-28T09:00,58.9,50,8.2,1018.7
2026-04-28T10:00,62.1,48,8.4,1018.4
2026-04-28T11:00,64.6,43,10.2,1018.3
2026-04-28T12:00,66.0,40,12.0,1017.6
2026-04-28T13:00,66.4,41,12.4,1017.7
2026-04-28T14:00,68.3,39,12.0,1016.7
2026-04-28T15:00,68.3,40,11.7,1016.3
2026-04-28T16:00,67.0,43,11.7,1015.5
2026-04-28T17:00,65.1,47,10.2,1015.2
2026-04-28T18:00,64.0,50,8.2,1014.9
2026-04-28T19:00,62.0,53,8.0,1014.9
2026-04-28T20:00,61.1,52,6.6,1013.8
2026-04-28T21:00,57.8,59,6.5,1014.4
2026-04-28T22:00,56.2,60,8.9,1014.6
2026-04-28T23:00,55.4,59,9.4,1014.4
2026-04-29T00:00,54.5,60,9.3,1015.0
2026-04-29T01:00,52.5,67,9.5,1015.2
2026-04-29T02:00,54.0,61,11.1,1014.8
2026-04-29T03:00,52.6,57,9.9,1014.0
2026-04-29T04:00,51.8,55,9.4,1013.6
2026-04-29T05:00,51.8,53,9.1,1013.8
2026-04-29T06:00,51.9,53,9.2,1014.0
2026-04-29T07:00,52.5,54,8.8,1014.1
2026-04-29T08:00,54.1,54,7.9,1013.7
2026-04-29T09:00,56.9,53,8.1,1013.5
2026-04-29T10:00,60.0,54,7.2,1012.1
2026-04-29T11:00,63.5,52,6.8,1011.0
2026-04-29T12:00,65.1,52,8.4,1010.9
2026-04-29T13:00,65.3,53,9.5,1010.4
2026-04-29T14:00,65.3,54,9.7,1009.4
2026-04-29T15:00,66.8,53,10.4,1008.6
2026-04-29T16:00,68.4,49,12.7,1007.2
2026-04-29T17:00,65.6,55,12.6,1007.1
2026-04-29T18:00,64.7,59,11.6,1006.7
2026-04-29T19:00,63.0,63,10.0,1006.5
2026-04-29T20:00,62.6,55,10.9,1006.2
2026-04-29T21:00,60.5,57,11.3,1006.3
2026-04-29T22:00,57.6,66,11.7,1007.4
2026-04-29T23:00,53.0,92,13.3,1006.9
2026-04-30T00:00,51.6,94,13.5,1006.6
2026-04-30T01:00,50.4,94,13.6,1006.1
2026-04-30T02:00,50.0,94,13.1,1005.3
2026-04-30T03:00,49.3,95,13.4,1005.5
2026-04-30T04:00,48.6,95,13.5,1005.3
2026-04-30T05:00,48.4,96,11.4,1005.1
2026-04-30T06:00,48.3,96,10.2,1005.0
2026-04-30T07:00,48.6,93,10.5,1005.3
2026-04-30T08:00,49.5,91,9.7,1005.7
2026-04-30T09:00,49.8,89,9.1,1005.4
2026-04-30T10:00,49.8,91,6.8,1005.6
2026-04-30T11:00,51.3,87,6.4,1005.5
2026-04-30T12:00,52.2,82,6.5,1005.6
2026-04-30T13:00,55.1,72,7.0,1005.4
2026-04-30T14:00,56.0,68,8.1,1004.8
2026-04-30T15:00,58.7,60,10.3,1004.6
2026-04-30T16:00,57.4,59,11.8,1004.8
2026-04-30T17:00,56.4,58,11.5,1005.2
2026-04-30T18:00,55.3,58,10.6,1005.8
2026-04-30T19:00,53.8,58,9.2,1006.2
2026-04-30T20:00,51.4,59,10.0,1006.9
2026-04-30T21:00,49.3,62,9.7,1007.8
2026-04-30T22:00,47.7,65,9.7,1008.4
2026-04-30T23:00,46.8,67,10.0,1008.8
2026-05-01T00:00,45.5,71,9.1,1008.8
2026-05-01T01:00,44.0,76,7.0,1008.7
2026-05-01T02:00,44.5,75,6.5,1008.5
2026-05-01T03:00,43.0,79,5.8,1008.7
2026-05-01T04:00,42.6,80,5.6,1008.9
2026-05-01T05:00,43.2,80,5.9,1009.3
2026-05-01T06:00,43.2,80,5.5,1009.8
2026-05-01T07:00,43.4,81,5.1,1010.3
2026-05-01T08:00,45.8,77,6.5,1010.7
2026-05-01T09:00,48.5,70,6.7,1010.7
2026-05-01T10:00,51.0,56,8.3,1010.7
2026-05-01T11:00,52.7,51,9.0,1010.6
2026-05-01T12:00,54.0,48,8.5,1010.4
2026-05-01T13:00,54.9,46,8.9,1010.1
2026-05-01T14:00,56.8,42,8.4,1009.4
2026-05-01T15:00,57.3,40,7.0,1008.8
2026-05-01T16:00,58.7,40,9.2,1008.4
2026-05-01T17:00,56.8,43,7.3,1008.5
2026-05-01T18:00,56.1,45,4.5,1008.5
2026-05-01T19:00,55.1,63,1.5,1008.7
2026-05-01T20:00,52.8,54,0.9,1009.0
2026-05-01T21:00,52.5,55,3.0,1009.3
2026-05-01T22:00,51.7,60,4.1,1009.8
2026-05-01T23:00,48.7,72,6.4,1010.3
2026-05-02T00:00,46.7,81,4.2,1010.2
2026-05-02T01:00,45.2,85,1.7,1010.3
2026-05-02T02:00,46.9,80,3.0,1010.0
2026-05-02T03:00,47.0,86,1.4,1009.7
2026-05-02T04:00,46.4,89,2.4,1009.7
2026-05-02T05:00,46.7,89,3.4,1009.8
2026-05-02T06:00,46.0,92,4.3,1009.9
2026-05-02T07:00,44.6,93,5.4,1010.6
2026-05-02T08:00,44.6,91,5.1,1011.2
2026-05-02T09:00,45.3,85,5.1,1011.3
2026-05-02T10:00,46.0,81,7.9,1011.3
2026-05-02T11:00,48.3,70,7.3,1011.2
2026-05-02T12:00,49.5,65,5.0,1010.9
2026-05-02T13:00,52.0,57,5.6,1010.4
2026-05-02T14:00,53.7,52,8.7,1010.1
2026-05-02T15:00,54.1,49,10.2,1010.0
2026-05-02T16:00,53.6,47,10.1,1009.8
2026-05-02T17:00,52.4,44,10.9,1009.5
2026-05-02T18:00,51.0,45,11.1,1009.8
2026-05-02T19:00,48.5,50,9.1,1010.4
2026-05-02T20:00,46.0,50,6.2,1010.6
2026-05-02T21:00,44.3,55,6.1,1011.3
2026-05-02T22:00,41.6,64,3.9,1011.5
2026-05-02T23:00,40.3,68,4.2,1011.2
2026-05-03T00:00,39.6,68,5.7,1011.0
2026-05-03T01:00,38.4,71,5.6,1010.4
2026-05-03T02:00,38.8,71,5.9,1009.9
2026-05-03T03:00,38.7,74,6.4,1009.6
2026-05-03T04:00,38.9,77,7.0,1009.5
2026-05-03T05:00,38.9,79,6.2,1009.1
2026-05-03T06:00,37.8,84,4.2,1009.1
2026-05-03T07:00,39.6,81,3.5,1009.4
2026-05-03T08:00,42.4,74,6.6,1009.5
2026-05-03T09:00,45.7,66,8.2,1009.3
2026-05-03T10:00,47.7,54,11.2,1009.3
2026-05-03T11:00,49.4,45,13.1,1008.8
2026-05-03T12:00,49.5,43,12.8,1008.7
2026-05-03T13:00,50.0,41,13.1,1008.6
2026-05-03T14:00,51.4,39,13.9,1008.3
2026-05-03T15:00,51.3,39,13.8,1008.2
2026-05-03T16:00,51.3,39,13.8,1008.0
2026-05-03T17:00,52.2,36,12.4,1007.5
2026-05-03T18:00,53.0,34,10.0,1007.6
2026-05-03T19:00,52.1,40,8.6,1007.6
2026-05-03T20:00,50.4,41,7.5,1007.8
2026-05-03T21:00,51.0,43,5.3,1008.6
2026-05-03T22:00,47.3,57,2.3,1008.8
2026-05-03T23:00,46.8,59,2.5,1008.4
2026-05-04T00:00,47.8,56,5.4,1008.8
2026-05-04T01:00,47.2,60,5.0,1008.7
2026-05-04T02:00,46.9,61,6.6,1008.4
2026-05-04T03:00,47.6,59,7.4,1008.2
2026-05-04T04:00,47.1,64,9.0,1008.2
2026-05-04T05:00,44.2,73,9.5,1008.3
2026-05-04T06:00,43.5,77,8.9,1008.4
2026-05-04T07:00,45.9,74,8.9,1008.6
2026-05-04T08:00,50.2,67,9.1,1008.6
2026-05-04T09:00,54.9,58,10.0,1008.1
2026-05-04T10:00,58.7,52,10.6,1007.4
2026-05-04T11:00,62.4,52,10.0,1007.0
2026-05-04T12:00,64.7,42,11.0,1006.6
2026-05-04T13:00,65.7,37,13.6,1006.1
2026-05-04T14:00,69.1,33,12.8,1005.2
2026-05-04T15:00,69.0,35,12.7,1005.2
2026-05-04T16:00,69.1,37,11.9,1004.9
2026-05-04T17:00,69.6,38,11.0,1004.6
2026-05-04T18:00,68.4,44,7.7,1004.6
2026-05-04T19:00,65.7,54,6.3,1004.8
2026-05-04T20:00,63.8,44,10.4,1004.4
2026-05-04T21:00,62.1,47,12.0,1005.2
2026-05-04T22:00,61.2,49,13.1,1005.4
2026-05-04T23:00,60.4,49,13.7,1005.3
2026-05-05T00:00,59.4,50,13.9,1005.6
2026-05-05T01:00,58.3,52,14.5,1005.9
2026-05-05T02:00,59.6,50,14.2,1005.5
2026-05-05T03:00,59.3,52,13.6,1005.4
2026-05-05T04:00,58.4,55,12.5,1005.6
2026-05-05T05:00,57.0,60,10.6,1005.7
2026-05-05T06:00,56.5,63,11.8,1005.6
2026-05-05T07:00,57.6,66,12.3,1005.8
2026-05-05T08:00,60.5,68,11.9,1005.9
2026-05-05T09:00,64.3,63,12.5,1005.8
2026-05-05T10:00,68.1,58,12.3,1005.7
2026-05-05T11:00,72.9,52,13.3,1004.7
2026-05-05T12:00,75.1,49,16.2,1004.3
2026-05-05T13:00,76.5,51,15.8,1003.9
2026-05-05T14:00,77.7,40,18.6,1003.2
2026-05-05T15:00,77.5,42,18.9,1003.0
2026-05-05T16:00,78.8,39,16.6,1002.3
2026-05-05T17:00,77.8,41,15.0,1002.6
2026-05-05T18:00,73.1,49,9.1,1004.5
2026-05-05T19:00,66.6,71,3.7,1004.7
2026-05-05T20:00,63.9,85,3.0,1005.1
2026-05-05T21:00,64.9,75,2.7,1005.4
2026-05-05T22:00,63.5,76,3.4,1006.7
2026-05-05T23:00,62.1,86,4.1,1006.8
2026-05-06T00:00,61.5,84,0.9,1006.9
2026-05-06T01:00,59.8,88,3.1,1007.1
2026-05-06T02:00,58.2,91,2.0,1006.7
2026-05-06T03:00,57.6,89,0.5,1006.6
2026-05-06T04:00,56.7,89,3.8,1006.4
2026-05-06T05:00,55.4,94,3.8,1005.6
2026-05-06T06:00,56.4,92,5.7,1005.0
2026-05-06T07:00,56.7,93,3.1,1005.2
2026-05-06T08:00,56.8,94,2.8,1006.1
2026-05-06T09:00,57.9,97,3.6,1005.6
2026-05-06T10:00,59.0,97,4.7,1005.7
2026-05-06T11:00,59.8,96,9.1,1004.7
2026-05-06T12:00,60.9,96,10.3,1004.5
2026-05-06T13:00,61.5,96,14.4,1003.8
2026-05-06T14:00,61.6,95,14.7,1003.4
2026-05-06T15:00,62.1,94,15.2,1003.2
2026-05-06T16:00,62.4,94,15.1,1002.6
2026-05-06T17:00,61.4,97,9.1,1003.1
2026-05-06T18:00,51.4,99,7.2,1005.1
2026-05-06T19:00,50.9,95,5.3,1005.9
2026-05-06T20:00,49.8,96,4.8,1006.8
2026-05-06T21:00,49.3,96,4.0,1007.8
2026-05-06T22:00,48.3,96,3.9,1008.2
2026-05-06T23:00,48.4,93,2.2,1008.3
2026-05-07T00:00,48.6,94,5.8,1007.7
2026-05-07T01:00,48.0,96,7.3,1007.7
2026-05-07T02:00,47.7,96,7.7,1007.6
2026-05-07T03:00,47.0,94,8.6,1007.8
2026-05-07T04:00,46.3,89,9.5,1008.5
2026-05-07T05:00,45.4,82,9.8,1008.2
2026-05-07T06:00,44.1,74,9.5,1008.6
2026-05-07T07:00,43.6,70,9.3,1009.2
2026-05-07T08:00,45.6,66,9.6,1009.5
2026-05-07T09:00,47.5,57,10.5,1009.6
2026-05-07T10:00,49.8,54,9.4,1009.4
2026-05-07T11:00,51.8,52,9.9,1009.5
2026-05-07T12:00,54.7,44,12.6,1008.9
2026-05-07T13:00,55.0,43,13.9,1008.3
2026-05-07T14:00,54.8,46,12.6,1008.0
2026-05-07T15:00,54.4,45,13.3,1007.8
2026-05-07T16:00,54.3,46,12.6,1007.3
2026-05-07T17:00,54.6,45,11.8,1007.2
2026-05-07T18:00,53.3,47,10.0,1007.2
2026-05-07T19:00,51.4,52,6.2,1007.0
2026-05-07T20:00,49.5,49,6.3,1007.1
2026-05-07T21:00,48.4,49,6.9,1007.9
2026-05-07T22:00,46.0,54,4.5,1008.4
2026-05-07T23:00,44.2,57,4.3,1008.4
2026-05-08T00:00,42.7,63,3.0,1008.2
2026-05-08T01:00,41.7,64,3.6,1008.0
2026-05-08T02:00,40.9,71,3.8,1008.1
2026-05-08T03:00,41.7,71,3.1,1008.4
2026-05-08T04:00,42.9,67,3.0,1008.7
2026-05-08T05:00,43.6,62,4.6,1009.0
2026-05-08T06:00,42.8,66,6.8,1009.6
2026-05-08T07:00,43.3,73,5.8,1010.2
2026-05-08T08:00,45.7,71,6.1,1010.2
2026-05-08T09:00,48.6,62,5.8,1010.2
2026-05-08T10:00,50.9,54,5.6,1009.6
2026-05-08T11:00,52.8,49,8.3,1009.6
2026-05-08T12:00,52.3,47,9.7,1009.8
2026-05-08T13:00,51.9,49,9.9,1009.7
2026-05-08T14:00,52.6,48,7.3,1009.4
2026-05-08T15:00,54.0,52,7.8,1009.2
2026-05-08T16:00,54.9,53,9.3,1008.9
2026-05-08T17:00,53.8,51,9.1,1009.0
2026-05-08T18:00,53.4,52,7.4,1009.0
2026-05-08T19:00,52.1,58,4.1,1009.1
2026-05-08T20:00,48.6,62,3.3,1009.6
2026-05-08T21:00,47.3,61,2.9,1010.3
2026-05-08T22:00,47.3,59,1.2,1011.1
2026-05-08T23:00,46.5,60,0.8,1011.2
2026-05-09T00:00,45.0,61,1.0,1011.1
2026-05-09T01:00,44.1,63,1.8,1011.2
2026-05-09T02:00,43.3,67,1.7,1011.4
2026-05-09T03:00,41.5,75,2.6,1010.8
2026-05-09T04:00,40.6,80,3.3,1011.0
2026-05-09T05:00,43.8,69,5.1,1011.2
2026-05-09T06:00,45.5,70,7.8,1011.2
2026-05-09T07:00,46.1,80,8.0,1010.9
2026-05-09T08:00,47.5,82,5.8,1010.9
2026-05-09T09:00,48.4,89,3.9,1010.8
2026-05-09T10:00,48.5,97,6.0,1010.7
2026-05-09T11:00,49.5,97,6.9,1010.7
2026-05-09T12:00,50.6,94,4.8,1010.1
2026-05-09T13:00,51.0,94,6.7,1009.4
2026-05-09T14:00,51.5,94,7.9,1008.7
2026-05-09T15:00,53.1,95,8.8,1008.5
2026-05-09T16:00,53.7,96,10.2,1008.1
2026-05-09T17:00,54.9,93,11.9,1007.4
2026-05-09T18:00,55.3,91,11.8,1006.9
2026-05-09T19:00,54.1,89,10.8,1006.9
2026-05-09T20:00,53.1,89,10.1,1007.2
2026-05-09T21:00,51.8,89,10.1,1008.5
2026-05-09T22:00,52.1,87,10.9,1008.1
2026-05-09T23:00,51.4,87,10.4,1007.9
2026-05-10T00:00,50.4,90,10.4,1008.2
2026-05-10T01:00,50.5,92,10.4,1008.4
2026-05-10T02:00,51.4,94,9.9,1008.2
2026-05-10T03:00,51.0,96,9.2,1008.4
2026-05-10T04:00,51.6,97,9.9,1008.2
2026-05-10T05:00,51.3,98,10.6,1008.1
2026-05-10T06:00,51.1,99,9.3,1008.9
2026-05-10T07:00,51.5,99,9.1,1009.4
2026-05-10T08:00,53.0,95,10.9,1009.6
2026-05-10T09:00,55.8,89,10.0,1010.0
2026-05-10T10:00,57.2,87,6.6,1010.6
2026-05-10T11:00,59.2,83,3.6,1010.8
2026-05-10T12:00,60.3,78,8.7,1011.3
2026-05-10T13:00,61.7,63,9.8,1011.3
2026-05-10T14:00,63.4,55,9.8,1011.4
2026-05-10T15:00,63.5,47,8.6,1011.1
2026-05-10T16:00,63.4,48,10.2,1011.3
2026-05-10T17:00,62.5,49,8.9,1011.3
2026-05-10T18:00,62.5,49,8.2,1011.7
2026-05-10T19:00,58.4,56,9.1,1012.9
2026-05-10T20:00,57.0,53,9.3,1013.3
2026-05-10T21:00,54.1,51,10.1,1015.0
2026-05-10T22:00,51.3,47,7.3,1016.3
2026-05-10T23:00,48.5,51,5.1,1016.9
2026-05-11T00:00,45.9,60,3.5,1017.4
2026-05-11T01:00,47.9,57,3.5,1017.4
2026-05-11T02:00,48.6,55,3.6,1017.2
2026-05-11T03:00,48.5,53,6.5,1017.7
2026-05-11T04:00,46.2,57,6.3,1018.3
2026-05-11T05:00,44.2,62,5.0,1018.0
2026-05-11T06:00,42.3,68,4.3,1018.2
2026-05-11T07:00,44.0,71,4.7,1018.6
2026-05-11T08:00,47.3,63,3.9,1019.2
2026-05-11T09:00,50.5,54,4.6,1019.1
2026-05-11T10:00,53.2,49,5.4,1019.1
2026-05-11T11:00,55.0,46,5.7,1018.8
2026-05-11T12:00,57.0,45,8.0,1018.4
2026-05-11T13:00,57.0,43,9.7,1018.1
2026-05-11T14:00,57.7,41,10.4,1017.3
2026-05-11T15:00,57.7,42,9.9,1017.0
2026-05-11T16:00,56.3,44,7.6,1016.7
2026-05-11T17:00,56.5,44,7.4,1016.4
2026-05-11T18:00,55.8,46,7.3,1016.4
2026-05-11T19:00,54.1,52,6.4,1016.6
2026-05-11T20:00,51.8,48,9.5,1016.7
2026-05-11T21:00,49.8,45,9.2,1017.6
2026-05-11T22:00,47.7,48,7.8,1018.5
2026-05-11T23:00,45.6,53,6.7,1018.6
2026-05-12T00:00,44.0,59,6.9,1019.1
2026-05-12T01:00,42.8,66,4.4,1019.6
2026-05-12T02:00,43.4,71,3.9,1019.4
2026-05-12T03:00,41.1,78,3.3,1019.4
2026-05-12T04:00,40.1,81,3.1,1019.8
2026-05-12T05:00,39.3,83,2.9,1020.1
2026-05-12T06:00,39.2,83,2.6,1020.4
2026-05-12T07:00,42.0,78,2.5,1021.0
2026-05-12T08:00,45.5,72,2.9,1021.0
2026-05-12T09:00,48.9,64,3.3,1020.9
2026-05-12T10:00,51.8,56,3.8,1020.7
2026-05-12T11:00,54.0,48,6.3,1020.5
2026-05-12T12:00,53.6,49,5.7,1020.0
2026-05-12T13:00,54.7,48,7.8,1019.5
2026-05-12T14:00,58.5,41,7.4,1018.1
2026-05-12T15:00,59.5,41,8.4,1017.6
2026-05-12T16:00,59.2,41,8.1,1016.9
2026-05-12T17:00,59.1,41,7.8,1016.6
2026-05-12T18:00,59.1,43,7.4,1016.9
2026-05-12T19:00,57.0,53,3.5,1016.6
2026-05-12T20:00,55.0,51,2.0,1016.2
2026-05-12T21:00,54.0,51,2.1,1016.3
2026-05-12T22:00,52.6,55,1.7,1016.8
2026-05-12T23:00,51.3,57,0.3,1016.7
2026-05-13T00:00,51.3,56,1.6,1016.2
2026-05-13T01:00,50.5,61,2.1,1016.1
2026-05-13T02:00,49.1,67,1.4,1015.5
2026-05-13T03:00,48.6,65,2.0,1015.2
2026-05-13T04:00,49.8,56,4.3,1014.2
2026-05-13T05:00,50.3,58,4.1,1013.9
2026-05-13T06:00,50.4,63,4.4,1013.7
2026-05-13T07:00,50.5,73,6.5,1013.7
2026-05-13T08:00,52.0,80,6.3,1013.5
2026-05-13T09:00,51.6,89,8.2,1013.3
2026-05-13T10:00,51.3,95,8.9,1012.8
2026-05-13T11:00,53.0,94,10.0,1012.1
2026-05-13T12:00,55.2,89,12.9,1010.9
2026-05-13T13:00,57.6,83,15.0,1009.6
2026-05-13T14:00,57.7,78,11.3,1009.6
2026-05-13T15:00,59.8,72,10.3,1008.7
2026-05-13T16:00,60.0,74,9.5,1007.7
2026-05-13T17:00,60.1,77,10.3,1007.1
2026-05-13T18:00,60.5,77,13.5,1006.6
2026-05-13T19:00,60.0,79,12.8,1006.6
2026-05-13T20:00,60.0,72,12.9,1006.3
2026-05-13T21:00,58.6,66,12.4,1006.5
2026-05-13T22:00,58.0,64,11.5,1007.1
2026-05-13T23:00,57.6,65,11.9,1007.1
2026-05-14T00:00,56.6,69,11.2,1007.2
2026-05-14T01:00,55.1,81,11.9,1006.5
2026-05-14T02:00,56.0,83,12.9,1005.8
2026-05-14T03:00,54.8,89,11.1,1005.5
2026-05-14T04:00,54.1,94,9.8,1005.1
2026-05-14T05:00,53.3,98,5.6,1005.3
2026-05-14T06:00,50.7,97,6.5,1006.2
2026-05-14T07:00,49.5,97,3.5,1006.6
2026-05-14T08:00,51.6,90,3.3,1007.2
2026-05-14T09:00,52.5,87,3.2,1007.4
2026-05-14T10:00,53.9,83,4.3,1007.3
2026-05-14T11:00,56.9,74,5.4,1006.8
2026-05-14T12:00,58.6,70,4.4,1006.6
2026-05-14T13:00,59.3,69,3.9,1005.9
2026-05-14T14:00,56.1,72,6.5,1006.3
2026-05-14T15:00,58.2,69,6.4,1005.8
2026-05-14T16:00,58.5,68,7.4,1005.4
2026-05-14T17:00,56.4,76,9.2,1005.5
2026-05-14T18:00,54.8,84,9.2,1005.7
2026-05-14T19:00,53.2,88,7.6,1005.9
2026-05-14T20:00,51.3,95,8.0,1006.3
2026-05-14T21:00,49.9,95,7.9,1006.7
2026-05-14T22:00,49.7,94,6.3,1007.1
2026-05-14T23:00,50.3,95,3.9,1006.9
2026-05-15T00:00,50.1,97,3.5,1006.8
2026-05-15T01:00,49.7,95,4.5,1006.5
2026-05-15T02:00,48.9,95,5.7,1006.2
2026-05-15T03:00,48.6,95,5.6,1006.1
2026-05-15T04:00,49.1,92,6.5,1006.4
2026-05-15T05:00,48.9,91,6.5,1006.8
2026-05-15T06:00,48.7,92,6.3,1007.4
2026-05-15T07:00,48.9,92,4.9,1007.9
2026-05-15T08:00,51.2,88,5.4,1008.8
2026-05-15T09:00,53.5,82,6.3,1009.2
2026-05-15T10:00,55.6,78,7.0,1009.2
2026-05-15T11:00,57.5,77,6.4,1009.4
2026-05-15T12:00,58.7,75,6.1,1009.8
2026-05-15T13:00,61.2,69,5.4,1009.8
2026-05-15T14:00,61.4,70,4.9,1010.3
2026-05-15T15:00,62.6,68,4.9,1010.3
2026-05-15T16:00,63.0,68,5.3,1010.6
2026-05-15T17:00,62.7,70,5.8,1011.1
2026-05-15T18:00,62.1,73,3.3,1011.6
2026-05-15T19:00,61.7,78,3.3,1011.9
2026-05-15T20:00,60.8,73,5.0,1012.3
2026-05-15T21:00,59.0,80,3.7,1013.1
2026-05-15T22:00,57.3,83,2.8,1014.0
2026-05-15T23:00,55.8,85,3.2,1014.4
2026-05-16T00:00,54.4,86,2.6,1014.6
2026-05-16T01:00,53.8,88,3.5,1014.8
2026-05-16T02:00,52.7,91,2.9,1015.2
2026-05-16T03:00,51.8,91,2.5,1015.4
2026-05-16T04:00,51.8,91,3.3,1015.2
2026-05-16T05:00,51.2,91,4.2,1015.4
2026-05-16T06:00,50.7,93,6.1,1016.1
2026-05-16T07:00,52.4,95,5.9,1016.7
2026-05-16T08:00,56.0,88,5.6,1016.9
2026-05-16T09:00,59.3,83,6.4,1016.5
2026-05-16T10:00,63.0,71,7.2,1016.0
2026-05-16T11:00,66.3,57,7.8,1015.3
2026-05-16T12:00,68.9,51,8.8,1014.2
2026-05-16T13:00,70.8,50,9.6,1013.4
2026-05-16T14:00,74.0,46,10.9,1011.6
2026-05-16T15:00,74.7,47,12.2,1010.5
2026-05-16T16:00,75.7,45,11.8,1009.5
2026-05-16T17:00,76.0,47,10.1,1009.4
2026-05-16T18:00,75.0,53,8.5,1009.4
2026-05-16T19:00,72.4,60,8.2,1008.9
2026-05-16T20:00,70.6,55,9.0,1008.7
2026-05-16T21:00,71.1,55,7.0,1008.7
2026-05-16T22:00,69.5,58,8.3,1008.6
2026-05-16T23:00,67.8,66,6.7,1009.0
2026-05-17T00:00,66.8,71,6.2,1009.6
2026-05-17T01:00,64.4,78,4.0,1010.2
2026-05-17T02:00,63.5,80,3.3,1010.8
2026-05-17T03:00,63.4,81,5.1,1011.3
2026-05-17T04:00,62.4,86,4.9,1011.7
2026-05-17T05:00,61.2,89,4.1,1012.0
2026-05-17T06:00,60.6,90,3.1,1012.0
2026-05-17T07:00,63.4,89,3.6,1012.9
2026-05-17T08:00,67.2,78,0.9,1013.7
2026-05-17T09:00,70.3,73,2.4,1013.9
2026-05-17T10:00,73.3,70,4.9,1014.2
2026-05-17T11:00,76.3,65,5.7,1013.9
2026-05-17T12:00,79.4,58,8.3,1014.0
2026-05-17T13:00,80.7,56,10.9,1013.7
2026-05-17T14:00,84.6,43,10.8,1012.7
2026-05-17T15:00,84.6,39,11.5,1013.0
2026-05-17T16:00,83.1,43,11.5,1013.1
2026-05-17T17:00,81.1,52,10.4,1013.9
2026-05-17T18:00,80.0,55,9.3,1014.3
2026-05-17T19:00,77.4,62,5.3,1014.6
2026-05-17T20:00,75.2,53,5.4,1014.6
2026-05-17T21:00,72.9,57,5.1,1015.6
2026-05-17T22:00,70.5,62,3.8,1016.4
2026-05-17T23:00,68.9,64,4.3,1016.6
2026-05-18T00:00,66.8,70,0.6,1016.9
2026-05-18T01:00,64.8,74,1.3,1017.4
2026-05-18T02:00,63.5,79,3.1,1017.4
2026-05-18T03:00,62.1,82,2.4,1017.6
2026-05-18T04:00,61.4,82,1.1,1018.2
2026-05-18T05:00,60.3,87,3.5,1018.7
2026-05-18T06:00,61.4,85,3.7,1018.9
2026-05-18T07:00,64.9,79,4.4,1019.3
2026-05-18T08:00,69.4,70,5.0,1019.4
2026-05-18T09:00,72.4,64,6.4,1019.2
2026-05-18T10:00,77.8,55,9.4,1018.4
2026-05-18T11:00,81.7,52,10.1,1017.9
2026-05-18T12:00,84.7,50,10.1,1017.5
2026-05-18T13:00,86.9,46,10.9,1016.6
2026-05-18T14:00,89.5,41,10.1,1015.8
2026-05-18T15:00,89.8,41,9.0,1015.7
2026-05-18T16:00,89.5,41,10.7,1015.2
2026-05-18T17:00,88.2,46,9.2,1014.9
2026-05-18T18:00,87.2,46,8.7,1014.3
2026-05-18T19:00,85.1,49,7.3,1014.7
2026-05-18T20:00,84.5,48,10.0,1013.8
2026-05-18T21:00,83.7,49,10.8,1014.4
2026-05-18T22:00,80.8,55,11.5,1015.1
2026-05-18T23:00,77.5,60,11.1,1015.2
2026-05-19T00:00,76.2,63,11.2,1015.3
2026-05-19T01:00,75.1,66,10.5,1015.3
2026-05-19T02:00,75.1,62,10.6,1015.1
2026-05-19T03:00,73.7,66,7.4,1014.9
2026-05-19T04:00,71.9,71,9.2,1014.9
2026-05-19T05:00,72.4,69,9.6,1014.6
2026-05-19T06:00,72.1,71,5.9,1015.3
2026-05-19T07:00,73.3,71,7.2,1015.0
2026-05-19T08:00,77.4,66,6.8,1014.7
2026-05-19T09:00,80.9,60,6.9,1014.6
2026-05-19T10:00,84.7,52,4.9,1014.3
2026-05-19T11:00,86.7,51,6.3,1013.9
2026-05-19T12:00,88.0,47,6.5,1013.3
2026-05-19T13:00,89.8,43,7.0,1012.3
2026-05-19T14:00,92.0,39,8.8,1011.3
2026-05-19T15:00,86.8,50,10.8,1011.9
2026-05-19T16:00,85.3,53,8.8,1012.2
2026-05-19T17:00,86.4,49,6.7,1011.9
2026-05-19T18:00,85.5,50,5.8,1011.7
2026-05-19T19:00,83.5,57,4.1,1011.6
2026-05-19T20:00,83.1,56,1.9,1010.7
2026-05-19T21:00,81.5,55,3.2,1010.8
2026-05-19T22:00,80.9,54,7.3,1011.3
2026-05-19T23:00,79.6,58,7.2,1011.2
2026-05-20T00:00,78.0,64,7.0,1011.2
2026-05-20T01:00,76.4,69,7.1,1011.2
2026-05-20T02:00,74.5,73,6.9,1010.6
2026-05-20T03:00,73.5,76,7.3,1010.3
2026-05-20T04:00,72.1,78,6.4,1010.4
2026-05-20T05:00,71.3,78,5.6,1010.1
2026-05-20T06:00,71.0,79,5.5,1010.4
2026-05-20T07:00,73.5,75,4.4,1011.0
2026-05-20T08:00,77.2,68,3.8,1011.5
2026-05-20T09:00,79.4,62,10.3,1011.7
2026-05-20T10:00,79.5,64,11.4,1012.0
2026-05-20T11:00,79.5,63,12.7,1012.4
2026-05-20T12:00,78.6,62,12.5,1012.8
2026-05-20T13:00,77.6,56,14.7,1013.3
2026-05-20T14:00,78.5,52,13.0,1012.8
2026-05-20T15:00,76.1,51,12.2,1013.2
2026-05-20T16:00,73.9,53,10.5,1013.4
2026-05-20T17:00,71.6,49,10.3,1013.6
2026-05-20T18:00,68.8,46,9.8,1014.2
2026-05-20T19:00,65.8,48,9.5,1014.7
2026-05-20T20:00,64.4,47,10.2,1015.0
2026-05-20T21:00,62.2,49,8.7,1016.0
2026-05-20T22:00,60.5,52,6.8,1017.1
2026-05-20T23:00,59.3,55,4.3,1017.4
2026-05-21T00:00,57.8,58,5.7,1017.6
2026-05-21T01:00,57.7,58,7.0,1017.8
2026-05-21T02:00,56.6,59,7.5,1017.8
2026-05-21T03:00,55.7,61,6.8,1018.2
2026-05-21T04:00,54.7,64,4.7,1018.6
2026-05-21T05:00,54.5,66,5.4,1019.0
2026-05-21T06:00,55.3,56,7.8,1020.1
2026-05-21T07:00,55.1,50,10.4,1021.1
2026-05-21T08:00,55.2,51,10.4,1022.1
2026-05-21T09:00,56.1,50,9.2,1022.6
2026-05-21T10:00,55.8,51,7.9,1022.8
2026-05-21T11:00,57.6,49,7.4,1023.1
2026-05-21T12:00,57.9,48,6.3,1023.4
2026-05-21T13:00,59.5,47,5.5,1023.0
2026-05-21T14:00,61.4,44,4.8,1023.0
2026-05-21T15:00,61.5,45,3.8,1022.9
2026-05-21T16:00,61.8,46,3.1,1022.3
2026-05-21T17:00,61.6,47,2.5,1021.9
2026-05-21T18:00,61.5,48,2.3,1021.9
2026-05-21T19:00,60.9,51,2.5,1022.0
2026-05-21T20:00,59.3,57,3.2,1022.5
2026-05-21T21:00,57.5,61,3.8,1023.4
2026-05-21T22:00,56.9,60,6.7,1024.1
2026-05-21T23:00,54.9,55,7.4,1024.8
2026-05-22T00:00,52.9,57,7.6,1025.2
2026-05-22T01:00,52.0,55,8.0,1025.0
2026-05-22T02:00,49.1,62,7.1,1025.6
2026-05-22T03:00,48.3,60,6.7,1025.8
2026-05-22T04:00,47.1,62,5.8,1026.3
2026-05-22T05:00,46.1,64,5.0,1026.7
2026-05-22T06:00,46.1,66,5.0,1027.6
2026-05-22T07:00,48.6,64,5.1,1027.8
2026-05-22T08:00,52.7,53,5.0,1028.7
2026-05-22T09:00,55.4,48,5.1,1029.0
2026-05-22T10:00,58.5,44,4.3,1028.4
2026-05-22T11:00,61.3,42,3.7,1028.1
2026-05-22T12:00,63.8,39,3.2,1027.6
2026-05-22T13:00,65.8,36,2.7,1026.7
2026-05-22T14:00,67.0,32,3.8,1026.1
2026-05-22T15:00,67.1,32,4.3,1025.7
2026-05-22T16:00,67.0,32,4.6,1025.5
2026-05-22T17:00,66.6,32,4.0,1025.3
2026-05-22T18:00,66.3,33,2.7,1025.4
2026-05-22T19:00,65.5,37,2.3,1025.5
2026-05-22T20:00,63.6,42,2.3,1025.8
2026-05-22T21:00,62.0,40,1.4,1026.2
2026-05-22T22:00,61.3,41,0.8,1026.9
2026-05-22T23:00,60.2,42,0.5,1027.2
2026-05-23T00:00,58.1,46,0.7,1027.3
2026-05-23T01:00,55.8,52,2.6,1027.6
2026-05-23T02:00,54.6,60,4.5,1027.7
2026-05-23T03:00,53.7,65,3.8,1027.7
2026-05-23T04:00,53.8,63,3.4,1028.1
2026-05-23T05:00,53.3,64,2.4,1028.3
2026-05-23T06:00,53.3,67,0.5,1028.7
2026-05-23T07:00,55.1,69,1.9,1029.0
2026-05-23T08:00,59.4,56,1.7,1029.5
2026-05-23T09:00,60.7,55,0.9,1029.8
2026-05-23T10:00,61.9,55,1.6,1029.6
2026-05-23T11:00,63.0,50,3.7,1029.7
2026-05-23T12:00,64.1,43,5.5,1029.6
2026-05-23T13:00,63.6,44,6.7,1029.9
2026-05-23T14:00,59.6,54,8.0,1030.2
2026-05-23T15:00,56.7,69,7.4,1030.5
2026-05-23T16:00,54.2,89,6.2,1030.7
2026-05-23T17:00,54.3,93,7.0,1030.7
2026-05-23T18:00,53.1,95,8.1,1030.4
2026-05-23T19:00,51.8,94,8.4,1030.2
2026-05-23T20:00,51.5,92,6.8,1030.2
2026-05-23T21:00,51.3,93,5.9,1030.0
2026-05-23T22:00,51.2,94,5.6,1030.8
2026-05-23T23:00,50.7,93,7.3,1030.5
2026-05-24T00:00,50.3,93,8.5,1030.2
2026-05-24T01:00,49.9,92,8.3,1029.8
2026-05-24T02:00,49.6,90,9.0,1029.2
2026-05-24T03:00,49.6,88,9.3,1028.5
2026-05-24T04:00,49.6,87,7.9,1028.2
2026-05-24T05:00,49.9,85,7.8,1027.8
2026-05-24T06:00,50.4,84,7.9,1027.9
2026-05-24T07:00,50.5,84,8.6,1027.8
2026-05-24T08:00,50.6,93,6.3,1028.3
2026-05-24T09:00,52.0,92,5.5,1027.9
2026-05-24T10:00,52.6,94,4.4,1027.9
2026-05-24T11:00,53.0,95,5.7,1027.5
2026-05-24T12:00,54.0,95,6.0,1027.1
2026-05-24T13:00,55.3,93,8.1,1026.3
2026-05-24T14:00,56.2,85,10.5,1025.9
2026-05-24T15:00,56.8,83,7.8,1025.2
2026-05-24T16:00,57.6,81,7.4,1024.5
2026-05-24T17:00,57.8,80,7.4,1023.7
2026-05-24T18:00,57.5,81,6.0,1023.0
2026-05-24T19:00,57.2,83,5.5,1022.3
2026-05-24T20:00,57.1,80,8.0,1022.0
2026-05-24T21:00,56.7,82,7.0,1021.8
2026-05-24T22:00,56.6,83,7.0,1021.7
2026-05-24T23:00,56.5,85,5.8,1021.4
2026-05-25T00:00,56.3,86,5.8,1020.3
2026-05-25T01:00,56.3,88,5.7,1019.1
2026-05-25T02:00,56.8,89,5.3,1018.0
2026-05-25T03:00,56.7,91,5.9,1017.3
2026-05-25T04:00,56.9,92,6.6,1016.4
2026-05-25T05:00,57.3,93,5.5,1015.9
2026-05-25T06:00,56.9,96,6.0,1016.0
2026-05-25T07:00,56.7,98,5.3,1016.5
2026-05-25T08:00,56.7,97,6.5,1016.7
2026-05-25T09:00,57.3,97,7.4,1016.5
2026-05-25T10:00,59.4,94,4.4,1016.7
2026-05-25T11:00,62.1,87,2.4,1016.4
2026-05-25T12:00,65.1,83,3.4,1016.3
2026-05-25T13:00,67.9,80,4.3,1015.6
2026-05-25T14:00,70.1,74,8.5,1015.8
2026-05-25T15:00,70.2,74,9.4,1015.8
2026-05-25T16:00,71.7,70,10.1,1015.5
2026-05-25T17:00,71.6,67,9.2,1015.3
2026-05-25T18:00,70.9,70,7.8,1015.0
2026-05-25T19:00,69.1,74,6.9,1015.1
2026-05-25T20:00,66.6,72,6.4,1015.7
2026-05-25T21:00,63.8,77,5.2,1016.5
2026-05-25T22:00,61.9,80,4.2,1017.2
2026-05-25T23:00,60.9,81,4.4,1017.5
2026-05-26T00:00,59.3,85,3.6,1017.4
2026-05-26T01:00,57.7,87,2.0,1017.3
2026-05-26T02:00,56.7,89,0.5,1017.2
2026-05-26T03:00,56.3,89,0.3,1017.5
2026-05-26T04:00,55.5,91,0.6,1017.4
2026-05-26T05:00,54.1,93,2.1,1017.5
2026-05-26T06:00,55.7,89,1.6,1017.6
2026-05-26T07:00,59.6,86,0.1,1017.8
2026-05-26T08:00,61.3,79,0.4,1018.3
2026-05-26T09:00,64.8,73,2.1,1018.3
2026-05-26T10:00,68.3,68,2.9,1018.1
2026-05-26T11:00,71.4,63,3.1,1017.7
2026-05-26T12:00,73.8,61,3.7,1017.2
2026-05-26T13:00,76.3,60,5.4,1016.1
2026-05-26T14:00,80.2,50,5.5,1014.8
2026-05-26T15:00,80.7,46,5.4,1014.2
2026-05-26T16:00,81.0,44,6.6,1013.5
2026-05-26T17:00,77.5,54,10.7,1012.9
2026-05-26T18:00,76.7,64,6.4,1012.1
2026-05-26T19:00,75.1,61,8.5,1011.8
2026-05-26T20:00,73.1,51,11.1,1011.7
2026-05-26T21:00,71.8,50,9.2,1011.8
2026-05-26T22:00,69.7,54,8.2,1011.8
2026-05-26T23:00,68.1,56,8.4,1011.4
2026-05-27T00:00,66.8,56,8.4,1011.4
2026-05-27T01:00,65.1,62,8.0,1011.1
2026-05-27T02:00,64.8,65,7.3,1010.4
2026-05-27T03:00,64.5,67,7.1,1010.2
2026-05-27T04:00,63.9,71,7.1,1010.0
2026-05-27T05:00,63.8,73,6.9,1009.9
2026-05-27T06:00,63.5,77,6.5,1010.2
2026-05-27T07:00,65.4,78,6.4,1009.7
2026-05-27T08:00,68.5,76,5.4,1009.8
2026-05-27T09:00,71.8,71,5.1,1009.4
2026-05-27T10:00,74.4,62,4.6,1008.8
2026-05-27T11:00,77.4,58,4.8,1008.3
2026-05-27T12:00,78.9,55,6.6,1007.8
2026-05-27T13:00,79.0,52,8.6,1007.3
2026-05-27T14:00,81.0,43,10.4,1006.5
2026-05-27T15:00,80.7,38,11.2,1006.1
2026-05-27T16:00,80.3,42,10.1,1005.3
2026-05-27T17:00,79.7,46,9.9,1005.0
2026-05-27T18:00,77.7,54,9.3,1005.0
2026-05-27T19:00,74.7,61,10.6,1005.0
2026-05-27T20:00,74.2,57,9.8,1005.4
2026-05-27T21:00,70.5,64,8.8,1006.7
2026-05-27T22:00,68.4,61,9.4,1007.4
2026-05-27T23:00,66.6,61,8.2,1007.7
2026-05-28T00:00,64.4,63,6.3,1008.0
2026-05-28T01:00,62.1,69,4.7,1007.9
2026-05-28T02:00,61.5,70,5.1,1007.8
2026-05-28T03:00,60.8,71,6.0,1007.9
2026-05-28T04:00,61.0,72,6.5,1008.0
2026-05-28T05:00,60.6,73,5.9,1008.3
2026-05-28T06:00,59.8,76,6.7,1008.9
2026-05-28T07:00,60.6,75,7.5,1009.3
2026-05-28T08:00,62.0,72,9.5,1010.2
2026-05-28T09:00,63.7,66,8.6,1010.4
2026-05-28T10:00,65.2,57,9.1,1010.3
2026-05-28T11:00,66.2,54,10.0,1010.6
2026-05-28T12:00,66.7,51,9.6,1010.6
2026-05-28T13:00,67.1,49,9.3,1010.2
2026-05-28T14:00,68.4,47,10.4,1010.3
2026-05-28T15:00,67.4,48,10.7,1010.5
2026-05-28T16:00,68.5,45,10.9,1010.5
2026-05-28T17:00,68.7,43,12.1,1010.6
2026-05-28T18:00,64.3,60,10.2,1011.5
2026-05-28T19:00,63.5,62,9.3,1011.6
2026-05-28T20:00,64.2,50,9.2,1011.9
2026-05-28T21:00,62.8,55,8.6,1012.7
2026-05-28T22:00,60.4,62,5.9,1012.9
2026-05-28T23:00,58.1,70,4.5,1013.1
2026-05-29T00:00,56.7,75,3.9,1013.3
2026-05-29T01:00,55.8,76,3.7,1013.0
2026-05-29T02:00,54.8,77,3.7,1012.9
2026-05-29T03:00,54.5,78,3.8,1012.7
2026-05-29T04:00,53.9,79,4.4,1012.8
2026-05-29T05:00,53.6,79,4.6,1013.1
2026-05-29T06:00,54.8,76,5.1,1013.4
2026-05-29T07:00,56.1,75,3.4,1013.2
2026-05-29T08:00,59.6,68,4.0,1013.0
2026-05-29T09:00,63.2,61,4.5,1012.1
2026-05-29T10:00,66.6,49,7.9,1011.1
2026-05-29T11:00,68.4,46,10.1,1010.5
2026-05-29T12:00,69.6,42,12.1,1009.9
2026-05-29T13:00,70.5,39,13.4,1009.0
2026-05-29T14:00,68.3,45,9.4,1008.1
2026-05-29T15:00,68.7,47,8.7,1007.0
2026-05-29T16:00,70.7,41,11.1,1005.9
2026-05-29T17:00,69.7,40,10.9,1005.1
2026-05-29T18:00,67.8,47,7.7,1004.5
2026-05-29T19:00,67.9,48,7.1,1003.4
2026-05-29T20:00,67.4,46,5.2,1002.5
2026-05-29T21:00,65.4,46,8.0,1001.5
2026-05-29T22:00,61.3,67,3.2,1001.9
2026-05-29T23:00,56.7,90,13.7,1003.6
2026-05-30T00:00,54.9,91,6.8,1004.3
2026-05-30T01:00,52.9,90,9.1,1004.6
2026-05-30T02:00,50.5,87,10.3,1005.1
2026-05-30T03:00,47.8,80,10.9,1006.0
2026-05-30T04:00,47.4,78,7.8,1006.0
2026-05-30T05:00,47.2,82,8.4,1006.2
2026-05-30T06:00,46.7,89,9.9,1007.1
2026-05-30T07:00,45.7,94,12.0,1008.1
2026-05-30T08:00,46.8,92,13.4,1009.7
2026-05-30T09:00,48.5,86,15.1,1011.3
2026-05-30T10:00,48.3,86,12.9,1012.8
2026-05-30T11:00,51.7,75,14.5,1013.6
2026-05-30T12:00,51.1,76,12.0,1014.7
2026-05-30T13:00,52.6,71,11.2,1014.7
2026-05-30T14:00,57.1,66,11.6,1014.7
2026-05-30T15:00,56.8,58,13.1,1015.2
2026-05-30T16:00,59.7,49,14.1,1014.9
2026-05-30T17:00,60.1,46,14.0,1015.1
2026-05-30T18:00,59.5,47,13.3,1015.6
2026-05-30T19:00,57.6,53,12.4,1015.8
2026-05-30T20:00,55.3,55,7.9,1016.6
2026-05-30T21:00,53.8,55,8.5,1016.9
2026-05-30T22:00,52.1,61,6.8,1017.3
2026-05-30T23:00,49.7,68,4.9,1017.5
2026-05-31T00:00,48.1,73,3.8,1017.6
2026-05-31T01:00,47.7,74,3.7,1017.1
2026-05-31T02:00,44.3,81,3.7,1017.3
2026-05-31T03:00,44.2,82,3.0,1017.2
2026-05-31T04:00,44.3,80,2.7,1016.9
2026-05-31T05:00,44.7,77,0.9,1016.6
2026-05-31T06:00,46.4,75,0.2,1016.4
2026-05-31T07:00,49.7,68,0.7,1016.1
2026-05-31T08:00,51.9,70,1.0,1015.8
2026-05-31T09:00,56.0,64,0.5,1015.1
2026-05-31T10:00,60.0,60,1.8,1014.2
2026-05-31T11:00,63.9,57,4.0,1013.3
2026-05-31T12:00,67.5,52,5.5,1012.4
2026-05-31T13:00,67.7,46,9.0,1011.7
2026-05-31T14:00,68.0,49,5.3,1011.6
2026-05-31T15:00,66.5,51,6.8,1011.0
2026-05-31T16:00,67.5,45,8.3,1010.1
2026-05-31T17:00,65.9,54,6.7,1010.1
2026-05-31T18:00,63.1,65,3.8,1010.1
2026-05-31T19:00,62.1,69,3.7,1009.9
2026-05-31T20:00,58.5,90,2.2,1010.2
2026-05-31T21:00,57.7,92,0.4,1010.7
2026-05-31T22:00,57.3,86,5.0,1011.2
2026-05-31T23:00,56.0,85,6.8,1011.7
2026-06-01T00:00,54.9,86,3.3,1011.2
2026-06-01T01:00,52.0,91,1.3,1011.1
2026-06-01T02:00,50.5,94,2.5,1011.4
2026-06-01T03:00,49.7,95,3.2,1011.5
2026-06-01T04:00,48.6,98,4.4,1011.9
2026-06-01T05:00,47.8,98,4.2,1012.4
2026-06-01T06:00,48.0,98,5.3,1013.0
2026-06-01T07:00,49.9,97,5.0,1013.9
2026-06-01T08:00,53.0,86,7.3,1014.7
2026-06-01T09:00,56.0,77,8.1,1014.9
2026-06-01T10:00,59.1,66,7.8,1015.3
2026-06-01T11:00,60.9,59,8.5,1015.5
2026-06-01T12:00,62.2,56,8.2,1015.9
2026-06-01T13:00,63.6,52,7.9,1016.1
2026-06-01T14:00,65.2,46,7.0,1016.5
2026-06-01T15:00,65.6,43,6.7,1016.6
2026-06-01T16:00,66.1,43,6.0,1017.0
2026-06-01T17:00,65.7,43,5.8,1017.1
2026-06-01T18:00,65.2,44,5.5,1017.4
2026-06-01T19:00,63.7,49,4.5,1017.7
2026-06-01T20:00,61.7,63,2.7,1018.0
2026-06-01T21:00,58.8,65,2.5,1018.4
2026-06-01T22:00,56.8,68,2.7,1019.1
2026-06-01T23:00,55.3,69,2.9,1019.3
2026-06-02T00:00,54.4,69,2.9,1019.8
2026-06-02T01:00,53.9,69,1.4,1019.8
2026-06-02T02:00,52.2,68,0.5,1020.2
2026-06-02T03:00,50.3,74,1.0,1020.2
2026-06-02T04:00,49.1,76,2.1,1020.0
2026-06-02T05:00,49.5,75,0.5,1020.0
2026-06-02T06:00,50.8,73,0.3,1020.4
2026-06-02T07:00,53.5,69,1.2,1020.6
2026-06-02T08:00,56.6,68,2.1,1021.2
2026-06-02T09:00,60.2,62,1.8,1021.2
2026-06-02T10:00,64.8,54,3.8,1020.9
2026-06-02T11:00,68.6,46,5.1,1020.6
2026-06-02T12:00,71.2,40,7.0,1020.0
2026-06-02T13:00,72.3,36,6.1,1019.1
2026-06-02T14:00,74.1,34,6.6,1018.4
2026-06-02T15:00,75.1,34,4.4,1017.9
2026-06-02T16:00,77.5,27,6.6,1017.1
2026-06-02T17:00,77.3,25,12.3,1016.8
2026-06-02T18:00,74.2,39,9.2,1017.5
2026-06-02T19:00,70.5,48,8.3,1018.1
2026-06-02T20:00,68.4,48,6.7,1018.3
2026-06-02T21:00,65.8,50,6.6,1018.7
2026-06-02T22:00,63.9,53,5.8,1019.6
2026-06-02T23:00,61.6,57,3.6,1020.1
2026-06-03T00:00,59.3,64,2.8,1020.3
2026-06-03T01:00,59.0,64,1.4,1020.1
2026-06-03T02:00,56.5,73,1.9,1020.6
2026-06-03T03:00,56.6,72,1.2,1020.4
2026-06-03T04:00,56.4,71,0.8,1020.4
2026-06-03T05:00,56.5,68,0.6,1020.3
2026-06-03T06:00,56.7,70,1.1,1021.0
2026-06-03T07:00,58.5,67,2.6,1021.5
2026-06-03T08:00,60.5,61,1.4,1022.2
2026-06-03T09:00,64.8,54,1.3,1022.3
2026-06-03T10:00,69.3,47,3.0,1022.1
2026-06-03T11:00,73.6,41,3.3,1021.8
2026-06-03T12:00,77.0,35,3.0,1021.2
2026-06-03T13:00,79.6,31,3.1,1020.5
2026-06-03T14:00,82.1,28,3.4,1019.5
2026-06-03T15:00,82.6,29,3.5,1019.2
2026-06-03T16:00,82.8,31,3.9,1019.0
2026-06-03T17:00,82.5,31,4.4,1018.5
2026-06-03T18:00,81.5,32,5.8,1018.1
2026-06-03T19:00,78.8,36,7.5,1018.2
2026-06-03T20:00,77.2,36,6.6,1018.4
2026-06-03T21:00,73.2,42,4.1,1018.9
2026-06-03T22:00,70.3,43,3.7,1019.4
2026-06-03T23:00,68.4,42,3.6,1019.4
2026-06-04T00:00,67.1,41,3.3,1019.4
2026-06-04T01:00,66.5,41,1.4,1019.4
2026-06-04T02:00,64.3,46,1.0,1019.5
2026-06-04T03:00,63.6,47,1.2,1019.1
2026-06-04T04:00,63.0,48,0.7,1019.0
2026-06-04T05:00,61.6,50,0.5,1019.0
2026-06-04T06:00,61.3,52,0.5,1019.2
2026-06-04T07:00,64.2,47,1.0,1019.5
2026-06-04T08:00,66.0,45,0.4,1020.3
2026-06-04T09:00,70.0,41,0.9,1020.2
2026-06-04T10:00,74.3,38,3.0,1019.8
2026-06-04T11:00,78.3,33,3.6,1019.0
2026-06-04T12:00,81.3,29,4.4,1018.0
2026-06-04T13:00,83.5,26,6.8,1017.1
2026-06-04T14:00,84.3,25,8.8,1016.5
2026-06-04T15:00,83.8,25,9.1,1016.1
2026-06-04T16:00,83.8,24,10.1,1015.8
2026-06-04T17:00,82.2,25,10.3,1015.4
2026-06-04T18:00,81.0,25,9.5,1014.7
2026-06-04T19:00,78.6,34,8.8,1014.2
2026-06-04T20:00,76.8,38,9.0,1014.1
2026-06-04T21:00,75.2,41,7.3,1014.0
2026-06-04T22:00,72.7,45,5.7,1014.5
2026-06-04T23:00,70.7,48,4.6,1014.6
2026-06-05T00:00,69.1,53,3.9,1014.6
2026-06-05T01:00,67.9,57,2.8,1014.4
2026-06-05T02:00,66.6,62,1.8,1014.5
2026-06-05T03:00,67.0,60,0.5,1014.3
2026-06-05T04:00,65.6,63,0.2,1014.4
2026-06-05T05:00,63.3,67,1.5,1014.6
2026-06-05T06:00,63.5,67,2.8,1014.7
2026-06-05T07:00,66.5,64,3.5,1014.5
2026-06-05T08:00,69.6,55,1.3,1014.7
2026-06-05T09:00,72.5,48,1.3,1014.6
2026-06-05T10:00,75.8,43,2.2,1014.1
2026-06-05T11:00,79.9,39,3.6,1013.9
2026-06-05T12:00,83.5,33,5.4,1013.4
2026-06-05T13:00,85.7,29,8.5,1012.5
2026-06-05T14:00,87.3,27,9.5,1011.9
2026-06-05T15:00,87.4,26,9.9,1011.5
2026-06-05T16:00,87.3,26,9.9,1011.3
2026-06-05T17:00,86.7,28,9.4,1011.4
2026-06-05T18:00,85.5,30,7.4,1011.0
2026-06-05T19:00,83.4,36,6.0,1010.8
2026-06-05T20:00,79.9,41,3.4,1010.9
2026-06-05T21:00,78.8,45,0.5,1010.7
2026-06-05T22:00,77.1,41,2.3,1011.0
2026-06-05T23:00,75.9,43,2.2,1010.9
2026-06-06T00:00,73.8,45,3.3,1010.6
2026-06-06T01:00,73.0,46,4.8,1010.4
2026-06-06T02:00,71.3,52,5.2,1010.1
2026-06-06T03:00,71.6,52,4.4,1009.7
2026-06-06T04:00,71.1,53,5.8,1009.1
2026-06-06T05:00,70.1,53,7.9,1009.1
2026-06-06T06:00,70.1,55,8.7,1009.2
2026-06-06T07:00,70.3,58,7.5,1009.4
2026-06-06T08:00,72.3,57,6.3,1009.4
2026-06-06T09:00,75.8,54,5.0,1008.8
2026-06-06T10:00,79.9,49,6.6,1008.2
2026-06-06T11:00,83.4,44,8.9,1007.2
2026-06-06T12:00,81.9,49,9.9,1006.7
2026-06-06T13:00,83.8,48,11.1,1005.8
2026-06-06T14:00,84.7,45,10.8,1005.1
2026-06-06T15:00,86.4,43,11.0,1004.4
2026-06-06T16:00,86.2,46,10.0,1003.6
2026-06-06T17:00,82.4,55,8.3,1003.2
2026-06-06T18:00,75.5,82,7.3,1004.0
2026-06-06T19:00,76.5,76,5.2,1003.7
2026-06-06T20:00,77.1,65,7.1,1002.8
2026-06-06T21:00,75.3,61,11.5,1004.0
2026-06-06T22:00,74.0,60,12.6,1004.7
2026-06-06T23:00,71.6,59,7.8,1005.2
2026-06-07T00:00,70.2,61,6.4,1004.9
2026-06-07T01:00,69.9,63,7.6,1004.7
2026-06-07T02:00,69.6,68,8.4,1004.4
2026-06-07T03:00,69.7,67,8.6,1004.2
2026-06-07T04:00,68.8,71,9.4,1004.0
2026-06-07T05:00,66.7,78,9.3,1004.3
2026-06-07T06:00,65.7,81,6.8,1005.0
2026-06-07T07:00,67.0,78,6.2,1005.5
2026-06-07T08:00,68.9,74,8.4,1006.0
2026-06-07T09:00,70.9,68,11.4,1006.3
2026-06-07T10:00,72.9,61,12.4,1006.2
2026-06-07T11:00,75.2,56,12.5,1006.4
2026-06-07T12:00,76.8,52,13.3,1006.5
2026-06-07T13:00,76.6,53,14.6,1006.6
2026-06-07T14:00,73.7,54,13.9,1008.1
2026-06-07T15:00,68.9,72,12.9,1009.2
2026-06-07T16:00,68.4,76,11.2,1009.8
2026-06-07T17:00,68.5,78,12.5,1010.4
2026-06-07T18:00,67.5,83,9.7,1011.1
2026-06-07T19:00,66.0,76,11.9,1012.0
2026-06-07T20:00,65.5,69,12.8,1013.8
2026-06-07T21:00,63.0,73,12.3,1014.9
2026-06-07T22:00,61.9,75,10.5,1015.9
2026-06-07T23:00,61.1,77,10.6,1016.9
2026-06-08T00:00,59.8,81,8.7,1017.5
2026-06-08T01:00,58.3,87,5.3,1018.1
2026-06-08T02:00,55.4,94,2.5,1019.1
2026-06-08T03:00,55.0,95,2.4,1019.7
2026-06-08T04:00,54.5,96,3.8,1020.6
2026-06-08T05:00,53.7,98,3.2,1021.4
2026-06-08T06:00,53.7,98,4.2,1021.7
2026-06-08T07:00,57.5,90,3.4,1022.2
2026-06-08T08:00,63.0,75,2.4,1022.7
2026-06-08T09:00,66.3,62,2.7,1023.0
2026-06-08T10:00,69.1,54,1.9,1023.2
2026-06-08T11:00,71.4,50,2.0,1023.2
2026-06-08T12:00,73.5,48,2.1,1022.8
2026-06-08T13:00,75.2,45,4.3,1022.4
2026-06-08T14:00,76.8,41,4.5,1022.1
2026-06-08T15:00,77.6,39,2.3,1021.6
2026-06-08T16:00,78.3,36,1.7,1020.8
2026-06-08T17:00,78.9,34,2.4,1020.2
2026-06-08T18:00,78.8,34,2.8,1020.2
2026-06-08T19:00,77.8,37,1.8,1019.9
2026-06-08T20:00,73.3,45,3.4,1019.9
2026-06-08T21:00,71.7,36,5.1,1019.9
2026-06-08T22:00,71.0,37,5.7,1020.4
2026-06-08T23:00,70.1,42,6.7,1020.7
2026-06-09T00:00,68.4,44,9.4,1021.1
2026-06-09T01:00,65.9,47,8.9,1021.2
2026-06-09T02:00,63.5,54,8.3,1020.9
2026-06-09T03:00,62.9,60,7.5,1020.9
2026-06-09T04:00,61.8,69,7.3,1020.8
2026-06-09T05:00,61.0,73,7.5,1020.9
2026-06-09T06:00,60.9,75,7.5,1021.1
2026-06-09T07:00,63.2,71,6.9,1021.2
2026-06-09T08:00,66.2,62,5.8,1021.1
2026-06-09T09:00,70.0,58,4.9,1020.6
2026-06-09T10:00,73.8,54,4.7,1019.7
2026-06-09T11:00,77.1,51,5.2,1019.0
2026-06-09T12:00,80.0,49,4.7,1018.1
2026-06-09T13:00,82.4,47,4.4,1017.3
2026-06-09T14:00,84.9,43,4.2,1016.5
2026-06-09T15:00,85.4,42,4.2,1015.7
2026-06-09T16:00,86.2,42,4.7,1014.6
2026-06-09T17:00,86.4,41,6.0,1013.9
2026-06-09T18:00,85.8,43,6.8,1013.2
2026-06-09T19:00,84.5,44,5.3,1012.9
2026-06-09T20:00,82.7,46,6.2,1012.3
2026-06-09T21:00,79.1,53,5.6,1012.4
2026-06-09T22:00,76.7,57,7.8,1012.7
2026-06-09T23:00,75.8,57,9.1,1012.6
2026-06-10T00:00,74.7,60,9.3,1012.4
2026-06-10T01:00,73.6,63,9.6,1012.2
2026-06-10T02:00,71.7,67,8.5,1012.0
2026-06-10T03:00,71.2,70,8.5,1011.6
2026-06-10T04:00,70.5,74,8.5,1011.6
2026-06-10T05:00,70.0,77,8.1,1011.5
2026-06-10T06:00,70.4,78,7.9,1011.6
2026-06-10T07:00,72.2,75,8.1,1011.5
2026-06-10T08:00,74.9,69,6.6,1011.4
2026-06-10T09:00,78.0,63,5.2,1010.8
2026-06-10T10:00,80.9,58,6.0,1010.3
2026-06-10T11:00,82.8,55,6.1,1009.3
2026-06-10T12:00,85.6,51,7.6,1008.3
2026-06-10T13:00,88.5,48,9.0,1007.5
2026-06-10T14:00,90.2,45,10.6,1006.3
2026-06-10T15:00,84.8,59,9.9,1006.2
2026-06-10T16:00,87.0,54,10.4,1005.3
2026-06-10T17:00,87.4,52,9.1,1004.7
2026-06-10T18:00,87.7,51,6.9,1004.2
2026-06-10T19:00,82.3,65,8.7,1004.5
2026-06-10T20:00,72.7,96,11.4,1006.0
2026-06-10T21:00,73.5,96,5.8,1006.1
2026-06-10T22:00,73.1,97,6.8,1006.1
2026-06-10T23:00,72.9,98,6.9,1006.2
2026-06-11T00:00,72.5,99,7.1,1006.1
2026-06-11T01:00,71.9,99,6.1,1006.0
2026-06-11T02:00,71.4,98,4.2,1005.4
2026-06-11T03:00,71.3,97,4.4,1004.9
2026-06-11T04:00,70.8,97,3.3,1004.9
2026-06-11T05:00,70.5,96,3.9,1004.9
2026-06-11T06:00,70.5,97,3.7,1005.4
2026-06-11T07:00,72.4,96,2.2,1005.8
2026-06-11T08:00,74.6,94,1.5,1006.0
2026-06-11T09:00,76.7,88,2.9,1006.1
2026-06-11T10:00,80.4,77,4.5,1005.8
2026-06-11T11:00,83.2,69,6.1,1005.3
2026-06-11T12:00,85.0,66,6.9,1004.9
2026-06-11T13:00,87.0,64,7.9,1004.6
2026-06-11T14:00,87.1,60,5.8,1004.4
2026-06-11T15:00,88.2,60,4.1,1004.1
2026-06-11T16:00,82.4,77,2.4,1004.7
2026-06-11T17:00,83.7,74,3.7,1004.4
2026-06-11T18:00,83.6,75,4.7,1003.8
2026-06-11T19:00,82.2,78,5.9,1004.5
2026-06-11T20:00,81.3,76,5.9,1003.5
2026-06-11T21:00,79.6,79,5.7,1004.1
2026-06-11T22:00,77.4,83,6.2,1005.7
2026-06-11T23:00,76.9,86,0.9,1005.2
2026-06-12T00:00,75.7,88,1.3,1004.8
2026-06-12T01:00,74.6,89,4.6,1003.9
2026-06-12T02:00,76.0,89,1.3,1003.7
2026-06-12T03:00,75.2,93,0.1,1003.6
2026-06-12T04:00,73.8,95,2.9,1003.9
2026-06-12T05:00,73.4,93,3.3,1004.1
2026-06-12T06:00,73.6,91,3.9,1004.1
2026-06-12T07:00,74.7,89,4.1,1004.1
2026-06-12T08:00,76.1,87,1.5,1004.2
2026-06-12T09:00,77.8,82,4.8,1004.4
2026-06-12T10:00,78.7,81,2.2,1003.6
2026-06-12T11:00,82.4,73,3.3,1003.4
2026-06-12T12:00,85.2,66,4.0,1003.3
2026-06-12T13:00,87.2,60,4.4,1002.7
2026-06-12T14:00,89.1,56,5.1,1002.7
2026-06-12T15:00,89.2,52,6.7,1002.7
2026-06-12T16:00,88.8,49,9.4,1002.6
2026-06-12T17:00,85.7,60,11.1,1003.0
2026-06-12T18:00,85.2,60,7.2,1002.9
2026-06-12T19:00,83.5,64,6.7,1002.9
2026-06-12T20:00,80.0,85,4.2,1003.6
2026-06-12T21:00,79.2,73,8.7,1004.9
2026-06-12T22:00,76.6,70,10.2,1006.3
2026-06-12T23:00,74.6,62,8.6,1007.3
2026-06-13T00:00,72.8,62,7.8,1008.0
2026-06-13T01:00,71.1,66,6.3,1008.1
2026-06-13T02:00,70.5,66,7.1,1008.3
2026-06-13T03:00,68.3,68,7.4,1008.3
2026-06-13T04:00,66.4,72,6.5,1008.7
2026-06-13T05:00,65.0,75,6.3,1008.9
2026-06-13T06:00,64.6,77,5.2,1009.2
2026-06-13T07:00,66.7,73,4.2,1009.6
2026-06-13T08:00,70.2,68,4.8,1009.9
2026-06-13T09:00,73.2,58,5.6,1010.1
2026-06-13T10:00,75.8,53,5.1,1009.9
2026-06-13T11:00,78.1,50,4.8,1010.0
2026-06-13T12:00,80.2,49,4.4,1009.6
2026-06-13T13:00,82.5,44,6.8,1009.3
2026-06-13T14:00,82.8,41,9.5,1009.5
2026-06-13T15:00,83.4,40,9.8,1009.0
2026-06-13T16:00,83.7,37,10.6,1008.7
2026-06-13T17:00,83.0,34,12.6,1008.9
2026-06-13T18:00,81.4,37,11.6,1009.1
2026-06-13T19:00,79.4,40,9.5,1008.9
2026-06-13T20:00,76.7,45,5.8,1008.7
2026-06-13T21:00,75.0,48,3.8,1008.9
2026-06-13T22:00,73.9,52,3.1,1009.5
2026-06-13T23:00,73.4,55,0.9,1009.6
2026-06-14T00:00,72.0,56,1.4,1009.3
2026-06-14T01:00,70.2,59,3.0,1009.2
2026-06-14T02:00,68.8,63,3.8,1009.2
2026-06-14T03:00,67.9,65,5.7,1008.7
2026-06-14T04:00,67.4,67,7.8,1008.2
2026-06-14T05:00,66.9,68,8.2,1007.7
2026-06-14T06:00,67.1,70,7.9,1007.7
2026-06-14T07:00,69.5,68,7.4,1008.3
2026-06-14T08:00,73.6,59,6.2,1008.7
2026-06-14T09:00,77.9,51,6.6,1008.4
2026-06-14T10:00,81.5,45,7.7,1007.6
2026-06-14T11:00,81.0,46,8.2,1007.1
2026-06-14T12:00,80.7,47,9.2,1006.6
2026-06-14T13:00,81.8,46,10.2,1005.9
2026-06-14T14:00,84.7,38,10.4,1005.5
2026-06-14T15:00,87.0,35,13.5,1004.4
2026-06-14T16:00,86.9,34,12.4,1003.4
2026-06-14T17:00,87.5,31,14.6,1002.0
2026-06-14T18:00,84.7,34,13.1,1001.5
2026-06-14T19:00,83.7,39,12.4,1000.9
2026-06-14T20:00,82.1,51,13.1,1000.3
2026-06-14T21:00,80.6,58,14.3,999.8
2026-06-14T22:00,75.5,69,6.0,1000.7
2026-06-14T23:00,67.5,100,8.0,1001.5
2026-06-15T00:00,68.4,96,6.6,1000.2
2026-06-15T01:00,68.4,92,12.5,998.9
2026-06-15T02:00,67.0,95,11.7,998.9
2026-06-15T03:00,65.5,98,11.0,999.9
2026-06-15T04:00,63.2,98,10.0,1000.6
2026-06-15T05:00,62.5,97,10.6,1001.5
2026-06-15T06:00,61.1,96,10.3,1002.5
2026-06-15T07:00,60.9,93,8.6,1003.1
2026-06-15T08:00,62.7,88,11.2,1004.0
2026-06-15T09:00,64.0,79,11.2,1004.2
2026-06-15T10:00,65.3,73,12.0,1004.4
2026-06-15T11:00,65.8,66,11.5,1004.7
2026-06-15T12:00,67.0,62,10.8,1004.6
2026-06-15T13:00,67.2,61,11.4,1004.4
2026-06-15T14:00,67.5,55,10.6,1004.9
2026-06-15T15:00,66.7,57,11.9,1005.1
2026-06-15T16:00,66.5,58,12.2,1005.3
2026-06-15T17:00,65.8,59,12.0,1005.4
2026-06-15T18:00,64.7,62,12.2,1005.6
2026-06-15T19:00,63.1,66,11.7,1005.9
2026-06-15T20:00,61.3,67,11.3,1006.7
2026-06-15T21:00,60.0,70,10.8,1007.4
2026-06-15T22:00,58.8,71,9.2,1008.0
2026-06-15T23:00,57.6,73,7.2,1008.2
2026-06-16T00:00,56.5,75,5.9,1008.4
2026-06-16T01:00,55.3,78,4.2,1008.8
2026-06-16T02:00,54.0,81,3.2,1009.1
2026-06-16T03:00,53.7,81,3.1,1009.2
2026-06-16T04:00,53.1,84,2.5,1009.1
2026-06-16T05:00,52.7,84,1.2,1009.2
2026-06-16T06:00,53.5,84,1.4,1009.4
2026-06-16T07:00,55.8,78,1.7,1009.6
2026-06-16T08:00,58.5,73,2.1,1009.9
2026-06-16T09:00,61.3,69,1.7,1009.6
2026-06-16T10:00,64.1,65,2.5,1009.4
2026-06-16T11:00,66.9,59,3.1,1008.9
2026-06-16T12:00,69.6,50,4.5,1008.7
2026-06-16T13:00,72.1,43,5.4,1008.0
2026-06-16T14:00,72.9,43,4.0,1007.7
2026-06-16T15:00,73.5,43,4.4,1007.1
2026-06-16T16:00,73.4,43,3.6,1006.6
2026-06-16T17:00,73.5,44,3.3,1006.3
2026-06-16T18:00,73.3,44,2.5,1006.4
2026-06-16T19:00,72.3,49,1.9,1006.6
2026-06-16T20:00,68.9,53,4.4,1006.4
2026-06-16T21:00,67.5,54,4.2,1006.8
2026-06-16T22:00,66.5,53,4.9,1007.2
2026-06-16T23:00,64.7,54,6.5,1007.4
2026-06-17T00:00,63.4,54,6.2,1007.6
2026-06-17T01:00,63.0,53,7.7,1006.9
2026-06-17T02:00,61.6,55,8.0,1007.2
2026-06-17T03:00,61.1,57,8.4,1007.2
2026-06-17T04:00,60.1,63,8.0,1007.2
2026-06-17T05:00,59.1,68,8.0,1007.3
2026-06-17T06:00,59.4,70,8.2,1007.4
2026-06-17T07:00,62.3,70,8.1,1007.4
2026-06-17T08:00,65.0,67,6.7,1007.8
2026-06-17T09:00,68.7,61,5.3,1007.5
2026-06-17T10:00,72.4,52,5.2,1007.0
2026-06-17T11:00,75.4,39,8.1,1006.7
2026-06-17T12:00,76.7,36,9.0,1006.3
2026-06-17T13:00,77.8,35,9.2,1005.2
2026-06-17T14:00,78.1,36,9.7,1006.4
2026-06-17T15:00,77.9,38,9.3,1005.5
2026-06-17T16:00,78.1,38,9.2,1005.2
2026-06-17T17:00,78.3,37,9.6,1004.6
2026-06-17T18:00,78.2,38,9.9,1004.7
2026-06-17T19:00,75.4,47,12.5,1004.8
2026-06-17T20:00,73.8,55,10.3,1005.7
2026-06-17T21:00,68.4,73,7.8,1006.2
2026-06-17T22:00,68.5,74,9.9,1006.3
2026-06-17T23:00,67.0,76,11.5,1006.2
2026-06-18T00:00,66.5,74,12.1,1005.9
2026-06-18T01:00,66.4,75,11.5,1005.7
2026-06-18T02:00,65.8,87,10.2,1005.0
2026-06-18T03:00,64.2,95,12.9,1004.9
2026-06-18T04:00,64.0,95,12.0,1004.1
2026-06-18T05:00,64.8,96,14.3,1002.3
2026-06-18T06:00,65.7,96,16.2,1000.9
2026-06-18T07:00,66.1,95,18.7,1000.0
2026-06-18T08:00,68.1,93,17.7,999.4
2026-06-18T09:00,71.8,85,16.9,997.7
2026-06-18T10:00,74.8,79,20.3,996.6
2026-06-18T11:00,76.5,77,21.4,995.5
2026-06-18T12:00,79.3,69,21.8,993.8
2026-06-18T13:00,78.7,71,22.8,993.0
2026-06-18T14:00,73.4,90,14.0,993.1
2026-06-18T15:00,72.0,89,14.2,994.7
2026-06-18T16:00,75.9,78,5.2,994.3
2026-06-18T17:00,74.2,78,4.7,994.4
2026-06-18T18:00,74.5,79,4.3,994.8
2026-06-18T19:00,76.0,68,9.5,995.6
2026-06-18T20:00,73.6,66,8.8,996.4
2026-06-18T21:00,73.1,56,11.9,997.1
2026-06-18T22:00,71.9,56,10.2,998.1
2026-06-18T23:00,70.4,57,10.7,998.7
2026-06-19T00:00,68.7,60,12.1,999.4
2026-06-19T01:00,66.7,66,10.6,1000.1
2026-06-19T02:00,66.8,65,9.1,1000.2
2026-06-19T03:00,65.8,68,7.5,1000.7
2026-06-19T04:00,64.6,72,6.9,1001.2
2026-06-19T05:00,63.9,74,7.2,1001.3
2026-06-19T06:00,63.3,74,7.5,1001.7
2026-06-19T07:00,64.5,71,6.7,1001.7
2026-06-19T08:00,66.3,68,10.5,1001.8
2026-06-19T09:00,67.7,64,14.1,1002.2
2026-06-19T10:00,69.9,59,14.0,1002.2
2026-06-19T11:00,70.9,57,13.9,1002.1
2026-06-19T12:00,72.3,53,13.8,1001.8
2026-06-19T13:00,72.7,53,13.9,1001.6
2026-06-19T14:00,74.6,46,13.5,1001.9
2026-06-19T15:00,75.1,43,14.1,1001.9
2026-06-19T16:00,75.4,40,13.7,1001.9
2026-06-19T17:00,74.6,41,13.3,1002.0
2026-06-19T18:00,73.4,43,13.2,1002.0
2026-06-19T19:00,71.2,48,11.6,1002.4
2026-06-19T20:00,68.5,58,11.8,1002.9
2026-06-19T21:00,66.6,64,8.7,1003.6
2026-06-19T22:00,65.6,65,7.3,1003.9
2026-06-19T23:00,64.8,65,7.6,1003.6
2026-06-20T00:00,64.3,65,8.1,1003.4
2026-06-20T01:00,63.8,65,9.8,1003.0
2026-06-20T02:00,63.5,63,10.3,1002.7
2026-06-20T03:00,63.0,64,9.9,1002.9
2026-06-20T04:00,62.5,66,9.9,1002.9
2026-06-20T05:00,62.0,68,10.4,1002.9
2026-06-20T06:00,61.4,73,10.3,1003.1
2026-06-20T07:00,62.6,74,8.7,1003.5
2026-06-20T08:00,64.8,71,12.2,1003.7
2026-06-20T09:00,65.9,69,16.2,1004.4
2026-06-20T10:00,66.6,67,14.7,1004.7
2026-06-20T11:00,69.6,60,12.3,1004.9
2026-06-20T12:00,72.1,56,11.8,1004.7
2026-06-20T13:00,75.0,51,13.4,1004.3
2026-06-20T14:00,74.8,51,13.0,1004.8
2026-06-20T15:00,73.1,56,12.6,1005.1
2026-06-20T16:00,74.0,54,7.8,1005.1
2026-06-20T17:00,74.0,48,10.9,1005.2
2026-06-20T18:00,72.6,49,11.6,1005.5
2026-06-20T19:00,71.5,51,10.4,1005.7
2026-06-20T20:00,70.2,53,8.6,1006.3
2026-06-20T21:00,68.7,53,7.6,1006.8
2026-06-20T22:00,67.1,54,6.7,1007.7
2026-06-20T23:00,65.3,57,4.0,1007.8
2026-06-21T00:00,63.4,64,2.7,1007.8
2026-06-21T01:00,62.9,64,1.1,1007.7
2026-06-21T02:00,62.2,65,0.4,1007.7
2026-06-21T03:00,61.3,65,0.7,1007.5
2026-06-21T04:00,59.8,69,1.6,1007.6
2026-06-21T05:00,59.4,69,0.5,1008.0
2026-06-21T06:00,60.0,70,0.6,1008.6
2026-06-21T07:00,62.8,61,0.7,1009.0
2026-06-21T08:00,64.9,56,1.3,1009.3
2026-06-21T09:00,68.0,52,2.1,1009.2
2026-06-21T10:00,71.3,49,4.0,1009.0
2026-06-21T11:00,74.7,42,7.8,1009.1
2026-06-21T12:00,76.6,36,10.2,1008.9
2026-06-21T13:00,77.4,35,10.3,1008.5
2026-06-21T14:00,78.0,33,10.1,1008.8
2026-06-21T15:00,77.3,36,9.8,1008.9
2026-06-21T16:00,77.8,37,9.1,1009.1
2026-06-21T17:00,77.3,37,9.8,1009.3
2026-06-21T18:00,76.3,39,9.1,1009.9
2026-06-21T19:00,75.1,41,7.9,1010.3
2026-06-21T20:00,73.7,50,6.4,1011.1
2026-06-21T21:00,72.5,49,6.5,1011.9
2026-06-21T22:00,69.9,52,4.8,1012.7
2026-06-21T23:00,67.9,56,3.3,1012.8
2026-06-22T00:00,65.9,62,2.9,1013.0
2026-06-22T01:00,64.6,66,1.5,1013.5
2026-06-22T02:00,61.3,75,1.0,1014.2
2026-06-22T03:00,61.2,76,0.1,1014.3
2026-06-22T04:00,61.3,78,0.9,1014.4
2026-06-22T05:00,61.7,78,0.3,1015.0
2026-06-22T06:00,62.7,75,1.3,1015.0
2026-06-22T07:00,62.9,80,0.7,1015.0
2026-06-22T08:00,66.2,68,1.9,1015.1
2026-06-22T09:00,67.1,64,3.1,1014.9
2026-06-22T10:00,67.3,65,3.1,1015.2
2026-06-22T11:00,67.1,71,2.1,1015.2
2026-06-22T12:00,65.7,88,2.7,1015.5
2026-06-22T13:00,64.6,94,0.8,1015.5
2026-06-22T14:00,63.4,95,2.8,1016.8
2026-06-22T15:00,64.2,96,5.1,1015.2
2026-06-22T16:00,63.9,94,6.0,1014.2
2026-06-22T17:00,64.4,89,10.5,1012.2
2026-06-22T18:00,63.3,90,9.9,1012.0
2026-06-22T19:00,63.1,91,7.8,1011.8
2026-06-22T20:00,63.4,92,2.6,1011.7
2026-06-22T21:00,63.1,97,1.8,1011.7
2026-06-22T22:00,63.2,98,2.6,1011.8
2026-06-22T23:00,63.6,97,3.7,1011.3
2026-06-23T00:00,63.9,97,1.1,1010.8
2026-06-23T01:00,63.6,98,1.5,1010.5
2026-06-23T02:00,63.3,98,4.7,1010.1
2026-06-23T03:00,63.0,98,3.7,1009.9
2026-06-23T04:00,62.7,99,5.0,1009.8
2026-06-23T05:00,62.2,98,4.8,1010.0
2026-06-23T06:00,62.0,98,5.0,1010.2
2026-06-23T07:00,62.5,96,5.0,1010.4
2026-06-23T08:00,62.7,95,5.2,1010.8
2026-06-23T09:00,65.1,87,6.4,1011.2
2026-06-23T10:00,66.6,81,7.2,1011.0
2026-06-23T11:00,68.4,78,8.1,1010.9
2026-06-23T12:00,70.0,73,8.5,1010.6
2026-06-23T13:00,72.0,68,5.6,1010.3
2026-06-23T14:00,74.2,62,7.0,1010.2
2026-06-23T15:00,73.8,64,5.8,1010.1
2026-06-23T16:00,74.2,64,3.7,1009.7
2026-06-23T17:00,74.0,65,3.8,1009.2
2026-06-23T18:00,73.9,66,2.8,1009.2
2026-06-23T19:00,73.1,71,2.9,1009.3
2026-06-23T20:00,71.6,84,1.9,1010.0
2026-06-23T21:00,69.5,86,2.2,1010.4
2026-06-23T22:00,68.4,84,6.2,1010.8
2026-06-23T23:00,66.2,85,7.1,1010.7
2026-06-24T00:00,64.6,90,3.5,1011.2
2026-06-24T01:00,63.8,88,5.1,1011.6
2026-06-24T02:00,62.1,89,4.2,1011.4
2026-06-24T03:00,61.1,90,3.6,1011.0
2026-06-24T04:00,60.3,89,3.3,1011.3
2026-06-24T05:00,59.3,90,3.2,1011.6
2026-06-24T06:00,59.8,89,2.7,1011.9
2026-06-24T07:00,62.0,85,3.2,1012.2
2026-06-24T08:00,64.8,78,4.0,1012.5
2026-06-24T09:00,68.3,72,5.2,1012.4
2026-06-24T10:00,71.5,64,6.8,1012.2
2026-06-24T11:00,73.8,53,10.0,1012.2
2026-06-24T12:00,74.7,51,10.8,1012.1
2026-06-24T13:00,75.6,49,11.0,1012.1
2026-06-24T14:00,76.9,47,10.6,1011.7
2026-06-24T15:00,77.2,47,11.0,1011.5
2026-06-24T16:00,76.6,48,11.0,1011.6
2026-06-24T17:00,76.9,47,10.4,1011.6
2026-06-24T18:00,76.0,47,10.9,1011.8
2026-06-24T19:00,74.3,52,8.7,1012.3
2026-06-24T20:00,71.6,55,9.0,1013.0
2026-06-24T21:00,69.9,56,8.7,1013.5
2026-06-24T22:00,67.9,60,6.1,1014.3
2026-06-24T23:00,65.4,67,3.4,1014.7
2026-06-25T00:00,65.3,66,1.6,1014.9
2026-06-25T01:00,64.8,66,0.7,1015.0
2026-06-25T02:00,62.8,69,0.3,1014.8
2026-06-25T03:00,62.6,69,0.1,1014.9
2026-06-25T04:00,62.1,69,0.3,1014.9
2026-06-25T05:00,61.7,70,1.5,1015.2
2026-06-25T06:00,61.8,71,4.1,1015.6
2026-06-25T07:00,63.2,71,5.1,1015.7
2026-06-25T08:00,65.9,66,4.3,1016.4
2026-06-25T09:00,69.3,59,5.8,1016.8
2026-06-25T10:00,72.4,51,4.4,1016.6
2026-06-25T11:00,72.6,53,3.5,1017.0
2026-06-25T12:00,77.3,43,3.9,1016.6
2026-06-25T13:00,79.0,39,4.9,1016.3
2026-06-25T14:00,75.6,45,4.1,1016.4
2026-06-25T15:00,76.1,45,5.6,1016.0
2026-06-25T16:00,79.8,39,5.2,1015.4
2026-06-25T17:00,79.0,40,5.1,1015.1
2026-06-25T18:00,78.4,41,4.9,1014.6
2026-06-25T19:00,76.9,48,3.0,1014.3
2026-06-25T20:00,73.5,54,6.8,1014.7
2026-06-25T21:00,69.3,64,7.7,1015.4
2026-06-25T22:00,66.3,78,6.1,1016.1
2026-06-25T23:00,64.3,95,3.0,1016.4
2026-06-26T00:00,64.3,98,7.5,1015.5
2026-06-26T01:00,64.3,95,6.9,1015.2
2026-06-26T02:00,64.5,94,5.6,1014.7
2026-06-26T03:00,63.9,97,6.7,1014.5
2026-06-26T04:00,64.0,96,7.1,1014.1
2026-06-26T05:00,64.0,97,8.2,1013.8
2026-06-26T06:00,64.2,98,7.7,1014.1
2026-06-26T07:00,65.7,96,9.1,1014.3
2026-06-26T08:00,67.5,92,9.0,1014.9
2026-06-26T09:00,69.3,90,8.5,1014.8
2026-06-26T10:00,71.0,86,7.6,1014.7
2026-06-26T11:00,72.6,82,5.1,1014.7
2026-06-26T12:00,75.6,74,4.0,1014.5
2026-06-26T13:00,74.9,72,5.1,1013.8
2026-06-26T14:00,79.0,64,4.7,1013.4
2026-06-26T15:00,79.6,60,5.5,1013.2
2026-06-26T16:00,80.2,53,6.0,1013.1
2026-06-26T17:00,80.3,48,8.1,1012.9
2026-06-26T18:00,78.5,54,8.2,1013.1
2026-06-26T19:00,76.0,63,7.6,1013.7
2026-06-26T20:00,74.5,67,5.3,1014.2
2026-06-26T21:00,72.5,71,4.5,1014.8
2026-06-26T22:00,70.7,74,4.6,1015.5
2026-06-26T23:00,69.5,74,4.4,1015.6
2026-06-27T00:00,68.2,76,3.4,1015.7
2026-06-27T01:00,66.6,80,3.1,1015.7
2026-06-27T02:00,65.2,88,2.8,1015.7
2026-06-27T03:00,64.2,92,2.3,1015.7
2026-06-27T04:00,63.3,95,2.2,1015.6
2026-06-27T05:00,62.6,98,2.6,1015.6
2026-06-27T06:00,62.8,99,2.1,1016.2
2026-06-27T07:00,65.7,93,2.0,1016.2
2026-06-27T08:00,68.9,85,2.9,1016.3
2026-06-27T09:00,72.3,77,3.4,1016.2
2026-06-27T10:00,75.3,65,3.3,1015.7
2026-06-27T11:00,77.3,58,2.9,1015.4
2026-06-27T12:00,79.1,53,3.4,1015.0
2026-06-27T13:00,80.5,50,3.3,1014.4
2026-06-27T14:00,82.4,45,2.7,1014.0
2026-06-27T15:00,83.4,40,3.8,1013.7
2026-06-27T16:00,82.9,41,5.2,1013.3
2026-06-27T17:00,82.7,41,3.7,1013.0
2026-06-27T18:00,82.0,41,2.5,1012.7
2026-06-27T19:00,80.8,43,2.7,1012.5
2026-06-27T20:00,78.9,49,4.4,1012.4
2026-06-27T21:00,75.4,60,2.5,1012.7
2026-06-27T22:00,72.0,69,2.5,1013.2
2026-06-27T23:00,70.1,77,3.1,1013.6
2026-06-28T00:00,69.0,80,3.2,1013.7
2026-06-28T01:00,67.2,85,1.8,1013.4
2026-06-28T02:00,66.4,88,1.2,1013.3
2026-06-28T03:00,65.9,88,1.1,1013.3
2026-06-28T04:00,65.7,89,0.7,1013.4
2026-06-28T05:00,65.0,91,0.2,1013.5
2026-06-28T06:00,65.0,93,0.4,1013.8
2026-06-28T07:00,66.9,89,1.5,1014.0
2026-06-28T08:00,70.1,80,1.6,1014.3
2026-06-28T09:00,73.8,71,2.5,1014.4
2026-06-28T10:00,77.4,62,3.4,1014.2
2026-06-28T11:00,80.9,50,4.0,1014.0
2026-06-28T12:00,82.8,42,4.7,1013.7
2026-06-28T13:00,84.4,38,4.9,1013.5
2026-06-28T14:00,85.2,37,3.7,1012.7
2026-06-28T15:00,85.8,35,3.3,1012.5
2026-06-28T16:00,86.4,33,4.0,1012.6
2026-06-28T17:00,86.0,32,4.7,1012.9
2026-06-28T18:00,85.3,32,4.3,1012.7
2026-06-28T19:00,83.9,34,4.5,1012.5
2026-06-28T20:00,80.7,40,2.3,1012.8
2026-06-28T21:00,77.0,41,1.8,1013.2
2026-06-28T22:00,74.3,43,3.7,1014.0
2026-06-28T23:00,72.0,46,3.2,1014.2
2026-06-29T00:00,70.2,50,3.0,1014.5
2026-06-29T01:00,69.1,56,3.7,1014.7
2026-06-29T02:00,67.3,62,2.8,1015.0
2026-06-29T03:00,67.1,74,1.9,1015.5
2026-06-29T04:00,66.0,85,1.6,1015.6
2026-06-29T05:00,65.0,90,0.8,1015.9
2026-06-29T06:00,66.5,92,1.5,1016.2
2026-06-29T07:00,67.6,93,2.0,1016.9
2026-06-29T08:00,70.2,82,1.6,1017.7
2026-06-29T09:00,74.8,71,1.8,1017.9
2026-06-29T10:00,80.3,53,2.6,1017.7
2026-06-29T11:00,85.1,36,4.4,1017.7
2026-06-29T12:00,87.4,30,5.3,1017.4
2026-06-29T13:00,89.0,27,5.8,1016.8
2026-06-29T14:00,90.2,26,7.3,1017.1
2026-06-29T15:00,90.0,25,6.8,1016.9
2026-06-29T16:00,90.4,24,6.6,1016.3
2026-06-29T17:00,90.3,23,5.8,1016.2
2026-06-29T18:00,89.8,22,4.3,1016.0
2026-06-29T19:00,89.1,23,2.8,1015.9
2026-06-29T20:00,84.9,30,2.5,1016.5
2026-06-29T21:00,81.4,30,6.0,1016.6
2026-06-29T22:00,79.2,31,5.5,1016.9
2026-06-29T23:00,77.1,35,4.3,1017.1
2026-06-30T00:00,75.2,39,3.3,1017.3
2026-06-30T01:00,74.0,42,3.2,1017.3
2026-06-30T02:00,72.2,46,4.5,1017.3
2026-06-30T03:00,72.2,48,3.9,1017.2
2026-06-30T04:00,71.2,54,4.4,1016.8
2026-06-30T05:00,70.4,61,5.4,1016.9
2026-06-30T06:00,70.3,67,6.1,1017.0
2026-06-30T07:00,73.3,65,6.0,1017.0
2026-06-30T08:00,76.8,62,5.7,1017.0
2026-06-30T09:00,80.8,55,5.1,1016.7
2026-06-30T10:00,85.1,47,5.1,1016.3
2026-06-30T11:00,87.4,45,6.3,1015.5
2026-06-30T12:00,87.3,46,6.1,1015.3
2026-06-30T13:00,88.2,45,4.7,1014.5
2026-06-30T14:00,86.1,54,7.1,1014.5
2026-06-30T15:00,90.1,47,8.9,1013.9
2026-06-30T16:00,79.8,80,6.4,1014.3
2026-06-30T17:00,77.0,89,6.4,1014.3
2026-06-30T18:00,76.6,92,5.9,1013.7
2026-06-30T19:00,76.9,91,5.8,1013.4
2026-06-30T20:00,76.6,83,4.7,1013.4
2026-06-30T21:00,75.6,88,4.4,1013.4
2026-06-30T22:00,75.0,91,4.4,1013.3
2026-06-30T23:00,74.7,89,6.2,1012.8
2026-07-01T00:00,74.9,88,3.7,1012.8
2026-07-01T01:00,74.5,87,8.8,1012.4
2026-07-01T02:00,73.2,91,10.1,1012.2
2026-07-01T03:00,72.5,93,11.2,1012.1
2026-07-01T04:00,71.5,92,10.6,1011.3
2026-07-01T05:00,71.4,89,10.0,1011.2
2026-07-01T06:00,71.1,87,10.2,1011.2
2026-07-01T07:00,74.3,81,5.7,1012.2
2026-07-01T08:00,79.0,70,2.9,1013.1
2026-07-01T09:00,82.0,67,2.5,1013.4
2026-07-01T10:00,85.0,63,3.2,1012.9
2026-07-01T11:00,88.2,59,4.0,1012.4
2026-07-01T12:00,91.5,53,4.3,1012.2
2026-07-01T13:00,94.2,49,3.8,1012.0
2026-07-01T14:00,97.0,46,2.4,1011.6
2026-07-01T15:00,92.4,53,9.1,1012.2
2026-07-01T16:00,86.1,68,2.3,1011.6
2026-07-01T17:00,88.2,64,4.6,1011.4
2026-07-01T18:00,89.3,62,3.8,1011.5
2026-07-01T19:00,89.7,63,3.6,1011.5
2026-07-01T20:00,82.2,90,3.7,1011.3
2026-07-01T21:00,80.5,90,8.0,1011.3
2026-07-01T22:00,80.1,92,5.1,1012.7
2026-07-01T23:00,80.3,89,4.1,1012.5
2026-07-02T00:00,80.0,89,1.5,1012.3
2026-07-02T01:00,78.7,89,5.2,1011.3
2026-07-02T02:00,75.5,90,2.4,1012.5
2026-07-02T03:00,75.4,91,0.3,1012.6
2026-07-02T04:00,74.8,91,1.8,1012.4
2026-07-02T05:00,74.2,90,2.2,1012.6
2026-07-02T06:00,74.7,88,1.6,1013.1
2026-07-02T07:00,77.6,82,1.4,1013.3
2026-07-02T08:00,81.0,72,2.3,1013.6
2026-07-02T09:00,84.3,62,3.4,1013.6
2026-07-02T10:00,87.7,56,3.8,1013.3
2026-07-02T11:00,91.2,52,4.6,1013.0
2026-07-02T12:00,95.1,47,7.1,1012.4
2026-07-02T13:00,97.9,40,9.8,1011.8
2026-07-02T14:00,98.5,38,11.3,1011.8
2026-07-02T15:00,98.7,39,10.0,1011.2
2026-07-02T16:00,99.0,40,10.0,1010.8
2026-07-02T17:00,98.1,41,9.9,1010.3
2026-07-02T18:00,97.1,41,9.6,1010.3
2026-07-02T19:00,94.0,51,9.9,1010.3
2026-07-02T20:00,90.0,63,7.4,1010.8
2026-07-02T21:00,86.4,72,5.6,1011.3
2026-07-02T22:00,85.4,73,5.1,1012.0
2026-07-02T23:00,84.1,72,4.6,1012.2
2026-07-03T00:00,82.8,75,3.8,1012.6
2026-07-03T01:00,81.7,78,3.2,1012.6
2026-07-03T02:00,81.0,77,4.0,1012.5
2026-07-03T03:00,80.2,79,3.3,1012.3
2026-07-03T04:00,79.3,81,3.5,1012.2
2026-07-03T05:00,78.8,81,4.7,1012.2
2026-07-03T06:00,78.5,81,5.6,1012.5
2026-07-03T07:00,80.1,77,5.3,1012.9
2026-07-03T08:00,82.1,75,5.0,1013.0
2026-07-03T09:00,85.5,62,5.7,1012.9
2026-07-03T10:00,89.2,50,7.6,1012.5
2026-07-03T11:00,91.8,45,10.3,1012.3
2026-07-03T12:00,94.1,40,11.6,1012.1
2026-07-03T13:00,95.9,37,12.3,1011.6
2026-07-03T14:00,96.4,40,12.4,1011.2
2026-07-03T15:00,93.2,43,13.3,1011.1
2026-07-03T16:00,93.5,41,15.8,1010.8
2026-07-03T17:00,92.9,44,12.1,1010.3
2026-07-03T18:00,91.8,46,11.4,1009.7
2026-07-03T19:00,89.9,50,10.6,1009.8
2026-07-03T20:00,88.2,55,8.9,1010.0
2026-07-03T21:00,80.1,80,8.0,1010.7
2026-07-03T22:00,78.2,87,3.9,1011.0
2026-07-03T23:00,78.3,88,3.3,1011.1
2026-07-04T00:00,77.7,89,4.3,1011.2
2026-07-04T01:00,77.2,90,2.7,1011.0
2026-07-04T02:00,76.8,89,4.0,1010.7
2026-07-04T03:00,76.1,89,3.2,1010.9
2026-07-04T04:00,75.4,90,2.5,1010.2
2026-07-04T05:00,74.7,90,2.6,1010.2
2026-07-04T06:00,74.9,89,2.1,1010.3
2026-07-04T07:00,76.6,82,2.5,1010.4
2026-07-04T08:00,81.0,70,4.6,1010.6
2026-07-04T09:00,83.6,63,6.7,1010.7
2026-07-04T10:00,83.4,61,10.0,1010.7
2026-07-04T11:00,82.4,67,7.5,1010.8
2026-07-04T12:00,89.4,48,9.4,1010.2
2026-07-04T13:00,86.8,50,8.9,1009.9
2026-07-04T14:00,90.7,44,11.5,1010.0
2026-07-04T15:00,88.2,46,8.7,1009.5
2026-07-04T16:00,88.6,43,8.0,1009.3
2026-07-04T17:00,87.4,43,7.8,1009.0
2026-07-04T18:00,86.2,45,9.4,1009.0
2026-07-04T19:00,84.6,49,8.1,1009.7
2026-07-04T20:00,80.5,64,6.9,1009.5
2026-07-04T21:00,78.7,69,6.6,1010.3
2026-07-04T22:00,77.7,71,5.1,1010.9
2026-07-04T23:00,76.7,75,3.5,1011.6
2026-07-05T00:00,75.7,79,2.9,1011.4
2026-07-05T01:00,74.7,83,4.0,1011.6
2026-07-05T02:00,70.8,97,5.7,1011.9
2026-07-05T03:00,70.2,89,6.7,1011.6
2026-07-05T04:00,69.2,82,5.8,1011.7
2026-07-05T05:00,68.2,83,4.3,1012.0
2026-07-05T06:00,68.2,83,3.3,1012.4
2026-07-05T07:00,70.2,78,2.4,1012.8
2026-07-05T08:00,73.9,64,2.3,1013.5
2026-07-05T09:00,77.0,57,2.4,1013.7
2026-07-05T10:00,79.2,52,2.8,1013.9
2026-07-05T11:00,80.8,49,2.9,1013.8
2026-07-05T12:00,83.2,47,2.0,1013.7
2026-07-05T13:00,83.5,49,3.9,1013.2
2026-07-05T14:00,84.6,46,2.7,1013.6
2026-07-05T15:00,84.7,46,2.2,1013.1
2026-07-05T16:00,85.4,45,3.3,1012.8
2026-07-05T17:00,85.0,46,3.9,1012.6
2026-07-05T18:00,82.9,53,5.7,1012.7
2026-07-05T19:00,76.5,74,9.3,1013.3
2026-07-05T20:00,78.8,66,6.7,1013.8
2026-07-05T21:00,77.4,70,3.1,1013.8
2026-07-05T22:00,77.4,72,2.8,1014.3
2026-07-05T23:00,76.5,77,4.5,1014.4
2026-07-06T00:00,75.7,80,4.6,1014.9
2026-07-06T01:00,74.7,83,6.1,1015.3
2026-07-06T02:00,70.2,97,4.9,1016.3
2026-07-06T03:00,70.5,96,5.1,1016.3
2026-07-06T04:00,69.2,95,8.0,1016.4
2026-07-06T05:00,67.3,95,8.1,1016.4
2026-07-06T06:00,66.8,94,5.2,1016.8
2026-07-06T07:00,67.0,93,4.8,1017.2
2026-07-06T08:00,69.3,72,3.5,1017.8
2026-07-06T09:00,70.2,69,1.4,1018.0
2026-07-06T10:00,72.1,65,2.9,1018.3
2026-07-06T11:00,73.3,62,3.9,1018.3
2026-07-06T12:00,74.0,62,4.0,1018.6
2026-07-06T13:00,76.2,58,6.4,1018.2
2026-07-06T14:00,78.0,57,4.9,1018.5
2026-07-06T15:00,76.5,60,5.8,1018.3
2026-07-06T16:00,76.5,61,5.7,1017.9
2026-07-06T17:00,78.3,57,5.9,1017.1
2026-07-06T18:00,78.6,56,6.8,1017.1
2026-07-06T19:00,76.9,60,7.9,1017.5
2026-07-06T20:00,74.7,61,7.4,1017.9
2026-07-06T21:00,72.7,66,4.9,1018.0
2026-07-06T22:00,71.7,69,3.1,1018.2
2026-07-06T23:00,70.2,78,3.5,1018.0
2026-07-07T00:00,68.8,87,2.6,1018.0
2026-07-07T01:00,67.5,93,1.9,1018.0
2026-07-07T02:00,66.9,96,2.7,1017.3
2026-07-07T03:00,66.4,95,0.9,1017.5
2026-07-07T04:00,65.6,96,2.7,1017.4
2026-07-07T05:00,64.7,95,3.7,1017.3
2026-07-07T06:00,64.2,96,4.5,1017.4
2026-07-07T07:00,64.1,96,3.1,1017.5
2026-07-07T08:00,64.8,96,4.9,1018.0
2026-07-07T09:00,65.5,97,4.7,1017.9
2026-07-07T10:00,66.8,93,4.3,1017.4
2026-07-07T11:00,70.4,82,5.6,1017.5
2026-07-07T12:00,72.0,78,6.8,1017.4
2026-07-07T13:00,72.2,79,7.2,1017.2
2026-07-07T14:00,68.7,92,6.5,1017.3
2026-07-07T15:00,70.2,91,5.5,1016.9
2026-07-07T16:00,71.5,83,6.6,1016.5
2026-07-07T17:00,72.5,77,5.5,1016.0
2026-07-07T18:00,72.1,76,5.6,1015.9
2026-07-07T19:00,71.5,76,3.7,1015.8
2026-07-07T20:00,70.4,81,2.3,1015.9
2026-07-07T21:00,68.3,83,1.9,1015.9
2026-07-07T22:00,66.4,88,2.8,1016.6
2026-07-07T23:00,65.0,91,2.6,1016.8
2026-07-08T00:00,63.9,93,2.4,1016.7
2026-07-08T01:00,63.0,93,1.8,1016.2
2026-07-08T02:00,62.3,92,1.6,1016.4
2026-07-08T03:00,62.6,90,2.0,1016.5
2026-07-08T04:00,62.6,93,2.6,1016.5
2026-07-08T05:00,62.0,94,2.6,1016.3
2026-07-08T06:00,62.1,95,0.7,1016.1
2026-07-08T07:00,63.9,93,1.5,1015.9
2026-07-08T08:00,66.6,88,1.7,1016.3
2026-07-08T09:00,69.6,80,2.4,1016.2
2026-07-08T10:00,72.8,73,3.3,1015.7
2026-07-08T11:00,75.9,67,3.7,1015.4
2026-07-08T12:00,78.7,64,3.0,1014.8
2026-07-08T13:00,81.0,62,1.7,1014.2
2026-07-08T14:00,82.3,59,2.8,1013.5
2026-07-08T15:00,83.3,55,3.2,1013.2
2026-07-08T16:00,83.8,49,2.8,1012.5
2026-07-08T17:00,83.8,49,3.3,1011.8
2026-07-08T18:00,83.1,54,5.8,1011.1
2026-07-08T19:00,81.1,64,5.3,1011.0
2026-07-08T20:00,78.8,74,6.3,1011.0
2026-07-08T21:00,77.2,72,8.3,1011.1
2026-07-08T22:00,75.8,73,7.7,1011.2
2026-07-08T23:00,74.5,76,6.7,1011.1
2026-07-09T00:00,73.3,77,7.4,1011.0
2026-07-09T01:00,72.3,78,6.7,1010.9
2026-07-09T02:00,71.0,79,6.8,1010.7
2026-07-09T03:00,70.8,82,6.8,1010.6
2026-07-09T04:00,70.1,85,6.3,1010.6
2026-07-09T05:00,69.4,87,5.7,1010.7
2026-07-09T06:00,69.4,88,5.7,1010.9
2026-07-09T07:00,71.3,85,6.3,1010.5
2026-07-09T08:00,72.6,91,5.6,1010.6
2026-07-09T09:00,76.3,81,5.2,1010.8
2026-07-09T10:00,79.8,70,4.9,1010.4
2026-07-09T11:00,83.0,64,3.8,1009.7
2026-07-09T12:00,85.1,59,5.4,1009.1
2026-07-09T13:00,86.3,56,6.5,1008.2
2026-07-09T14:00,88.0,51,5.5,1007.7
2026-07-09T15:00,87.5,54,7.3,1007.0
2026-07-09T16:00,88.1,52,8.2,1006.4
2026-07-09T17:00,88.3,51,9.7,1006.0
2026-07-09T18:00,88.0,47,7.7,1005.6
2026-07-09T19:00,85.5,56,10.5,1005.5
2026-07-09T20:00,81.4,74,7.3,1005.3
2026-07-09T21:00,80.5,81,8.8,1005.5
2026-07-09T22:00,78.7,84,7.3,1006.2
2026-07-09T23:00,77.5,89,6.6,1006.0
2026-07-10T00:00,75.9,94,3.6,1006.2
2026-07-10T01:00,75.2,96,4.3,1005.7
2026-07-10T02:00,74.0,97,2.9,1005.8
2026-07-10T03:00,74.5,85,4.8,1005.7
2026-07-10T04:00,74.2,80,6.5,1005.8
2026-07-10T05:00,73.6,82,6.7,1006.3
2026-07-10T06:00,72.2,86,6.6,1006.9
2026-07-10T07:00,73.4,82,6.0,1007.4
2026-07-10T08:00,76.5,73,7.4,1007.6
2026-07-10T09:00,79.1,65,7.7,1007.7
2026-07-10T10:00,82.1,56,6.9,1007.5
2026-07-10T11:00,81.4,59,7.5,1007.6
2026-07-10T12:00,80.0,65,7.8,1008.0
2026-07-10T13:00,85.5,49,6.7,1007.7
2026-07-10T14:00,85.7,45,8.5,1008.0
2026-07-10T15:00,85.5,42,7.7,1008.0
2026-07-10T16:00,87.3,34,7.1,1007.8
2026-07-10T17:00,87.9,31,6.6,1007.7
2026-07-10T18:00,86.8,31,6.0,1007.6
2026-07-10T19:00,85.5,32,5.9,1007.9
2026-07-10T20:00,82.2,44,6.4,1008.8
2026-07-10T21:00,80.1,49,4.5,1009.6
2026-07-10T22:00,78.3,51,6.3,1010.8
2026-07-10T23:00,76.5,51,7.7,1011.0
2026-07-11T00:00,74.7,53,7.7,1011.1
2026-07-11T01:00,73.4,56,6.8,1011.1
2026-07-11T02:00,71.2,66,4.3,1011.6
2026-07-11T03:00,69.9,70,4.6,1011.7
2026-07-11T04:00,69.3,72,4.3,1012.1
2026-07-11T05:00,68.4,74,4.3,1012.2
2026-07-11T06:00,68.0,75,4.1,1012.7
2026-07-11T07:00,70.6,69,2.9,1013.0
2026-07-11T08:00,74.4,59,3.2,1013.6
2026-07-11T09:00,78.5,48,4.3,1013.8
2026-07-11T10:00,81.6,38,5.6,1013.9
2026-07-11T11:00,83.6,35,6.2,1013.9
2026-07-11T12:00,84.7,32,7.4,1014.0
2026-07-11T13:00,84.9,31,8.6,1013.8
2026-07-11T14:00,82.9,32,10.0,1014.3
2026-07-11T15:00,83.0,32,5.4,1013.9
2026-07-11T16:00,85.0,30,4.5,1013.4
2026-07-11T17:00,85.6,28,5.4,1013.1
2026-07-11T18:00,85.6,28,4.7,1013.0
2026-07-11T19:00,85.0,29,5.5,1013.0
2026-07-11T20:00,79.9,38,10.9,1014.7
2026-07-11T21:00,77.1,40,8.4,1015.5
2026-07-11T22:00,75.1,41,9.0,1016.1
2026-07-11T23:00,73.2,42,7.8,1016.6
2026-07-12T00:00,71.7,45,6.5,1016.9
2026-07-12T01:00,70.2,49,5.4,1017.2
2026-07-12T02:00,66.6,59,3.8,1017.8
2026-07-12T03:00,65.4,64,2.2,1018.1
2026-07-12T04:00,64.4,68,2.2,1018.4
2026-07-12T05:00,63.9,69,3.0,1018.7
2026-07-12T06:00,63.5,70,4.0,1019.4
2026-07-12T07:00,66.4,63,3.4,1019.7
2026-07-12T08:00,71.0,52,2.3,1020.5
2026-07-12T09:00,75.2,44,3.2,1020.7
2026-07-12T10:00,78.8,37,3.5,1020.5
2026-07-12T11:00,81.7,32,4.0,1020.4
2026-07-12T12:00,83.9,28,4.1,1020.2
2026-07-12T13:00,85.5,26,4.4,1019.6
2026-07-12T14:00,86.6,26,4.5,1019.8
2026-07-12T15:00,86.8,24,3.9,1019.4
2026-07-12T16:00,86.9,23,3.8,1019.1
2026-07-12T17:00,87.0,20,3.1,1019.0
2026-07-12T18:00,86.5,18,2.0,1018.5
2026-07-12T19:00,85.5,19,2.7,1018.4
2026-07-12T20:00,81.3,32,2.8,1018.7
2026-07-12T21:00,78.3,38,2.6,1019.1
2026-07-12T22:00,76.5,42,4.7,1019.4
2026-07-12T23:00,76.0,41,4.7,1019.4
2026-07-13T00:00,74.5,43,6.2,1019.8
2026-07-13T01:00,72.9,55,8.4,1019.6
2026-07-13T02:00,70.0,71,8.1,1019.6
2026-07-13T03:00,69.8,72,8.0,1019.4
2026-07-13T04:00,69.4,71,8.6,1019.5
2026-07-13T05:00,68.8,70,7.9,1019.6
2026-07-13T06:00,68.7,70,7.5,1020.0
2026-07-13T07:00,71.0,67,7.4,1019.9
2026-07-13T08:00,73.9,63,5.7,1020.5
2026-07-13T09:00,77.3,60,4.7,1020.3
2026-07-13T10:00,79.9,56,4.8,1019.9
2026-07-13T11:00,82.8,52,5.3,1019.2
2026-07-13T12:00,85.4,48,6.7,1018.7
2026-07-13T13:00,80.1,65,11.1,1018.3
2026-07-13T14:00,82.6,68,1.8,1017.8
2026-07-13T15:00,86.3,50,7.4,1017.0
2026-07-13T16:00,82.5,58,8.3,1016.6
2026-07-13T17:00,80.7,66,7.3,1016.4
2026-07-13T18:00,79.6,77,5.3,1016.0
2026-07-13T19:00,82.3,67,4.5,1015.6
2026-07-13T20:00,82.8,64,6.3,1015.3
2026-07-13T21:00,82.6,56,5.4,1015.5
2026-07-13T22:00,80.9,59,3.3,1016.1
2026-07-13T23:00,78.4,68,5.6,1015.7
2026-07-14T00:00,76.5,75,5.8,1015.2
2026-07-14T01:00,75.6,76,6.2,1015.3
2026-07-14T02:00,74.4,80,4.7,1015.4
2026-07-14T03:00,73.6,80,4.2,1015.4
2026-07-14T04:00,72.8,81,4.3,1015.1
2026-07-14T05:00,71.9,81,5.6,1014.9
2026-07-14T06:00,71.5,80,6.9,1014.7
2026-07-14T07:00,73.4,74,6.9,1015.1
2026-07-14T08:00,75.6,67,3.7,1015.5
2026-07-14T09:00,79.4,55,3.3,1015.3
2026-07-14T10:00,82.7,52,5.2,1014.4
2026-07-14T11:00,86.7,48,6.3,1013.7
2026-07-14T12:00,91.1,43,7.0,1012.8
2026-07-14T13:00,94.8,40,8.8,1011.6
2026-07-14T14:00,94.3,44,10.2,1010.8
2026-07-14T15:00,96.6,41,11.2,1009.8
2026-07-14T16:00,98.0,39,11.4,1008.6
2026-07-14T17:00,98.4,38,11.7,1007.9
2026-07-14T18:00,98.1,37,12.0,1007.3
2026-07-14T19:00,96.0,41,12.0,1007.1
2026-07-14T20:00,92.3,45,8.0,1007.7
2026-07-14T21:00,90.8,50,7.3,1008.0
2026-07-14T22:00,89.8,54,8.4,1008.1
2026-07-14T23:00,88.7,55,9.3,1008.3
2026-07-15T00:00,87.3,55,10.7,1008.3
2026-07-15T01:00,85.2,57,10.0,1007.8
2026-07-15T02:00,84.1,61,10.0,1007.5
2026-07-15T03:00,83.4,63,10.5,1007.0
2026-07-15T04:00,82.6,65,10.3,1007.2
2026-07-15T05:00,81.9,67,10.6,1007.4
2026-07-15T06:00,81.8,68,11.1,1007.8
2026-07-15T07:00,82.5,67,10.8,1007.6
2026-07-15T08:00,81.9,69,10.0,1007.9
2026-07-15T09:00,84.1,64,11.9,1008.3
2026-07-15T10:00,86.4,57,11.6,1008.1
2026-07-15T11:00,88.7,47,10.6,1007.7
2026-07-15T12:00,90.9,39,11.3,1007.3
2026-07-15T13:00,92.1,35,14.4,1007.0
2026-07-15T14:00,88.9,32,15.7,1009.0
2026-07-15T15:00,87.7,33,17.2,1008.4
2026-07-15T16:00,86.1,36,14.5,1008.4
2026-07-15T17:00,83.9,39,9.7,1008.5
2026-07-15T18:00,83.3,40,9.2,1008.2
2026-07-15T19:00,82.6,44,9.2,1007.8
2026-07-15T20:00,79.3,43,8.6,1008.6
2026-07-15T21:00,77.7,48,6.9,1009.4
2026-07-15T22:00,75.9,54,7.0,1009.7
2026-07-15T23:00,75.3,59,9.2,1010.2
2026-07-16T00:00,74.6,65,8.3,1010.3
2026-07-16T01:00,73.5,70,7.1,1010.4
2026-07-16T02:00,70.9,73,5.7,1010.8
2026-07-16T03:00,70.5,74,5.2,1010.9
2026-07-16T04:00,69.7,76,4.2,1010.7
2026-07-16T05:00,69.0,78,3.7,1010.8
2026-07-16T06:00,68.4,80,2.9,1010.7
2026-07-16T07:00,70.8,73,3.0,1010.7
2026-07-16T08:00,73.1,68,3.2,1010.7
2026-07-16T09:00,76.5,61,4.7,1010.5
2026-07-16T10:00,80.4,51,6.5,1009.6
2026-07-16T11:00,84.2,40,8.8,1008.8
2026-07-16T12:00,86.1,35,12.4,1008.2
2026-07-16T13:00,88.0,32,13.5,1007.1
2026-07-16T14:00,88.2,33,12.7,1006.9
2026-07-16T15:00,88.4,30,14.5,1006.5
2026-07-16T16:00,87.4,32,16.9,1006.6
2026-07-16T17:00,86.2,34,17.0,1007.0
2026-07-16T18:00,85.6,32,17.1,1007.2
2026-07-16T19:00,83.8,34,14.3,1007.6
2026-07-16T20:00,78.2,47,8.5,1009.1
2026-07-16T21:00,76.7,51,8.7,1009.6
2026-07-16T22:00,75.3,56,6.3,1010.4
2026-07-16T23:00,73.5,61,4.2,1010.6
2026-07-17T00:00,72.0,66,5.8,1011.3
2026-07-17T01:00,70.1,72,5.4,1012.2
2026-07-17T02:00,65.9,82,2.9,1012.7
2026-07-17T03:00,65.4,82,3.2,1013.3
2026-07-17T04:00,64.3,79,3.2,1013.6
2026-07-17T05:00,63.5,76,3.1,1014.2
2026-07-17T06:00,63.0,74,2.6,1014.7
2026-07-17T07:00,65.4,64,3.0,1015.2
2026-07-17T08:00,68.3,56,3.4,1015.6
2026-07-17T09:00,70.6,51,3.8,1015.8
2026-07-17T10:00,72.2,45,3.8,1015.9
2026-07-17T11:00,76.0,36,4.9,1016.0
2026-07-17T12:00,79.1,30,6.3,1015.9
2026-07-17T13:00,81.2,29,6.2,1015.3
2026-07-17T14:00,82.6,28,4.7,1015.0
2026-07-17T15:00,83.4,27,4.5,1014.7
2026-07-17T16:00,84.3,26,5.0,1014.1
2026-07-17T17:00,84.8,24,5.7,1013.7
2026-07-17T18:00,85.0,22,5.8,1013.0
2026-07-17T19:00,83.8,23,7.6,1013.2
2026-07-17T20:00,79.9,32,7.7,1013.7
2026-07-17T21:00,77.6,36,6.7,1014.1
2026-07-17T22:00,75.5,38,5.2,1014.2
2026-07-17T23:00,73.6,42,3.6,1014.5
2026-07-18T00:00,72.6,46,2.2,1014.8
2026-07-18T01:00,71.8,49,1.0,1014.5
2026-07-18T02:00,69.8,51,1.7,1014.5
2026-07-18T03:00,68.6,55,3.1,1013.8
2026-07-18T04:00,66.7,60,4.0,1013.2
2026-07-18T05:00,67.5,57,4.1,1012.7
2026-07-18T06:00,67.8,57,4.7,1012.6
2026-07-18T07:00,70.5,56,7.3,1011.9
2026-07-18T08:00,73.0,55,8.4,1011.5
2026-07-18T09:00,74.5,57,11.0,1010.0
2026-07-18T10:00,77.4,55,11.6,1009.0
2026-07-18T11:00,79.5,53,12.9,1008.5
2026-07-18T12:00,72.6,83,14.2,1008.3
2026-07-18T13:00,70.7,96,11.8,1006.7
2026-07-18T14:00,72.0,92,12.7,1006.3
2026-07-18T15:00,72.9,96,15.3,1004.8
2026-07-18T16:00,74.7,92,14.0,1003.6
2026-07-18T17:00,76.6,87,14.2,1002.8
2026-07-18T18:00,76.9,87,12.5,1001.8
2026-07-18T19:00,76.7,88,15.0,1000.7
2026-07-18T20:00,74.2,90,12.9,1000.5
2026-07-18T21:00,73.6,93,12.3,1000.3
2026-07-18T22:00,72.0,96,7.5,1000.9
2026-07-18T23:00,71.8,98,6.0,1000.5
2026-07-19T00:00,71.1,99,6.6,1000.9
2026-07-19T01:00,70.4,99,4.5,1000.8
2026-07-19T02:00,68.8,97,7.0,1001.1
2026-07-19T03:00,69.3,95,9.7,1001.9
2026-07-19T04:00,67.1,94,11.9,1002.8
2026-07-19T05:00,64.5,92,10.8,1004.1
2026-07-19T06:00,62.8,89,9.8,1005.3
2026-07-19T07:00,62.9,85,10.8,1006.0
2026-07-19T08:00,65.1,80,9.9,1006.8
2026-07-19T09:00,66.9,72,11.1,1007.4
2026-07-19T10:00,68.8,66,12.3,1007.6
2026-07-19T11:00,70.5,59,12.3,1008.0
2026-07-19T12:00,72.8,52,11.5,1008.0
2026-07-19T13:00,75.1,44,11.1,1007.6
2026-07-19T14:00,76.5,40,10.1,1007.7
2026-07-19T15:00,77.4,37,10.3,1008.4
2026-07-19T16:00,77.5,38,10.2,1008.3
2026-07-19T17:00,77.4,38,10.7,1008.4
2026-07-19T18:00,76.6,39,11.0,1008.3
2026-07-19T19:00,74.6,44,10.4,1009.1
2026-07-19T20:00,70.9,52,9.9,1009.6
2026-07-19T21:00,69.3,52,10.2,1010.7
2026-07-19T22:00,67.0,55,8.1,1011.7
2026-07-19T23:00,65.4,58,6.2,1012.4
2026-07-20T00:00,64.2,62,5.5,1012.8
2026-07-20T01:00,62.7,68,3.4,1012.9
2026-07-20T02:00,60.0,78,1.6,1012.5
2026-07-20T03:00,59.7,79,2.0,1012.4
2026-07-20T04:00,59.3,80,2.3,1012.4
2026-07-20T05:00,58.9,79,2.0,1012.9
2026-07-20T06:00,59.4,76,0.7,1013.3
2026-07-20T07:00,62.0,66,0.4,1013.7
2026-07-20T08:00,64.3,60,1.1,1014.2
2026-07-20T09:00,67.6,53,2.5,1014.4
2026-07-20T10:00,71.0,48,3.1,1014.3
2026-07-20T11:00,74.6,42,3.8,1014.2
2026-07-20T12:00,77.6,35,3.7,1013.8
2026-07-20T13:00,79.4,33,4.2,1013.0
2026-07-20T14:00,81.6,32,3.7,1013.0
2026-07-20T15:00,82.1,32,4.7,1012.5
2026-07-20T16:00,82.6,32,5.8,1011.9
2026-07-20T17:00,82.3,32,5.8,1011.4
2026-07-20T18:00,81.8,32,6.4,1011.0
2026-07-20T19:00,80.6,33,8.1,1010.9
2026-07-20T20:00,77.1,38,8.2,1011.2
2026-07-20T21:00,75.0,41,7.1,1011.4
2026-07-20T22:00,72.4,49,7.6,1011.5
2026-07-20T23:00,71.4,52,8.2,1011.5
2026-07-21T00:00,71.2,56,10.2,1011.4
2026-07-21T01:00,70.2,59,10.7,1011.3
2026-07-21T02:00,68.7,61,11.3,1011.2
2026-07-21T03:00,68.5,63,12.0,1010.9
2026-07-21T04:00,68.2,67,12.1,1010.4
2026-07-21T05:00,68.2,70,12.0,1009.7
2026-07-21T06:00,68.1,73,11.7,1009.4
2026-07-21T07:00,69.9,73,12.7,1009.0
2026-07-21T08:00,72.4,69,13.6,1008.5
2026-07-21T09:00,74.0,71,14.7,1008.4
2026-07-21T10:00,74.3,74,12.9,1008.0
2026-07-21T11:00,73.0,89,12.4,1007.7
2026-07-21T12:00,78.8,66,15.6,1006.6
2026-07-21T13:00,80.2,64,17.8,1006.0
2026-07-21T14:00,79.2,65,17.5,1005.5
2026-07-21T15:00,79.0,70,15.2,1005.0
2026-07-21T16:00,74.8,88,13.0,1004.3
2026-07-21T17:00,74.1,90,12.2,1002.9
2026-07-21T18:00,75.8,88,10.3,1001.9
2026-07-21T19:00,76.5,89,11.6,1001.2
2026-07-21T20:00,73.8,93,10.8,1001.8
2026-07-21T21:00,72.9,93,8.9,1001.8
2026-07-21T22:00,72.8,94,11.2,1001.0
2026-07-21T23:00,71.5,94,13.3,1000.9
2026-07-22T00:00,70.3,95,12.3,1000.4
2026-07-22T01:00,70.0,94,10.9,1000.5
2026-07-22T02:00,69.4,97,10.8,1000.2
2026-07-22T03:00,68.3,99,9.8,1000.6
2026-07-22T04:00,68.2,99,8.3,1001.1
2026-07-22T05:00,68.6,99,7.4,1001.7
2026-07-22T06:00,67.9,99,4.7,1002.3
2026-07-22T07:00,68.6,96,2.9,1002.7
2026-07-22T08:00,71.5,86,4.9,1002.6
2026-07-22T09:00,74.5,80,8.6,1003.5
2026-07-22T10:00,74.8,71,9.7,1004.0
2026-07-22T11:00,77.2,63,8.5,1004.0
2026-07-22T12:00,79.1,55,9.2,1004.3
2026-07-22T13:00,79.8,51,10.6,1004.8
2026-07-22T14:00,79.3,49,11.4,1005.7
2026-07-22T15:00,78.3,48,13.1,1006.4
2026-07-22T16:00,76.5,51,13.7,1007.1
2026-07-22T17:00,75.2,53,12.9,1007.7
2026-07-22T18:00,73.1,58,12.0,1008.8
2026-07-22T19:00,71.3,60,10.3,1009.6
2026-07-22T20:00,67.5,63,10.8,1011.1
2026-07-22T21:00,65.8,65,8.2,1011.9
2026-07-22T22:00,64.7,69,6.7,1012.8
2026-07-22T23:00,63.8,72,6.1,1013.0
2026-07-23T00:00,62.9,75,5.7,1013.2
2026-07-23T01:00,62.0,77,5.2,1013.5
2026-07-23T02:00,60.4,81,3.4,1013.9
2026-07-23T03:00,59.7,83,3.5,1014.5
2026-07-23T04:00,58.7,86,3.4,1015.0
2026-07-23T05:00,57.7,89,2.3,1015.5
2026-07-23T06:00,57.5,90,1.9,1016.3
2026-07-23T07:00,60.0,83,1.7,1016.9
2026-07-23T08:00,63.0,73,2.2,1017.4
2026-07-23T09:00,66.5,60,2.8,1017.7
2026-07-23T10:00,69.6,50,3.8,1018.3
2026-07-23T11:00,72.3,47,5.3,1018.5
2026-07-23T12:00,75.7,39,7.5,1018.3
2026-07-23T13:00,77.0,36,8.1,1017.9
2026-07-23T14:00,79.3,31,8.1,1018.1
2026-07-23T15:00,79.4,30,7.9,1018.0
2026-07-23T16:00,79.9,30,7.4,1017.9
2026-07-23T17:00,79.2,32,7.0,1018.0
2026-07-23T18:00,78.3,34,7.0,1018.2
2026-07-23T19:00,76.5,36,6.5,1018.3
2026-07-23T20:00,73.3,46,5.0,1019.0
2026-07-23T21:00,70.7,53,3.6,1019.7
2026-07-23T22:00,68.8,60,2.9,1020.3
2026-07-23T23:00,67.6,62,2.3,1020.6
2026-07-24T00:00,66.9,62,1.1,1020.9
2026-07-24T01:00,65.9,64,0.4,1021.0
2026-07-24T02:00,61.9,69,1.7,1021.5
2026-07-24T03:00,62.1,69,0.9,1021.4
2026-07-24T04:00,60.9,73,0.7,1021.6
2026-07-24T05:00,59.6,77,0.5,1021.9
2026-07-24T06:00,59.3,78,0.1,1022.2
2026-07-24T07:00,61.6,72,1.6,1022.2
2026-07-24T08:00,64.6,67,0.8,1022.8
2026-07-24T09:00,68.3,61,1.9,1022.8
2026-07-24T10:00,71.8,53,2.4,1022.8
2026-07-24T11:00,75.1,44,1.9,1022.5
2026-07-24T12:00,77.6,35,2.2,1021.9
2026-07-24T13:00,79.5,30,2.9,1020.9
2026-07-24T14:00,81.3,31,3.5,1020.7
2026-07-24T15:00,81.9,29,3.8,1019.9
2026-07-24T16:00,82.5,28,4.1,1019.5
2026-07-24T17:00,82.3,28,3.1,1019.1
2026-07-24T18:00,81.8,30,2.0,1018.7
2026-07-24T19:00,80.4,36,1.1,1018.6
2026-07-24T20:00,75.7,55,0.9,1018.9
2026-07-24T21:00,74.1,49,1.1,1019.1
2026-07-24T22:00,72.4,49,1.0,1019.3
2026-07-24T23:00,69.5,52,4.6,1019.4
2026-07-25T00:00,68.9,57,7.1,1019.6
2026-07-25T01:00,68.2,68,8.2,1019.6
2026-07-25T02:00,65.6,69,7.5,1019.7
2026-07-25T03:00,64.8,69,6.5,1019.5
2026-07-25T04:00,63.9,71,6.2,1019.2
2026-07-25T05:00,63.2,73,6.1,1019.0
2026-07-25T06:00,62.6,76,4.8,1019.2
2026-07-25T07:00,65.1,73,4.9,1019.3
2026-07-25T08:00,67.7,67,5.1,1019.8
2026-07-25T09:00,70.9,64,3.8,1019.5
2026-07-25T10:00,74.5,58,2.3,1019.0
2026-07-25T11:00,77.9,51,1.7,1018.4
2026-07-25T12:00,80.4,44,3.1,1017.6
2026-07-25T13:00,81.9,41,4.0,1016.5
2026-07-25T14:00,83.2,39,4.9,1016.0
2026-07-25T15:00,84.4,37,5.5,1015.1
2026-07-25T16:00,84.9,36,5.6,1014.4
2026-07-25T17:00,85.3,35,6.3,1013.7
2026-07-25T18:00,84.3,35,7.1,1013.3
2026-07-25T19:00,82.6,35,7.3,1013.0
2026-07-25T20:00,78.3,51,4.9,1013.3
2026-07-25T21:00,75.5,56,6.2,1013.7
2026-07-25T22:00,73.8,57,6.9,1013.9
2026-07-25T23:00,71.7,60,6.4,1013.5
2026-07-26T00:00,70.7,61,6.9,1013.2
2026-07-26T01:00,69.4,63,7.0,1013.0
2026-07-26T02:00,66.7,69,6.3,1012.7
2026-07-26T03:00,66.0,72,5.3,1012.7
2026-07-26T04:00,65.3,74,6.8,1012.4
2026-07-26T05:00,64.8,75,6.1,1012.3
2026-07-26T06:00,63.9,76,4.2,1012.4
2026-07-26T07:00,66.2,72,3.6,1012.3
2026-07-26T08:00,69.6,67,4.5,1012.7
2026-07-26T09:00,72.3,62,4.2,1012.4
2026-07-26T10:00,75.5,56,3.2,1011.7
2026-07-26T11:00,78.5,48,3.3,1011.3
2026-07-26T12:00,80.1,44,3.2,1010.8
2026-07-26T13:00,81.3,41,3.3,1009.8
2026-07-26T14:00,81.7,41,1.5,1009.6
2026-07-26T15:00,83.7,39,1.3,1008.8
2026-07-26T16:00,84.8,37,1.5,1008.2
2026-07-26T17:00,85.0,36,1.0,1007.8
2026-07-26T18:00,84.6,36,1.1,1007.4
2026-07-26T19:00,82.9,39,1.6,1007.3
2026-07-26T20:00,78.5,55,1.3,1007.6
2026-07-26T21:00,75.9,58,2.0,1007.9
2026-07-26T22:00,73.5,67,4.7,1008.3
2026-07-26T23:00,72.2,69,4.1,1008.2
2026-07-27T00:00,72.0,64,5.6,1008.0
2026-07-27T01:00,71.0,65,5.4,1007.9
2026-07-27T02:00,68.9,72,4.9,1008.0
2026-07-27T03:00,68.8,74,2.8,1007.7
2026-07-27T04:00,67.9,78,2.7,1007.6
2026-07-27T05:00,67.4,79,3.1,1007.8
2026-07-27T06:00,67.0,80,3.1,1008.0
2026-07-27T07:00,69.3,76,3.3,1008.1
2026-07-27T08:00,71.6,75,2.6,1008.8
2026-07-27T09:00,73.8,72,2.2,1008.6
2026-07-27T10:00,76.5,68,2.4,1008.5
2026-07-27T11:00,79.3,62,2.0,1008.2
2026-07-27T12:00,81.6,56,1.5,1007.8
2026-07-27T13:00,83.2,52,3.2,1006.9
2026-07-27T14:00,84.0,50,4.2,1006.6
2026-07-27T15:00,84.8,48,3.3,1005.8
2026-07-27T16:00,84.5,47,5.2,1005.2
2026-07-27T17:00,85.1,45,4.6,1004.7
2026-07-27T18:00,85.0,44,4.9,1004.8
2026-07-27T19:00,82.7,49,6.2,1005.0
2026-07-27T20:00,80.1,57,4.4,1005.1
2026-07-27T21:00,78.3,61,7.1,1005.8
2026-07-27T22:00,75.9,68,8.0,1006.3
2026-07-27T23:00,73.5,72,8.6,1006.1
2026-07-28T00:00,72.5,74,7.9,1005.5
2026-07-28T01:00,72.2,77,7.9,1004.8
2026-07-28T02:00,71.6,82,7.7,1004.5
2026-07-28T03:00,71.6,84,8.4,1004.3
2026-07-28T04:00,70.8,86,8.3,1004.3
2026-07-28T05:00,70.6,85,8.2,1003.8
2026-07-28T06:00,70.6,83,8.6,1003.7
2026-07-28T07:00,72.1,78,8.2,1003.7
2026-07-28T08:00,74.8,75,10.3,1003.8
2026-07-28T09:00,77.4,70,9.2,1003.2
2026-07-28T10:00,80.1,66,8.1,1002.9
2026-07-28T11:00,82.1,62,9.2,1002.8
2026-07-28T12:00,83.9,57,11.3,1002.0
2026-07-28T13:00,84.3,57,11.3,1001.2
2026-07-28T14:00,71.8,93,10.7,1003.1
2026-07-28T15:00,70.7,95,11.2,1002.6
2026-07-28T16:00,70.1,96,10.6,1002.8
2026-07-28T17:00,70.4,97,5.8,1002.2
2026-07-28T18:00,70.2,97,7.9,1001.9
2026-07-28T19:00,70.5,97,8.8,1001.6
2026-07-28T20:00,69.6,96,6.8,1001.9
2026-07-28T21:00,70.2,95,7.9,1001.8
2026-07-28T22:00,69.3,97,6.2,1002.1
2026-07-28T23:00,68.8,98,4.6,1001.8
2026-07-29T00:00,69.0,97,4.3,1001.5
2026-07-29T01:00,68.9,96,3.5,1001.0
2026-07-29T02:00,69.3,95,4.8,1000.5
2026-07-29T03:00,69.9,95,5.1,999.7
2026-07-29T04:00,69.4,95,7.1,999.2
2026-07-29T05:00,68.6,93,8.5,999.3
2026-07-29T06:00,68.0,94,10.3,998.8
2026-07-29T07:00,68.5,94,11.9,998.7
2026-07-29T08:00,68.0,96,4.8,1000.5
2026-07-29T09:00,68.7,95,4.6,1000.5
2026-07-29T10:00,69.1,94,3.9,1000.5
2026-07-29T11:00,69.3,95,3.6,1000.7
2026-07-29T12:00,68.9,99,5.8,1000.3
2026-07-29T13:00,68.3,97,10.5,999.1
2026-07-29T14:00,66.7,96,12.5,999.9
2026-07-29T15:00,66.9,97,13.4,999.3
2026-07-29T16:00,67.3,97,13.2,998.5
2026-07-29T17:00,66.7,98,10.3,997.8
2026-07-29T18:00,68.9,96,3.3,997.7
2026-07-29T19:00,67.4,98,10.0,998.5
2026-07-29T20:00,65.5,98,11.9,1001.0
2026-07-29T21:00,64.5,97,7.4,1002.1
2026-07-29T22:00,64.1,96,6.0,1002.8
2026-07-29T23:00,64.0,96,2.8,1003.2
2026-07-30T00:00,63.8,98,2.6,1003.6
2026-07-30T01:00,64.2,99,5.8,1003.8
2026-07-30T02:00,64.9,97,6.2,1003.7
2026-07-30T03:00,65.6,96,6.0,1003.8
2026-07-30T04:00,65.1,97,6.7,1004.2
2026-07-30T05:00,64.8,97,6.4,1004.7
2026-07-30T06:00,64.1,97,6.3,1005.2
2026-07-30T07:00,65.0,97,6.7,1006.2
2026-07-30T08:00,65.8,96,9.2,1006.7
2026-07-30T09:00,66.2,96,8.3,1007.2
2026-07-30T10:00,68.1,92,9.5,1007.6
2026-07-30T11:00,70.5,86,9.5,1007.9
2026-07-30T12:00,71.3,83,9.2,1008.0
2026-07-30T13:00,74.4,73,10.2,1007.7
2026-07-30T14:00,74.2,72,9.5,1008.4
2026-07-30T15:00,75.3,69,9.0,1008.5
2026-07-30T16:00,74.7,72,7.0,1008.4
2026-07-30T17:00,75.5,70,5.8,1008.4
2026-07-30T18:00,75.2,71,4.2,1008.6
2026-07-30T19:00,74.3,76,2.9,1008.6
2026-07-30T20:00,72.3,82,1.2,1009.5
2026-07-30T21:00,69.7,86,7.8,1010.6
2026-07-30T22:00,67.6,93,0.6,1010.9
2026-07-30T23:00,66.8,93,0.6,1011.0
2026-07-31T00:00,66.0,95,1.1,1011.2
2026-07-31T01:00,65.7,95,2.5,1011.1
2026-07-31T02:00,65.0,92,1.1,1011.2
2026-07-31T03:00,65.4,90,2.2,1011.5
2026-07-31T04:00,64.4,95,3.7,1011.7
2026-07-31T05:00,64.0,96,1.3,1011.7
2026-07-31T06:00,63.7,97,1.5,1011.9
2026-07-31T07:00,65.5,97,2.8,1012.3
2026-07-31T08:00,67.5,95,2.2,1013.0
2026-07-31T09:00,69.8,88,3.2,1013.0
2026-07-31T10:00,73.0,80,3.7,1012.7
2026-07-31T11:00,75.6,77,4.4,1012.6
2026-07-31T12:00,76.9,75,3.3,1012.2
2026-07-31T13:00,78.4,71,3.4,1011.9
2026-07-31T14:00,82.0,54,4.9,1011.1
2026-07-31T15:00,79.6,63,5.1,1011.3
2026-07-31T16:00,81.0,60,4.5,1011.2
2026-07-31T17:00,81.0,56,6.0,1011.1
2026-07-31T18:00,78.8,67,4.4,1011.1
2026-07-31T19:00,77.2,74,2.6,1011.0
2026-07-31T20:00,73.3,94,3.8,1010.8
2026-07-31T21:00,71.0,96,2.7,1011.3
2026-07-31T22:00,71.1,90,3.4,1011.8
2026-07-31T23:00,71.3,85,2.5,1011.8
2026-08-01T00:00,71.1,84,3.0,1011.8
2026-08-01T01:00,70.1,86,3.3,1012.1
2026-08-01T02:00,68.9,86,2.9,1011.9
2026-08-01T03:00,68.3,87,2.0,1011.8
2026-08-01T04:00,67.6,89,1.5,1011.9
2026-08-01T05:00,66.4,93,2.1,1012.2
2026-08-01T06:00,66.1,95,2.1,1012.5
2026-08-01T07:00,67.3,95,3.8,1012.9
2026-08-01T08:00,70.1,91,3.0,1012.8
2026-08-01T09:00,72.4,90,3.4,1012.9
2026-08-01T10:00,74.9,85,3.0,1012.5
2026-08-01T11:00,77.5,79,2.9,1012.3
2026-08-01T12:00,79.5,72,3.2,1012.3
2026-08-01T13:00,81.4,64,3.9,1011.9
2026-08-01T14:00,84.6,54,3.7,1011.5
2026-08-01T15:00,83.6,55,5.1,1011.3
2026-08-01T16:00,82.2,61,3.2,1011.1
2026-08-01T17:00,82.1,65,3.7,1010.6
2026-08-01T18:00,81.7,70,4.5,1010.4
2026-08-01T19:00,80.1,73,4.6,1010.3
2026-08-01T20:00,77.0,75,6.1,1010.0
2026-08-01T21:00,76.8,74,8.2,1010.4
2026-08-01T22:00,76.4,74,9.8,1011.0
2026-08-01T23:00,75.7,76,9.1,1011.2
2026-08-02T00:00,74.8,78,9.0,1011.6
2026-08-02T01:00,74.1,82,9.2,1011.9
2026-08-02T02:00,74.0,85,9.6,1011.9
2026-08-02T03:00,74.2,86,9.6,1011.4
2026-08-02T04:00,73.8,88,9.5,1011.2
2026-08-02T05:00,73.7,89,9.3,1011.1
2026-08-02T06:00,73.7,90,9.3,1011.3
2026-08-02T07:00,74.1,91,10.5,1011.7
2026-08-02T08:00,75.5,85,10.9,1012.1
2026-08-02T09:00,76.5,83,11.6,1011.9
2026-08-02T10:00,78.3,80,12.3,1011.5
2026-08-02T11:00,79.9,76,12.2,1011.4
2026-08-02T12:00,81.6,67,12.8,1010.9
2026-08-02T13:00,82.2,63,12.4,1010.5
2026-08-02T14:00,81.3,64,11.6,1010.5
2026-08-02T15:00,77.6,76,8.0,1010.0
2026-08-02T16:00,77.0,79,7.5,1009.9
2026-08-02T17:00,77.0,77,8.0,1009.1
2026-08-02T18:00,77.0,76,8.5,1008.5
2026-08-02T19:00,76.6,75,9.3,1008.1
2026-08-02T20:00,76.4,77,10.0,1008.3
2026-08-02T21:00,75.7,78,10.0,1008.5
2026-08-02T22:00,72.3,93,11.5,1008.0
2026-08-02T23:00,71.9,95,12.1,1007.4
2026-08-03T00:00,72.4,95,12.1,1006.7
2026-08-03T01:00,72.9,95,11.8,1006.1
2026-08-03T02:00,74.2,94,12.0,1005.1
2026-08-03T03:00,74.2,95,12.2,1004.0
2026-08-03T04:00,73.4,96,12.3,1003.8
2026-08-03T05:00,72.4,96,10.8,1003.5
2026-08-03T06:00,72.5,97,12.1,1002.8
2026-08-03T07:00,73.3,96,11.2,1002.6
2026-08-03T08:00,74.7,97,10.9,1003.5
2026-08-03T09:00,76.6,95,10.3,1002.8
2026-08-03T10:00,77.3,91,10.9,1002.9
2026-08-03T11:00,80.3,86,12.1,1002.4
2026-08-03T12:00,72.6,97,13.0,1003.3
2026-08-03T13:00,77.4,96,7.4,1003.4
2026-08-03T14:00,76.1,79,8.8,1004.4
2026-08-03T15:00,77.7,69,10.7,1004.6
2026-08-03T16:00,77.3,68,14.3,1005.3
2026-08-03T17:00,75.1,71,13.4,1006.2
2026-08-03T18:00,73.8,73,11.3,1007.4
2026-08-03T19:00,72.2,76,9.8,1008.6
2026-08-03T20:00,71.1,78,9.0,1010.2
2026-08-03T21:00,70.1,78,7.1,1011.4
2026-08-03T22:00,68.8,82,6.0,1012.0
2026-08-03T23:00,67.7,84,5.8,1012.7
2026-08-04T00:00,66.7,87,3.9,1013.5
2026-08-04T01:00,66.6,86,4.0,1013.6
2026-08-04T02:00,65.3,89,4.0,1014.4
2026-08-04T03:00,64.5,89,3.3,1014.6
2026-08-04T04:00,63.9,87,2.9,1014.9
2026-08-04T05:00,63.9,85,2.7,1015.1
2026-08-04T06:00,63.9,84,0.4,1015.6
2026-08-04T07:00,65.2,85,4.4,1016.3
2026-08-04T08:00,67.7,85,3.7,1016.9
2026-08-04T09:00,70.2,80,4.5,1017.6
2026-08-04T10:00,72.9,76,3.6,1017.8
2026-08-04T11:00,75.6,72,3.0,1017.9
2026-08-04T12:00,78.0,66,3.5,1017.8
2026-08-04T13:00,79.6,58,3.8,1017.2
2026-08-04T14:00,81.8,50,3.6,1017.1
2026-08-04T15:00,82.2,48,3.2,1017.1
2026-08-04T16:00,82.4,47,2.7,1017.0
2026-08-04T17:00,82.2,47,1.9,1016.7
2026-08-04T18:00,81.1,57,0.8,1016.5
2026-08-04T19:00,78.6,73,2.8,1016.6
2026-08-04T20:00,74.8,76,3.9,1017.0
2026-08-04T21:00,73.8,74,3.6,1017.3
2026-08-04T22:00,72.8,78,4.5,1017.6
2026-08-04T23:00,71.7,78,4.7,1017.4
2026-08-05T00:00,70.9,74,5.7,1017.5
2026-08-05T01:00,70.1,72,6.4,1017.6
2026-08-05T02:00,68.3,74,6.5,1017.7
2026-08-05T03:00,67.9,75,5.7,1017.8
2026-08-05T04:00,67.0,78,6.0,1018.2
2026-08-05T05:00,66.6,82,6.2,1018.3
2026-08-05T06:00,65.7,87,5.6,1018.7
2026-08-05T07:00,67.3,86,5.8,1018.9
2026-08-05T08:00,69.6,84,4.1,1019.2
2026-08-05T09:00,71.8,83,4.1,1019.7
2026-08-05T10:00,74.6,79,3.5,1019.4
2026-08-05T11:00,77.1,74,4.0,1019.5
2026-08-05T12:00,78.4,71,4.7,1019.2
2026-08-05T13:00,80.3,65,5.3,1018.8
2026-08-05T14:00,83.1,56,5.2,1018.6
2026-08-05T15:00,83.9,52,5.9,1018.2
2026-08-05T16:00,82.7,55,5.9,1017.4
2026-08-05T17:00,82.0,61,8.3,1017.5
2026-08-05T18:00,79.2,70,9.1,1017.4
2026-08-05T19:00,76.9,75,7.8,1017.1
2026-08-05T20:00,76.5,73,7.1,1017.3
2026-08-05T21:00,76.2,75,7.9,1017.4
2026-08-05T22:00,75.1,78,7.8,1017.6
2026-08-05T23:00,74.7,78,8.6,1017.4
2026-08-06T00:00,74.5,79,8.5,1017.5
2026-08-06T01:00,73.6,82,7.8,1017.5
2026-08-06T02:00,73.0,86,5.8,1017.4
2026-08-06T03:00,73.4,86,6.2,1016.8
2026-08-06T04:00,73.2,87,5.2,1016.7
2026-08-06T05:00,72.8,89,5.1,1016.7
2026-08-06T06:00,72.3,91,3.3,1016.9
2026-08-06T07:00,74.1,89,5.0,1017.4
2026-08-06T08:00,75.8,88,4.4,1017.7
2026-08-06T09:00,78.5,84,5.2,1017.6
2026-08-06T10:00,80.6,78,4.1,1017.6
2026-08-06T11:00,83.0,72,3.4,1017.5
2026-08-06T12:00,84.6,69,4.0,1017.0
2026-08-06T13:00,85.5,68,5.3,1016.4
2026-08-06T14:00,87.3,65,4.7,1016.3
2026-08-06T15:00,87.9,65,5.3,1016.0
2026-08-06T16:00,87.9,65,5.0,1015.7
2026-08-06T17:00,81.9,85,4.6,1016.3
2026-08-06T18:00,81.2,86,3.4,1016.0
2026-08-06T19:00,81.0,86,3.0,1015.9
2026-08-06T20:00,78.6,91,4.1,1016.3
2026-08-06T21:00,77.4,92,2.1,1016.7
2026-08-06T22:00,77.4,89,0.6,1017.2
2026-08-06T23:00,77.6,84,0.3,1017.3
2026-08-07T00:00,77.5,83,0.5,1017.7
2026-08-07T01:00,76.6,87,0.8,1017.4
2026-08-07T02:00,75.5,91,1.3,1017.3
2026-08-07T03:00,74.9,94,1.7,1017.5
2026-08-07T04:00,74.2,95,2.6,1017.8
2026-08-07T05:00,73.3,95,2.1,1017.7
2026-08-07T06:00,73.1,93,1.7,1017.8
2026-08-07T07:00,74.2,93,2.0,1018.2
2026-08-07T08:00,75.1,95,1.7,1018.5
2026-08-07T09:00,77.2,91,1.9,1018.6
2026-08-07T10:00,79.9,80,2.0,1018.4
2026-08-07T11:00,82.4,69,3.1,1018.2
2026-08-07T12:00,84.0,65,2.9,1018.0
2026-08-07T13:00,85.4,62,2.5,1017.5
2026-08-07T14:00,87.3,55,2.3,1016.6
2026-08-07T15:00,87.4,56,2.9,1016.0
2026-08-07T16:00,87.1,56,3.4,1015.4
2026-08-07T17:00,86.4,59,3.9,1015.3
2026-08-07T18:00,85.0,64,4.0,1015.7
2026-08-07T19:00,80.2,82,3.3,1014.6
2026-08-07T20:00,79.2,90,0.8,1015.5
2026-08-07T21:00,77.5,94,4.4,1015.8
2026-08-07T22:00,75.6,98,3.9,1016.0
2026-08-07T23:00,74.5,99,4.4,1015.4
2026-08-08T00:00,73.5,99,3.0,1014.7
2026-08-08T01:00,73.0,99,2.9,1014.6
2026-08-08T02:00,73.0,100,3.8,1014.0
2026-08-08T03:00,73.5,99,4.7,1013.6
2026-08-08T04:00,73.0,99,4.7,1013.4
2026-08-08T05:00,72.7,100,2.6,1013.4
2026-08-08T06:00,72.5,100,2.2,1013.7
2026-08-08T07:00,73.3,98,4.5,1013.8
2026-08-08T08:00,72.9,97,4.9,1014.1
2026-08-08T09:00,75.3,91,5.0,1014.0
2026-08-08T10:00,77.4,86,4.3,1013.7
2026-08-08T11:00,79.8,81,4.8,1013.1
2026-08-08T12:00,81.6,77,4.9,1013.1
2026-08-08T13:00,82.8,75,4.4,1012.1
2026-08-08T14:00,85.2,65,3.9,1011.6
2026-08-08T15:00,84.3,70,4.9,1010.7
2026-08-08T16:00,75.4,94,3.7,1011.5
2026-08-08T17:00,76.9,90,4.5,1010.7
2026-08-08T18:00,78.1,87,5.3,1010.4
2026-08-08T19:00,77.8,90,5.5,1010.2
2026-08-08T20:00,73.9,90,3.9,1010.9
2026-08-08T21:00,73.7,91,4.6,1011.3
2026-08-08T22:00,73.0,91,4.2,1011.5
2026-08-08T23:00,72.4,92,5.1,1011.3
2026-08-09T00:00,71.8,92,6.0,1011.7
2026-08-09T01:00,71.5,91,6.4,1011.7
2026-08-09T02:00,71.9,91,6.5,1011.2
2026-08-09T03:00,72.0,92,5.5,1011.1
2026-08-09T04:00,71.5,96,5.4,1010.5
2026-08-09T05:00,71.2,98,6.1,1011.0
2026-08-09T06:00,71.5,99,4.8,1011.5
2026-08-09T07:00,72.2,97,3.7,1012.2
2026-08-09T08:00,74.2,92,2.8,1012.6
2026-08-09T09:00,76.9,82,3.8,1012.8
2026-08-09T10:00,78.3,77,7.0,1012.8
2026-08-09T11:00,79.9,67,7.8,1013.2
2026-08-09T12:00,81.0,55,8.8,1013.4
2026-08-09T13:00,81.8,52,9.0,1013.1
2026-08-09T14:00,82.7,51,9.1,1013.2
2026-08-09T15:00,82.8,50,8.8,1013.2
2026-08-09T16:00,82.6,48,9.5,1013.1
2026-08-09T17:00,81.8,49,9.0,1013.1
2026-08-09T18:00,80.3,54,8.0,1013.0
2026-08-09T19:00,77.5,60,6.7,1012.9
2026-08-09T20:00,74.3,64,6.2,1013.4
2026-08-09T21:00,72.1,64,5.7,1013.9
2026-08-09T22:00,69.7,67,4.3,1014.5
2026-08-09T23:00,68.0,71,3.2,1014.5
2026-08-10T00:00,67.8,70,1.3,1014.6
2026-08-10T01:00,67.2,71,0.7,1014.7
2026-08-10T02:00,65.4,75,0.3,1015.0
2026-08-10T03:00,65.0,76,0.2,1014.9
2026-08-10T04:00,64.7,77,0.6,1014.9
2026-08-10T05:00,64.6,77,0.2,1014.5
2026-08-10T06:00,63.8,79,0.3,1014.7
2026-08-10T07:00,65.7,77,1.3,1014.7
2026-08-10T08:00,66.1,79,1.9,1015.1
2026-08-10T09:00,69.8,72,2.5,1015.0
2026-08-10T10:00,70.9,72,3.4,1014.5
2026-08-10T11:00,74.8,63,4.3,1014.4
2026-08-10T12:00,78.0,57,5.2,1013.2
2026-08-10T13:00,80.9,54,6.3,1012.2
2026-08-10T14:00,82.3,54,5.8,1011.7
2026-08-10T15:00,83.0,57,6.8,1011.0
2026-08-10T16:00,82.9,61,7.5,1010.1
2026-08-10T17:00,82.1,64,8.8,1009.8
2026-08-10T18:00,78.3,76,8.5,1009.4
2026-08-10T19:00,77.1,77,5.9,1009.2
2026-08-10T20:00,72.2,92,5.3,1008.9
2026-08-10T21:00,72.3,90,4.9,1009.7
2026-08-10T22:00,71.9,94,5.8,1009.7
2026-08-10T23:00,71.5,95,4.5,1009.9
2026-08-11T00:00,71.0,96,3.3,1009.9
2026-08-11T01:00,70.5,94,2.7,1009.5
2026-08-11T02:00,70.2,92,2.1,1009.0
2026-08-11T03:00,69.0,97,3.3,1009.2
2026-08-11T04:00,68.3,98,2.1,1009.0
2026-08-11T05:00,67.6,96,2.9,1009.1
2026-08-11T06:00,66.9,97,4.0,1009.0
2026-08-11T07:00,68.3,95,6.6,1009.5
2026-08-11T08:00,70.8,93,3.7,1010.1
2026-08-11T09:00,73.5,87,6.4,1010.4
2026-08-11T10:00,75.4,79,9.7,1010.0
2026-08-11T11:00,77.1,71,8.8,1009.4
2026-08-11T12:00,79.2,61,8.3,1008.5
2026-08-11T13:00,80.8,53,8.6,1008.0
2026-08-11T14:00,81.0,53,8.6,1008.3
2026-08-11T15:00,81.5,51,8.0,1008.3
2026-08-11T16:00,81.8,51,7.6,1007.4
2026-08-11T17:00,81.0,51,7.1,1007.5
2026-08-11T18:00,79.5,54,6.3,1007.3
2026-08-11T19:00,77.5,61,5.6,1007.6
2026-08-11T20:00,75.3,65,5.0,1007.6
2026-08-11T21:00,73.3,73,3.5,1008.3
2026-08-11T22:00,71.8,78,1.9,1008.1
2026-08-11T23:00,70.4,78,2.8,1008.3
2026-08-12T00:00,69.1,75,3.3,1008.5
2026-08-12T01:00,68.3,76,3.0,1008.3
2026-08-12T02:00,66.0,82,3.2,1008.7
2026-08-12T03:00,65.7,84,2.8,1008.3
2026-08-12T04:00,65.0,85,2.0,1008.1
2026-08-12T05:00,64.8,84,1.6,1007.9
2026-08-12T06:00,64.1,84,1.8,1008.4
2026-08-12T07:00,66.1,81,2.3,1009.0
2026-08-12T08:00,67.3,80,1.7,1009.3
2026-08-12T09:00,70.2,76,2.1,1010.0
2026-08-12T10:00,73.3,71,2.1,1009.4
2026-08-12T11:00,76.4,64,3.2,1009.3
2026-08-12T12:00,78.8,54,3.1,1008.7
2026-08-12T13:00,80.1,48,5.5,1008.3
2026-08-12T14:00,80.5,48,3.6,1007.9
2026-08-12T15:00,81.8,44,4.4,1007.4
2026-08-12T16:00,82.0,43,5.6,1006.8
2026-08-12T17:00,81.9,43,6.0,1006.7
2026-08-12T18:00,80.6,48,5.7,1007.0
2026-08-12T19:00,78.3,56,4.3,1007.0
2026-08-12T20:00,74.5,70,4.7,1006.6
2026-08-12T21:00,74.5,70,5.4,1007.2
2026-08-12T22:00,68.4,90,8.4,1008.6
2026-08-12T23:00,68.0,95,5.3,1007.9
2026-08-13T00:00,66.8,95,4.5,1007.6
2026-08-13T01:00,66.1,96,4.2,1007.6
2026-08-13T02:00,66.8,96,7.0,1007.4
2026-08-13T03:00,66.4,98,7.6,1007.0
2026-08-13T04:00,65.7,99,4.5,1007.5
2026-08-13T05:00,65.7,98,7.6,1007.0
2026-08-13T06:00,65.0,99,4.7,1007.3
2026-08-13T07:00,65.8,98,4.5,1008.2
2026-08-13T08:00,68.0,97,2.1,1008.7
2026-08-13T09:00,70.8,90,3.0,1008.6
2026-08-13T10:00,73.6,82,4.4,1008.7
2026-08-13T11:00,75.5,78,5.9,1008.9
2026-08-13T12:00,76.6,73,5.9,1009.2
2026-08-13T13:00,77.9,68,5.9,1009.3
2026-08-13T14:00,74.2,83,6.7,1009.6
2026-08-13T15:00,78.2,69,4.4,1009.3
2026-08-13T16:00,79.4,55,7.8,1009.1
2026-08-13T17:00,79.1,52,8.3,1009.2
2026-08-13T18:00,78.2,57,7.4,1009.4
2026-08-13T19:00,75.6,65,7.3,1009.6
2026-08-13T20:00,73.0,81,4.3,1009.8
2026-08-13T21:00,72.6,80,3.7,1010.8
2026-08-13T22:00,71.2,82,3.6,1011.6
2026-08-13T23:00,69.8,86,4.8,1012.1
2026-08-14T00:00,68.3,89,3.1,1012.8
2026-08-14T01:00,67.4,90,2.4,1013.2
2026-08-14T02:00,65.7,92,1.5,1013.8
2026-08-14T03:00,65.2,92,2.4,1013.7
2026-08-14T04:00,64.4,92,2.7,1013.6
2026-08-14T05:00,63.5,94,2.7,1014.0
2026-08-14T06:00,62.5,97,2.5,1014.6
2026-08-14T07:00,64.2,95,3.6,1015.4
2026-08-14T08:00,65.8,94,2.2,1016.2
2026-08-14T09:00,69.1,86,1.3,1016.1
2026-08-14T10:00,72.0,78,1.5,1016.0
2026-08-14T11:00,74.7,70,1.2,1015.9
2026-08-14T12:00,76.7,63,2.3,1015.7
2026-08-14T13:00,77.8,60,4.2,1015.6
2026-08-14T14:00,77.9,58,4.2,1015.6
2026-08-14T15:00,79.2,51,4.9,1015.4
2026-08-14T16:00,78.3,54,4.8,1015.2
2026-08-14T17:00,78.3,55,2.8,1015.1
2026-08-14T18:00,68.2,85,11.0,1017.0
2026-08-14T19:00,67.5,93,2.9,1016.2
2026-08-14T20:00,66.2,95,0.7,1016.9
2026-08-14T21:00,65.5,98,1.1,1017.6
2026-08-14T22:00,65.1,97,1.2,1018.4
2026-08-14T23:00,64.8,94,1.4,1018.7
2026-08-15T00:00,64.3,93,2.2,1018.9
2026-08-15T01:00,63.9,93,2.8,1019.0
2026-08-15T02:00,61.3,97,4.2,1019.7
2026-08-15T03:00,61.0,100,2.8,1019.8
2026-08-15T04:00,60.2,100,1.8,1019.8
2026-08-15T05:00,60.0,100,1.4,1019.7
2026-08-15T06:00,60.3,99,2.6,1020.4
2026-08-15T07:00,60.2,100,2.6,1020.4
2026-08-15T08:00,63.2,94,1.8,1020.5
2026-08-15T09:00,65.6,89,2.6,1020.4
2026-08-15T10:00,68.3,81,2.8,1020.5
2026-08-15T11:00,70.6,74,2.9,1020.9
2026-08-15T12:00,72.9,65,3.7,1020.9
2026-08-15T13:00,74.7,56,4.3,1020.5
2026-08-15T14:00,76.1,51,5.1,1020.2
2026-08-15T15:00,76.2,52,4.5,1019.8
2026-08-15T16:00,76.8,50,5.3,1019.1
2026-08-15T17:00,76.6,50,6.1,1018.9
2026-08-15T18:00,75.9,52,3.6,1018.6
2026-08-15T19:00,74.0,65,3.1,1018.1
2026-08-15T20:00,69.7,75,7.4,1018.9
2026-08-15T21:00,67.5,72,7.1,1019.6
2026-08-15T22:00,65.1,73,6.8,1020.3
2026-08-15T23:00,63.0,77,4.9,1020.4
2026-08-16T00:00,61.6,81,5.0,1020.4
2026-08-16T01:00,60.6,83,3.6,1020.1
2026-08-16T02:00,57.5,92,1.9,1020.3
2026-08-16T03:00,57.9,90,0.8,1019.9
2026-08-16T04:00,57.6,91,0.5,1019.7
2026-08-16T05:00,57.2,92,0.7,1019.5
2026-08-16T06:00,56.1,96,2.2,1019.5
2026-08-16T07:00,57.9,95,2.8,1019.3
2026-08-16T08:00,62.0,85,1.6,1019.4
2026-08-16T09:00,65.4,76,3.1,1019.2
2026-08-16T10:00,69.1,71,3.9,1018.3
2026-08-16T11:00,72.7,64,5.8,1017.6
2026-08-16T12:00,75.7,62,9.0,1016.5
2026-08-16T13:00,78.0,62,10.8,1015.1
2026-08-16T14:00,79.2,62,12.2,1014.8
2026-08-16T15:00,80.3,58,12.0,1014.0
2026-08-16T16:00,79.5,61,13.1,1013.1
2026-08-16T17:00,77.1,69,11.6,1012.5
2026-08-16T18:00,74.9,74,12.3,1012.4
2026-08-16T19:00,72.5,82,12.0,1012.0
2026-08-16T20:00,70.0,91,12.1,1012.2
2026-08-16T21:00,68.8,93,13.3,1011.9
2026-08-16T22:00,68.6,92,14.0,1011.4
2026-08-16T23:00,68.4,91,13.4,1011.1
2026-08-17T00:00,68.4,92,13.2,1010.9
2026-08-17T01:00,66.9,95,14.1,1010.5
2026-08-17T02:00,66.5,96,13.4,1010.0
2026-08-17T03:00,66.8,96,12.6,1009.5
2026-08-17T04:00,66.8,97,10.7,1009.1
2026-08-17T05:00,66.9,97,9.7,1009.0
2026-08-17T06:00,67.1,97,10.4,1009.1
2026-08-17T07:00,67.7,97,9.3,1009.4
2026-08-17T08:00,67.9,95,9.3,1009.7
2026-08-17T09:00,69.6,89,10.2,1009.4
2026-08-17T10:00,70.8,87,9.1,1009.3
2026-08-17T11:00,73.4,82,7.5,1009.2
2026-08-17T12:00,75.6,78,5.4,1008.9
2026-08-17T13:00,77.0,77,4.5,1008.2
2026-08-17T14:00,78.1,75,3.2,1008.2
2026-08-17T15:00,79.7,73,3.2,1007.8
2026-08-17T16:00,79.3,73,2.7,1007.6
2026-08-17T17:00,80.8,70,2.6,1007.5
2026-08-17T18:00,79.7,74,2.2,1007.4
2026-08-17T19:00,77.8,82,3.4,1007.4
2026-08-17T20:00,72.6,98,3.5,1007.7
2026-08-17T21:00,72.1,97,1.4,1008.4
2026-08-17T22:00,72.0,98,3.1,1008.6
2026-08-17T23:00,70.7,98,2.1,1008.8
2026-08-18T00:00,70.2,97,0.4,1009.0
2026-08-18T01:00,70.0,97,2.2,1009.1
2026-08-18T02:00,69.4,100,6.3,1009.2
2026-08-18T03:00,69.2,99,6.0,1009.3
2026-08-18T04:00,68.1,98,4.7,1009.3
2026-08-18T05:00,66.8,99,3.5,1009.4
2026-08-18T06:00,65.7,100,3.2,1009.7
2026-08-18T07:00,66.3,99,4.5,1010.2
2026-08-18T08:00,67.1,98,4.4,1010.9
2026-08-18T09:00,69.3,91,4.5,1011.1
2026-08-18T10:00,72.0,82,4.7,1011.0
2026-08-18T11:00,74.0,78,4.5,1010.8
2026-08-18T12:00,76.0,73,4.4,1010.7
2026-08-18T13:00,77.4,69,4.0,1010.3
2026-08-18T14:00,80.0,63,3.0,1009.8
2026-08-18T15:00,80.3,61,3.5,1009.7
2026-08-18T16:00,80.5,58,5.2,1009.8
2026-08-18T17:00,80.4,57,4.3,1009.4
2026-08-18T18:00,79.2,57,5.7,1009.4
2026-08-18T19:00,76.2,64,4.4,1009.4
2026-08-18T20:00,74.0,71,4.3,1009.8
2026-08-18T21:00,72.2,71,5.3,1010.6
2026-08-18T22:00,70.1,75,3.5,1010.8
2026-08-18T23:00,69.7,73,1.2,1010.5
2026-08-19T00:00,69.3,73,0.7,1010.9
2026-08-19T01:00,68.2,74,0.6,1010.9
2026-08-19T02:00,66.0,80,0.2,1010.4
2026-08-19T03:00,65.3,82,0.7,1010.6
2026-08-19T04:00,64.4,83,0.3,1010.7
2026-08-19T05:00,64.5,81,0.2,1010.6
2026-08-19T06:00,63.9,81,0.1,1010.7
2026-08-19T07:00,65.3,82,1.1,1010.7
2026-08-19T08:00,67.0,81,1.5,1011.5
2026-08-19T09:00,70.0,78,1.5,1011.1
2026-08-19T10:00,73.3,72,2.8,1010.6
2026-08-19T11:00,75.6,64,3.4,1010.3
2026-08-19T12:00,77.4,60,4.0,1009.8
2026-08-19T13:00,78.8,60,4.2,1009.7
2026-08-19T14:00,80.1,56,2.6,1009.9
2026-08-19T15:00,81.0,53,1.8,1009.8
2026-08-19T16:00,81.3,50,1.4,1009.2
2026-08-19T17:00,81.2,52,2.0,1009.0
2026-08-19T18:00,80.1,56,2.3,1009.1
2026-08-19T19:00,77.6,72,1.9,1009.2
2026-08-19T20:00,76.1,70,1.1,1009.7
2026-08-19T21:00,75.3,68,2.0,1010.4
2026-08-19T22:00,73.9,72,0.7,1010.5
2026-08-19T23:00,72.0,76,1.4,1010.8
2026-08-20T00:00,70.3,81,2.1,1011.3
2026-08-20T01:00,69.9,82,1.9,1011.7
2026-08-20T02:00,68.4,84,2.4,1011.7
2026-08-20T03:00,67.5,88,2.1,1011.8
2026-08-20T04:00,66.6,90,0.7,1012.3
2026-08-20T05:00,66.1,91,0.4,1012.6
2026-08-20T06:00,65.7,93,1.4,1012.7
2026-08-20T07:00,66.8,93,2.9,1013.4
2026-08-20T08:00,67.8,93,1.2,1014.3
2026-08-20T09:00,70.7,86,1.0,1014.1
2026-08-20T10:00,73.8,76,2.0,1014.0
2026-08-20T11:00,76.7,63,2.5,1013.9
2026-08-20T12:00,78.4,56,3.2,1013.9
2026-08-20T13:00,77.5,55,3.9,1014.3
2026-08-20T14:00,76.0,59,5.3,1014.7
2026-08-20T15:00,73.9,69,4.6,1014.8
2026-08-20T16:00,73.0,69,4.1,1014.2
2026-08-20T17:00,70.5,70,5.9,1014.4
2026-08-20T18:00,67.0,85,4.7,1014.6
2026-08-20T19:00,65.1,90,1.3,1014.3
2026-08-20T20:00,64.0,88,0.9,1015.8
2026-08-20T21:00,63.2,94,2.4,1016.0
2026-08-20T22:00,62.0,96,3.1,1016.2
2026-08-20T23:00,61.1,97,1.3,1016.1
2026-08-21T00:00,61.0,95,3.7,1016.2
2026-08-21T01:00,60.7,94,5.1,1016.5
2026-08-21T02:00,58.4,96,5.4,1016.5
2026-08-21T03:00,58.5,96,4.9,1016.2
2026-08-21T04:00,58.2,97,5.6,1016.4
2026-08-21T05:00,58.1,97,6.0,1016.8
2026-08-21T06:00,58.0,97,6.1,1017.3
2026-08-21T07:00,58.9,97,6.1,1018.0
2026-08-21T08:00,61.1,96,4.9,1018.5
2026-08-21T09:00,64.2,91,5.6,1018.6
2026-08-21T10:00,67.7,80,6.5,1018.5
2026-08-21T11:00,71.3,69,6.8,1018.0
2026-08-21T12:00,74.1,64,6.1,1017.7
2026-08-21T13:00,76.4,58,5.3,1017.1
2026-08-21T14:00,77.3,57,4.6,1017.2
2026-08-21T15:00,78.3,55,4.3,1016.6
2026-08-21T16:00,78.9,52,4.1,1016.0
2026-08-21T17:00,78.1,53,5.1,1015.7
2026-08-21T18:00,76.8,58,5.3,1015.7
2026-08-21T19:00,73.7,64,4.9,1015.5
2026-08-21T20:00,71.8,66,5.5,1016.1
2026-08-21T21:00,69.5,61,6.3,1016.7
2026-08-21T22:00,67.8,62,5.5,1016.6
2026-08-21T23:00,66.2,68,3.5,1016.6
2026-08-22T00:00,64.3,78,2.1,1016.8
2026-08-22T01:00,63.6,85,2.2,1016.8
2026-08-22T02:00,61.7,90,1.0,1016.8
2026-08-22T03:00,61.9,91,0.6,1016.7
2026-08-22T04:00,61.7,90,0.1,1016.5
2026-08-22T05:00,61.2,91,0.5,1016.3
2026-08-22T06:00,60.4,93,0.1,1016.3
2026-08-22T07:00,61.4,94,0.5,1016.5
2026-08-22T08:00,64.1,94,1.2,1016.9
2026-08-22T09:00,67.6,85,2.2,1016.8
2026-08-22T10:00,70.4,81,1.8,1016.4
2026-08-22T11:00,73.0,74,2.0,1015.9
2026-08-22T12:00,73.9,72,3.3,1015.2
2026-08-22T13:00,75.4,70,3.2,1014.2
2026-08-22T14:00,77.3,63,3.6,1014.1
2026-08-22T15:00,78.0,60,5.8,1013.4
2026-08-22T16:00,77.0,63,6.7,1012.9
2026-08-22T17:00,75.7,66,7.6,1012.8
2026-08-22T18:00,73.5,73,8.5,1012.4
2026-08-22T19:00,71.6,79,7.8,1011.8
2026-08-22T20:00,69.3,91,8.2,1011.9
2026-08-22T21:00,68.1,91,9.5,1012.0
2026-08-22T22:00,67.2,91,10.0,1012.1
2026-08-22T23:00,66.7,91,9.3,1011.7
2026-08-23T00:00,66.2,92,8.0,1011.7
2026-08-23T01:00,65.9,94,7.1,1011.6
2026-08-23T02:00,67.1,94,7.9,1010.1
2026-08-23T03:00,67.7,92,7.5,1009.6
2026-08-23T04:00,67.6,91,6.8,1008.7
2026-08-23T05:00,66.2,94,6.0,1008.3
2026-08-23T06:00,66.3,95,8.0,1007.8
2026-08-23T07:00,66.7,94,8.5,1007.9
2026-08-23T08:00,66.4,96,7.0,1007.8
2026-08-23T09:00,68.3,95,8.2,1007.8
2026-08-23T10:00,71.0,89,9.5,1007.8
2026-08-23T11:00,73.9,80,9.1,1007.2
2026-08-23T12:00,76.6,74,9.5,1006.6
2026-08-23T13:00,77.6,69,10.7,1006.0
2026-08-23T14:00,78.7,68,9.4,1006.0
2026-08-23T15:00,79.3,63,8.6,1005.3
2026-08-23T16:00,79.4,58,9.4,1005.3
2026-08-23T17:00,75.6,73,10.0,1005.7
2026-08-23T18:00,75.0,73,8.7,1005.9
2026-08-23T19:00,73.3,77,7.7,1006.2
2026-08-23T20:00,69.7,82,1.3,1007.0
2026-08-23T21:00,71.9,74,1.1,1008.1
2026-08-23T22:00,70.3,76,1.4,1008.6
2026-08-23T23:00,69.2,79,1.7,1009.0
2026-08-24T00:00,67.9,81,1.5,1009.2
2026-08-24T01:00,65.6,85,2.6,1009.0
2026-08-24T02:00,63.4,88,1.8,1009.4
2026-08-24T03:00,63.1,88,2.0,1009.6
2026-08-24T04:00,62.7,87,1.4,1009.9
2026-08-24T05:00,61.0,91,1.3,1010.0
2026-08-24T06:00,59.8,94,3.2,1010.2
2026-08-24T07:00,61.3,94,5.4,1010.5
2026-08-24T08:00,63.2,95,7.3,1010.5
2026-08-24T09:00,64.4,90,8.7,1011.0
2026-08-24T10:00,67.7,84,7.5,1011.1
2026-08-24T11:00,71.1,66,9.0,1010.9
2026-08-24T12:00,72.1,60,9.6,1010.7
2026-08-24T13:00,72.9,61,8.0,1010.6
2026-08-24T14:00,75.4,51,6.5,1010.2
2026-08-24T15:00,76.9,42,7.0,1010.0
2026-08-24T16:00,77.4,39,8.3,1009.7
2026-08-24T17:00,75.0,48,6.6,1010.1
2026-08-24T18:00,74.3,50,5.8,1010.5
2026-08-24T19:00,71.6,62,3.1,1010.8
2026-08-24T20:00,69.0,68,3.4,1011.3
2026-08-24T21:00,67.8,69,3.4,1011.9
2026-08-24T22:00,66.2,73,3.4,1012.4
2026-08-24T23:00,65.4,75,1.1,1012.5
2026-08-25T00:00,64.4,76,2.2,1012.7
2026-08-25T01:00,63.9,76,3.9,1012.5
2026-08-25T02:00,62.9,80,4.1,1012.0
2026-08-25T03:00,62.6,81,4.4,1012.0
2026-08-25T04:00,61.2,87,4.2,1012.1
2026-08-25T05:00,60.4,91,4.5,1012.2
2026-08-25T06:00,60.0,93,4.6,1012.6
2026-08-25T07:00,61.2,91,4.8,1013.1
2026-08-25T08:00,62.6,92,3.4,1013.1
2026-08-25T09:00,65.2,86,2.7,1013.2
2026-08-25T10:00,68.6,77,5.0,1013.4
2026-08-25T11:00,71.3,70,7.2,1013.3
2026-08-25T12:00,72.1,67,7.1,1013.2
2026-08-25T13:00,71.6,69,8.3,1012.5
2026-08-25T14:00,71.8,75,4.2,1013.0
2026-08-25T15:00,74.6,66,6.4,1012.3
2026-08-25T16:00,75.7,60,6.7,1012.0
2026-08-25T17:00,75.0,59,7.5,1012.0
2026-08-25T18:00,73.6,64,7.6,1012.5
2026-08-25T19:00,71.1,72,5.0,1012.7
2026-08-25T20:00,68.4,84,6.0,1013.4
2026-08-25T21:00,67.7,86,5.4,1014.3
2026-08-25T22:00,66.3,87,5.3,1014.9
2026-08-25T23:00,64.7,90,4.5,1015.1
2026-08-26T00:00,63.7,92,3.9,1015.4
2026-08-26T01:00,63.0,93,3.9,1015.5
2026-08-26T02:00,61.6,95,3.1,1015.7
2026-08-26T03:00,61.2,95,2.8,1015.7
2026-08-26T04:00,61.0,94,2.0,1016.0
2026-08-26T05:00,60.6,94,2.2,1015.9
2026-08-26T06:00,60.3,94,1.1,1016.1
2026-08-26T07:00,61.2,95,1.4,1016.6
2026-08-26T08:00,63.1,91,0.7,1017.5
2026-08-26T09:00,65.7,88,0.8,1017.6
2026-08-26T10:00,68.9,80,1.5,1017.5
2026-08-26T11:00,72.0,71,2.1,1017.2
2026-08-26T12:00,74.7,63,2.8,1016.7
2026-08-26T13:00,76.9,56,2.2,1015.9
2026-08-26T14:00,77.3,54,2.3,1016.0
2026-08-26T15:00,77.1,55,3.4,1015.9
2026-08-26T16:00,77.5,53,3.8,1015.4
2026-08-26T17:00,77.4,54,3.0,1015.0
2026-08-26T18:00,76.6,56,2.9,1014.8
2026-08-26T19:00,73.7,70,3.5,1014.7
2026-08-26T20:00,70.9,75,3.3,1014.8
2026-08-26T21:00,70.3,74,3.6,1015.2
2026-08-26T22:00,69.2,74,4.5,1015.0
2026-08-26T23:00,68.8,74,5.9,1015.1
2026-08-27T00:00,68.2,72,6.8,1015.2
2026-08-27T01:00,68.3,69,8.2,1014.9
2026-08-27T02:00,66.0,74,8.9,1015.0
2026-08-27T03:00,66.2,79,8.9,1014.7
2026-08-27T04:00,66.5,82,9.4,1014.4
2026-08-27T05:00,66.4,85,9.4,1014.1
2026-08-27T06:00,66.5,88,9.7,1013.8
2026-08-27T07:00,67.4,88,10.2,1014.0
2026-08-27T08:00,70.0,85,10.6,1014.3
2026-08-27T09:00,72.5,81,11.2,1014.2
2026-08-27T10:00,74.8,77,11.1,1014.0
2026-08-27T11:00,76.3,73,13.9,1013.3
2026-08-27T12:00,78.9,66,16.9,1012.7
2026-08-27T13:00,79.3,69,15.4,1012.3
2026-08-27T14:00,80.5,66,13.7,1012.4
2026-08-27T15:00,80.5,67,13.2,1011.9
2026-08-27T16:00,75.0,77,16.8,1012.1
2026-08-27T17:00,71.5,91,12.4,1012.5
2026-08-27T18:00,73.1,87,11.6,1011.9
2026-08-27T19:00,72.8,87,11.5,1011.9
2026-08-27T20:00,72.0,94,12.5,1011.9
2026-08-27T21:00,71.1,94,9.8,1012.9
2026-08-27T22:00,70.3,95,9.7,1012.8
2026-08-27T23:00,70.0,96,10.3,1012.7
2026-08-28T00:00,69.5,98,7.8,1013.0
2026-08-28T01:00,69.2,98,8.4,1012.6
2026-08-28T02:00,69.2,99,5.7,1012.6
2026-08-28T03:00,69.1,99,5.3,1012.3
2026-08-28T04:00,68.1,99,2.1,1011.9
2026-08-28T05:00,68.1,100,2.2,1012.2
2026-08-28T06:00,68.6,100,2.7,1012.7
2026-08-28T07:00,68.5,99,3.3,1013.9
2026-08-28T08:00,68.6,97,1.6,1014.6
2026-08-28T09:00,70.0,93,3.3,1015.1
2026-08-28T10:00,71.3,88,4.5,1015.3
2026-08-28T11:00,73.4,79,7.1,1015.4
2026-08-28T12:00,75.6,71,6.7,1015.2
2026-08-28T13:00,77.2,63,6.4,1014.6
2026-08-28T14:00,78.9,55,7.9,1014.7
2026-08-28T15:00,78.5,56,8.3,1014.6
2026-08-28T16:00,77.8,56,9.1,1014.5
2026-08-28T17:00,76.2,58,9.4,1014.7
2026-08-28T18:00,74.1,62,9.6,1014.9
2026-08-28T19:00,70.7,65,8.4,1015.4
2026-08-28T20:00,69.3,68,7.3,1016.0
2026-08-28T21:00,67.5,69,8.5,1017.0
2026-08-28T22:00,65.7,71,7.8,1017.8
2026-08-28T23:00,64.0,74,6.9,1018.0
2026-08-29T00:00,62.6,78,5.8,1018.4
2026-08-29T01:00,61.2,82,4.3,1019.1
2026-08-29T02:00,58.8,85,4.0,1019.5
2026-08-29T03:00,57.9,86,3.7,1019.9
2026-08-29T04:00,56.8,87,3.0,1020.3
2026-08-29T05:00,56.3,88,2.8,1020.7
2026-08-29T06:00,55.7,88,2.2,1021.1
2026-08-29T07:00,57.0,87,1.6,1021.7
2026-08-29T08:00,59.5,83,1.3,1022.5
2026-08-29T09:00,62.3,78,1.9,1022.7
2026-08-29T10:00,65.4,71,1.8,1022.6
2026-08-29T11:00,68.4,61,2.4,1022.5
2026-08-29T12:00,70.6,56,3.0,1022.2
2026-08-29T13:00,72.5,52,4.1,1021.5
2026-08-29T14:00,74.5,46,4.3,1021.1
2026-08-29T15:00,75.0,46,4.0,1020.9
2026-08-29T16:00,75.6,45,4.0,1020.1
2026-08-29T17:00,75.3,46,2.9,1019.4
2026-08-29T18:00,74.6,50,2.7,1019.0
2026-08-29T19:00,72.0,67,1.0,1018.9
2026-08-29T20:00,69.3,65,0.6,1018.8
2026-08-29T21:00,67.8,69,1.5,1019.5
2026-08-29T22:00,66.6,68,4.7,1019.6
2026-08-29T23:00,65.9,67,6.3,1019.3
2026-08-30T00:00,65.0,71,6.3,1019.3
2026-08-30T01:00,64.8,73,6.7,1019.3
2026-08-30T02:00,62.9,78,6.6,1019.6
2026-08-30T03:00,63.7,78,6.5,1019.4
2026-08-30T04:00,63.6,79,6.9,1019.3
2026-08-30T05:00,63.3,78,7.1,1019.2
2026-08-30T06:00,63.0,77,7.4,1019.0
2026-08-30T07:00,63.0,77,7.7,1018.8
2026-08-30T08:00,65.6,79,7.4,1019.1
2026-08-30T09:00,68.7,74,7.0,1019.0
2026-08-30T10:00,72.4,67,7.1,1018.3
2026-08-30T11:00,74.9,61,6.8,1017.6
2026-08-30T12:00,76.5,57,5.6,1017.3
2026-08-30T13:00,77.4,58,4.4,1016.6
2026-08-30T14:00,78.2,58,7.2,1016.5
2026-08-30T15:00,76.8,64,4.5,1016.0
2026-08-30T16:00,77.0,63,3.8,1015.4
2026-08-30T17:00,75.1,70,3.9,1015.3
2026-08-30T18:00,72.9,81,1.9,1015.2
2026-08-30T19:00,72.6,77,5.1,1014.9
2026-08-30T20:00,69.1,88,5.2,1015.7
2026-08-30T21:00,68.7,85,7.0,1016.9
2026-08-30T22:00,67.5,87,5.5,1017.2
2026-08-30T23:00,66.2,90,4.1,1017.3
2026-08-31T00:00,65.9,92,4.8,1017.4
2026-08-31T01:00,65.2,94,3.8,1017.5
2026-08-31T02:00,63.9,95,2.3,1017.3
2026-08-31T03:00,64.3,95,2.3,1017.4
2026-08-31T04:00,63.8,97,2.7,1017.5
2026-08-31T05:00,63.7,97,3.6,1017.4
2026-08-31T06:00,62.4,98,1.9,1017.8
2026-08-31T07:00,62.7,100,1.7,1018.0
2026-08-31T08:00,65.3,95,1.5,1018.9
2026-08-31T09:00,68.3,86,1.6,1018.9
2026-08-31T10:00,71.3,75,1.1,1018.6
2026-08-31T11:00,72.9,72,3.3,1018.8
2026-08-31T12:00,73.8,70,3.6,1018.6
2026-08-31T13:00,74.3,68,4.4,1017.9
2026-08-31T14:00,75.1,66,4.3,1017.6
2026-08-31T15:00,75.6,67,4.8,1017.3
2026-08-31T16:00,76.4,65,3.2,1016.4
2026-08-31T17:00,76.5,65,3.3,1016.3
2026-08-31T18:00,74.8,70,3.7,1015.9
2026-08-31T19:00,73.6,75,2.4,1015.4
2026-08-31T20:00,69.7,88,2.3,1015.8
2026-08-31T21:00,69.7,86,2.2,1015.9
2026-08-31T22:00,69.4,86,3.2,1015.8
2026-08-31T23:00,70.2,84,3.9,1015.6
2026-09-01T00:00,70.1,86,4.7,1015.2
2026-09-01T01:00,69.8,88,4.7,1015.2
2026-09-01T02:00,68.4,92,4.2,1014.8
2026-09-01T03:00,68.7,91,4.6,1014.2
2026-09-01T04:00,68.3,93,5.1,1014.2
2026-09-01T05:00,69.5,91,5.5,1013.5
2026-09-01T06:00,69.2,94,5.2,1013.1
2026-09-01T07:00,68.7,97,5.0,1013.6
2026-09-01T08:00,68.3,97,3.0,1013.7
2026-09-01T09:00,69.7,96,2.3,1013.4
2026-09-01T10:00,70.4,95,4.6,1013.3
2026-09-01T11:00,71.0,96,5.8,1013.1
2026-09-01T12:00,72.5,93,5.0,1012.8
2026-09-01T13:00,73.3,91,5.6,1012.5
2026-09-01T14:00,73.9,87,3.9,1013.2
2026-09-01T15:00,74.9,83,4.9,1013.1
2026-09-01T16:00,75.0,82,5.3,1013.1
2026-09-01T17:00,73.8,84,5.4,1013.1
2026-09-01T18:00,73.0,81,5.1,1013.4
2026-09-01T19:00,71.7,82,4.4,1013.5
2026-09-01T20:00,69.0,91,6.4,1014.4
2026-09-01T21:00,67.8,91,6.6,1015.2
2026-09-01T22:00,66.9,92,5.9,1015.5
2026-09-01T23:00,66.4,91,5.3,1015.6
2026-09-02T00:00,65.8,90,4.9,1016.0
2026-09-02T01:00,65.5,90,5.8,1016.7
2026-09-02T02:00,65.3,91,5.0,1017.6
2026-09-02T03:00,65.4,89,6.3,1017.2
2026-09-02T04:00,65.2,87,6.3,1016.9
2026-09-02T05:00,64.4,88,6.2,1017.7
2026-09-02T06:00,64.3,88,7.5,1017.5
2026-09-02T07:00,64.8,87,7.1,1017.9
2026-09-02T08:00,64.9,87,7.9,1017.7
2026-09-02T09:00,66.1,84,8.0,1018.7
2026-09-02T10:00,66.7,82,8.9,1018.4
2026-09-02T11:00,69.5,76,9.1,1018.5
2026-09-02T12:00,71.5,73,10.1,1018.1
2026-09-02T13:00,73.2,70,12.7,1017.4
2026-09-02T14:00,70.5,72,11.0,1017.7
2026-09-02T15:00,72.8,72,10.6,1017.3
2026-09-02T16:00,73.6,71,11.9,1016.8
2026-09-02T17:00,71.1,76,11.1,1016.3
2026-09-02T18:00,71.0,79,11.2,1015.9
2026-09-02T19:00,70.1,83,10.7,1015.6
2026-09-02T20:00,69.2,80,11.1,1014.9
2026-09-02T21:00,69.0,78,11.8,1016.0
2026-09-02T22:00,68.4,71,13.4,1015.5
2026-09-02T23:00,67.3,76,13.2,1014.6
2026-09-03T00:00,65.1,91,15.2,1014.1
2026-09-03T01:00,65.3,94,15.9,1012.8
2026-09-03T02:00,65.9,96,14.1,1012.7
2026-09-03T03:00,66.6,96,11.2,1012.8
2026-09-03T04:00,66.8,97,10.4,1012.5
2026-09-03T05:00,67.1,98,10.2,1012.1
2026-09-03T06:00,67.0,98,9.1,1012.1
2026-09-03T07:00,67.2,98,8.4,1012.3
2026-09-03T08:00,67.5,98,8.5,1012.4
2026-09-03T09:00,69.3,94,7.7,1011.7
2026-09-03T10:00,72.1,88,6.8,1011.7
2026-09-03T11:00,74.7,83,5.0,1011.5
2026-09-03T12:00,76.2,81,4.7,1011.4
2026-09-03T13:00,77.5,78,6.2,1010.5
2026-09-03T14:00,79.2,77,4.0,1010.7
2026-09-03T15:00,80.2,74,4.6,1010.1
2026-09-03T16:00,81.4,68,5.8,1009.5
2026-09-03T17:00,81.0,65,6.7,1009.4
2026-09-03T18:00,79.6,69,5.8,1009.3
2026-09-03T19:00,76.5,74,5.5,1010.0
2026-09-03T20:00,74.7,76,5.9,1010.1
2026-09-03T21:00,74.1,76,4.4,1010.1
2026-09-03T22:00,72.6,79,2.6,1010.2
2026-09-03T23:00,71.7,79,1.1,1010.0
2026-09-04T00:00,70.9,80,0.8,1009.7
2026-09-04T01:00,69.8,82,0.8,1009.5
2026-09-04T02:00,69.3,83,2.5,1009.0
2026-09-04T03:00,68.4,86,0.9,1008.7
2026-09-04T04:00,67.9,88,2.6,1008.4
2026-09-04T05:00,66.8,90,4.5,1008.8
2026-09-04T06:00,65.8,91,4.3,1009.1
2026-09-04T07:00,65.9,90,3.8,1009.5
2026-09-04T08:00,67.6,93,4.9,1010.3
2026-09-04T09:00,70.4,88,4.6,1010.3
2026-09-04T10:00,73.6,79,5.6,1010.1
2026-09-04T11:00,75.4,69,8.2,1010.0
2026-09-04T12:00,76.9,63,8.0,1009.7
2026-09-04T13:00,78.5,56,8.2,1009.0
2026-09-04T14:00,79.7,50,9.3,1009.2
2026-09-04T15:00,80.1,50,9.5,1008.7
2026-09-04T16:00,79.4,50,9.1,1008.3
2026-09-04T17:00,78.4,55,8.9,1008.3
2026-09-04T18:00,76.0,63,9.1,1008.3
2026-09-04T19:00,72.7,67,9.4,1008.4
2026-09-04T20:00,71.2,69,9.0,1008.8
2026-09-04T21:00,70.2,68,7.9,1009.4
2026-09-04T22:00,68.6,73,7.0,1009.2
2026-09-04T23:00,67.2,80,5.5,1009.2
2026-09-05T00:00,65.9,85,5.1,1009.6
2026-09-05T01:00,64.2,90,2.8,1009.4
2026-09-05T02:00,63.0,91,2.1,1009.0
2026-09-05T03:00,63.0,92,2.9,1008.7
2026-09-05T04:00,62.7,94,3.8,1008.5
2026-09-05T05:00,62.1,95,4.6,1008.3
2026-09-05T06:00,61.6,96,4.7,1008.5
2026-09-05T07:00,61.8,96,4.0,1009.1
2026-09-05T08:00,63.9,92,4.0,1009.8
2026-09-05T09:00,66.8,83,5.9,1010.1
2026-09-05T10:00,69.1,76,7.5,1009.8
2026-09-05T11:00,70.9,71,9.1,1009.5
2026-09-05T12:00,72.0,71,9.5,1009.4
2026-09-05T13:00,73.7,67,8.6,1008.9
2026-09-05T14:00,74.6,64,8.7,1009.3
2026-09-05T15:00,74.7,57,8.9,1009.1
2026-09-05T16:00,74.7,56,8.5,1008.9
2026-09-05T17:00,74.1,59,8.4,1009.0
2026-09-05T18:00,72.6,64,7.2,1009.2
2026-09-05T19:00,70.0,70,6.0,1009.5
2026-09-05T20:00,67.4,80,6.3,1010.3
2026-09-05T21:00,67.2,81,6.9,1010.7
2026-09-05T22:00,65.6,86,6.4,1010.8
2026-09-05T23:00,64.1,90,5.5,1011.4
2026-09-06T00:00,63.5,92,4.8,1011.7
2026-09-06T01:00,62.7,94,2.8,1011.7
2026-09-06T02:00,61.1,97,2.7,1011.8
2026-09-06T03:00,61.7,97,1.0,1011.5
2026-09-06T04:00,61.1,98,3.7,1011.8
2026-09-06T05:00,59.9,99,2.8,1012.1
2026-09-06T06:00,59.2,99,5.9,1012.6
2026-09-06T07:00,59.9,98,7.8,1013.4
2026-09-06T08:00,60.7,96,8.4,1014.3
2026-09-06T09:00,62.4,89,8.4,1014.5
2026-09-06T10:00,64.5,81,9.6,1014.7
2026-09-06T11:00,66.0,76,9.1,1014.9
2026-09-06T12:00,67.1,72,9.3,1014.6
2026-09-06T13:00,67.8,69,9.7,1014.3
2026-09-06T14:00,70.0,63,9.9,1014.3
2026-09-06T15:00,70.9,57,10.4,1014.2
2026-09-06T16:00,70.6,55,10.2,1013.9
2026-09-06T17:00,70.3,54,8.6,1013.9
2026-09-06T18:00,68.9,59,6.7,1014.0
2026-09-06T19:00,65.8,62,5.5,1014.2
2026-09-06T20:00,63.1,62,5.8,1015.0
2026-09-06T21:00,62.2,62,5.8,1015.6
2026-09-06T22:00,60.6,66,4.7,1015.8
2026-09-06T23:00,59.5,71,4.8,1016.4
2026-09-07T00:00,58.2,78,3.1,1016.7
2026-09-07T01:00,57.7,80,0.8,1017.1
2026-09-07T02:00,55.4,83,0.4,1017.4
2026-09-07T03:00,55.5,83,0.8,1017.3
2026-09-07T04:00,55.1,84,0.3,1017.4
2026-09-07T05:00,55.1,83,0.6,1017.5
2026-09-07T06:00,55.0,82,0.6,1018.2
2026-09-07T07:00,55.3,83,2.3,1018.9
2026-09-07T08:00,58.4,79,1.1,1019.6
2026-09-07T09:00,61.7,75,2.5,1019.5
2026-09-07T10:00,65.0,70,2.6,1019.3
2026-09-07T11:00,68.4,65,2.3,1019.2
2026-09-07T12:00,71.7,62,2.0,1018.6
2026-09-07T13:00,74.5,58,3.7,1018.1
2026-09-07T14:00,77.6,43,4.1,1017.6
2026-09-07T15:00,77.7,43,3.5,1017.1
2026-09-07T16:00,78.5,42,5.4,1016.7
2026-09-07T17:00,77.4,44,8.1,1017.1
2026-09-07T18:00,73.9,58,9.3,1017.8
2026-09-07T19:00,70.6,62,8.6,1018.1
2026-09-07T20:00,68.4,70,4.0,1018.6
2026-09-07T21:00,66.6,70,3.8,1019.4
2026-09-07T22:00,64.7,74,3.4,1019.9
2026-09-07T23:00,63.0,77,3.6,1020.1
2026-09-08T00:00,62.3,79,2.5,1020.5
2026-09-08T01:00,62.3,77,0.8,1020.4
2026-09-08T02:00,59.4,82,1.6,1021.0
2026-09-08T03:00,60.1,80,0.6,1020.9
2026-09-08T04:00,59.5,80,0.4,1020.7
2026-09-08T05:00,59.1,80,0.1,1021.1
2026-09-08T06:00,59.0,79,0.7,1021.8
2026-09-08T07:00,59.0,80,0.3,1021.8
2026-09-08T08:00,61.2,81,1.2,1022.4
2026-09-08T09:00,64.1,75,1.4,1022.6
2026-09-08T10:00,67.5,69,1.1,1022.3
2026-09-08T11:00,70.8,64,2.2,1022.0
2026-09-08T12:00,73.7,60,4.6,1021.7
2026-09-08T13:00,75.8,55,4.8,1021.1
2026-09-08T14:00,77.4,52,4.1,1020.7
2026-09-08T15:00,77.8,53,3.5,1020.9
2026-09-08T16:00,77.6,54,2.1,1020.6
2026-09-08T17:00,77.1,56,1.3,1020.4
2026-09-08T18:00,76.2,61,0.9,1020.5
2026-09-08T19:00,73.1,75,2.0,1020.8
2026-09-08T20:00,68.7,88,4.1,1021.2
2026-09-08T21:00,68.7,84,3.9,1021.6
2026-09-08T22:00,69.1,85,1.9,1021.7
2026-09-08T23:00,68.0,87,1.8,1021.4
2026-09-09T00:00,66.9,88,2.7,1021.6
2026-09-09T01:00,66.7,87,1.8,1021.5
2026-09-09T02:00,64.4,91,0.8,1021.4
2026-09-09T03:00,63.9,92,0.9,1021.3
2026-09-09T04:00,62.9,95,2.7,1021.3
2026-09-09T05:00,62.7,94,4.2,1021.2
2026-09-09T06:00,64.0,84,6.2,1020.8
2026-09-09T07:00,64.8,79,6.8,1021.0
2026-09-09T08:00,66.2,75,8.4,1021.2
2026-09-09T09:00,70.2,70,10.0,1020.3
2026-09-09T10:00,73.4,66,9.6,1019.6
2026-09-09T11:00,74.1,66,10.4,1018.8
2026-09-09T12:00,76.5,64,11.0,1018.0
2026-09-09T13:00,77.0,67,12.0,1016.8
2026-09-09T14:00,79.3,64,12.2,1016.2
2026-09-09T15:00,75.9,75,11.2,1015.3
2026-09-09T16:00,76.5,77,11.2,1014.4
2026-09-09T17:00,72.0,93,10.9,1013.5
2026-09-09T18:00,71.7,94,13.8,1012.4
2026-09-09T19:00,71.4,95,12.4,1012.0
2026-09-09T20:00,71.7,94,13.6,1011.3
2026-09-09T21:00,71.8,94,14.0,1010.5
2026-09-09T22:00,71.4,93,12.7,1009.9
2026-09-09T23:00,71.6,93,14.7,1008.6
2026-09-10T00:00,71.1,91,16.1,1007.9
2026-09-10T01:00,70.4,93,11.0,1008.0
2026-09-10T02:00,70.6,95,6.6,1007.9
2026-09-10T03:00,69.7,98,8.4,1008.1
2026-09-10T04:00,69.4,98,8.7,1007.9
2026-09-10T05:00,69.3,98,6.5,1008.1
2026-09-10T06:00,68.7,98,3.8,1008.3
2026-09-10T07:00,68.6,98,4.5,1008.4
2026-09-10T08:00,71.1,96,5.1,1008.8
2026-09-10T09:00,73.4,90,6.0,1008.7
2026-09-10T10:00,74.9,83,8.8,1008.7
2026-09-10T11:00,76.9,74,9.0,1008.7
2026-09-10T12:00,78.1,67,11.0,1008.7
2026-09-10T13:00,78.8,59,12.0,1008.6
2026-09-10T14:00,80.1,54,11.9,1008.1
2026-09-10T15:00,79.7,53,12.6,1008.2
2026-09-10T16:00,78.6,54,12.5,1008.1
2026-09-10T17:00,76.9,56,11.4,1008.0
2026-09-10T18:00,74.4,58,10.0,1008.1
2026-09-10T19:00,71.4,59,9.0,1008.6
2026-09-10T20:00,69.5,61,7.7,1009.3
2026-09-10T21:00,68.4,64,7.0,1010.3
2026-09-10T22:00,66.6,71,4.3,1010.6
2026-09-10T23:00,65.3,75,3.6,1010.2
2026-09-11T00:00,65.0,76,3.9,1010.5
2026-09-11T01:00,64.3,78,4.1,1010.6
2026-09-11T02:00,63.0,81,4.1,1010.9
2026-09-11T03:00,63.4,80,6.4,1011.2
2026-09-11T04:00,62.4,81,7.1,1011.6
2026-09-11T05:00,60.8,84,5.8,1011.9
2026-09-11T06:00,58.5,89,4.5,1012.3
2026-09-11T07:00,58.1,90,3.2,1013.0
2026-09-11T08:00,60.5,85,2.8,1013.8
2026-09-11T09:00,63.1,80,3.6,1014.2
2026-09-11T10:00,65.8,68,4.7,1014.5
2026-09-11T11:00,67.6,62,5.3,1014.6
2026-09-11T12:00,69.3,57,6.0,1014.2
2026-09-11T13:00,70.3,55,7.4,1014.1
2026-09-11T14:00,72.1,52,7.3,1014.1
2026-09-11T15:00,72.3,52,6.8,1013.8
2026-09-11T16:00,72.5,53,6.8,1013.4
2026-09-11T17:00,71.9,55,7.5,1013.3
2026-09-11T18:00,70.2,62,6.5,1013.5
2026-09-11T19:00,66.9,68,6.2,1013.8
2026-09-11T20:00,65.4,68,6.1,1014.4
2026-09-11T21:00,64.0,69,5.7,1015.2
2026-09-11T22:00,62.1,73,4.0,1015.7
2026-09-11T23:00,60.3,79,3.0,1016.3
2026-09-12T00:00,59.5,82,1.6,1016.7
2026-09-12T01:00,58.9,83,1.2,1016.9
2026-09-12T02:00,55.1,92,2.8,1017.3
2026-09-12T03:00,55.1,90,2.8,1017.3
2026-09-12T04:00,54.4,89,2.6,1017.5
2026-09-12T05:00,54.4,88,1.0,1017.7
2026-09-12T06:00,53.8,90,0.2,1017.8
2026-09-12T07:00,52.8,95,1.7,1018.6
2026-09-12T08:00,55.5,90,2.1,1019.3
2026-09-12T09:00,59.4,82,3.0,1019.2
2026-09-12T10:00,63.9,73,4.1,1018.7
2026-09-12T11:00,67.9,66,5.6,1018.1
2026-09-12T12:00,71.0,58,7.9,1017.7
2026-09-12T13:00,73.0,56,9.3,1017.2
2026-09-12T14:00,75.1,53,8.5,1016.8
2026-09-12T15:00,75.6,52,9.6,1016.4
2026-09-12T16:00,75.1,53,10.3,1015.6
2026-09-12T17:00,74.4,57,9.5,1015.1
2026-09-12T18:00,73.4,63,8.3,1014.8
2026-09-12T19:00,70.6,71,6.0,1014.4
2026-09-12T20:00,69.5,74,8.8,1014.8
2026-09-12T21:00,69.4,74,11.3,1015.1
2026-09-12T22:00,69.2,74,11.9,1015.2
2026-09-12T23:00,69.0,76,12.2,1015.0
2026-09-13T00:00,68.2,78,12.3,1014.6
2026-09-13T01:00,67.7,76,12.5,1014.1
2026-09-13T02:00,66.4,84,11.7,1013.7
2026-09-13T03:00,65.9,83,11.9,1013.4
2026-09-13T04:00,64.6,89,12.6,1013.3
2026-09-13T05:00,63.9,93,13.2,1012.7
2026-09-13T06:00,63.9,94,12.5,1012.3
2026-09-13T07:00,64.3,95,12.5,1012.0
2026-09-13T08:00,64.9,95,11.5,1012.0
2026-09-13T09:00,65.8,95,10.0,1012.1
2026-09-13T10:00,66.9,95,8.2,1011.7
2026-09-13T11:00,69.0,95,8.3,1011.7
2026-09-13T12:00,70.5,90,6.8,1011.1
2026-09-13T13:00,71.4,88,6.4,1009.9
2026-09-13T14:00,72.5,85,2.3,1009.9
2026-09-13T15:00,73.2,83,2.3,1009.2
2026-09-13T16:00,75.6,77,3.7,1008.3
2026-09-13T17:00,75.7,76,1.0,1007.7
2026-09-13T18:00,75.3,79,3.1,1007.0
2026-09-13T19:00,72.2,88,2.9,1007.1
2026-09-13T20:00,71.3,91,3.4,1007.8
2026-09-13T21:00,68.3,100,3.5,1009.9
2026-09-13T22:00,67.8,98,8.6,1009.5
2026-09-13T23:00,67.3,98,4.6,1009.0
2026-09-14T00:00,67.1,97,4.1,1009.1
2026-09-14T01:00,66.2,97,1.3,1009.5
2026-09-14T02:00,66.6,97,7.6,1010.0
2026-09-14T03:00,65.9,95,10.0,1010.5
2026-09-14T04:00,64.1,90,8.5,1011.2
2026-09-14T05:00,62.5,88,9.3,1012.2
2026-09-14T06:00,60.5,89,9.3,1013.0
2026-09-14T07:00,58.9,88,10.1,1013.6
2026-09-14T08:00,60.3,86,9.9,1014.8
2026-09-14T09:00,61.9,75,11.4,1015.8
2026-09-14T10:00,62.9,66,10.9,1016.6
2026-09-14T11:00,64.1,61,11.3,1017.3
2026-09-14T12:00,65.6,58,10.3,1017.3
2026-09-14T13:00,67.1,52,8.9,1017.3
2026-09-14T14:00,69.2,47,7.8,1017.3
2026-09-14T15:00,69.6,44,10.3,1017.3
2026-09-14T16:00,69.3,46,9.5,1017.5
2026-09-14T17:00,68.5,46,8.8,1018.1
2026-09-14T18:00,66.8,52,7.3,1019.1
2026-09-14T19:00,63.5,59,5.6,1019.5
2026-09-14T20:00,61.2,63,6.8,1020.6
2026-09-14T21:00,60.3,63,7.7,1021.7
2026-09-14T22:00,58.5,67,6.5,1022.4
2026-09-14T23:00,56.5,72,5.3,1022.5
2026-09-15T00:00,55.5,74,3.8,1022.6
2026-09-15T01:00,54.2,78,1.2,1023.5
2026-09-15T02:00,51.0,87,2.7,1024.6
2026-09-15T03:00,50.8,87,2.6,1025.0
2026-09-15T04:00,50.4,88,2.2,1025.4
2026-09-15T05:00,50.2,89,2.4,1025.8
2026-09-15T06:00,50.3,87,2.8,1026.2
2026-09-15T07:00,50.6,84,2.5,1026.7
2026-09-15T08:00,53.2,80,1.0,1028.1
2026-09-15T09:00,56.4,76,2.1,1028.2
2026-09-15T10:00,59.3,73,2.2,1028.2
2026-09-15T11:00,62.7,66,2.8,1027.6
2026-09-15T12:00,65.2,60,4.4,1027.1
2026-09-15T13:00,67.1,56,5.9,1026.3
2026-09-15T14:00,69.2,51,6.9,1026.0
2026-09-15T15:00,70.0,49,7.6,1025.6
2026-09-15T16:00,70.2,50,7.8,1025.0
2026-09-15T17:00,69.8,52,8.2,1024.6
2026-09-15T18:00,68.0,59,8.0,1024.5
2026-09-15T19:00,65.4,63,8.2,1024.0
2026-09-15T20:00,64.7,66,8.7,1024.1
2026-09-15T21:00,63.9,69,8.4,1024.5
2026-09-15T22:00,63.1,71,9.7,1024.4
2026-09-15T23:00,62.6,72,10.5,1024.4
2026-09-16T00:00,62.1,71,10.9,1024.6
2026-09-16T01:00,61.2,73,10.4,1025.1
2026-09-16T02:00,59.3,80,9.4,1025.4
2026-09-16T03:00,59.9,81,9.9,1025.1
2026-09-16T04:00,59.9,82,9.3,1025.0
2026-09-16T05:00,60.3,82,8.9,1024.5
2026-09-16T06:00,59.9,84,8.5,1024.8
2026-09-16T07:00,59.7,85,8.6,1025.0
2026-09-16T08:00,61.2,84,8.0,1025.1
2026-09-16T09:00,63.7,81,6.3,1025.7
2026-09-16T10:00,67.1,76,5.4,1025.6
2026-09-16T11:00,69.4,72,5.2,1025.3
2026-09-16T12:00,72.1,67,5.0,1024.7
2026-09-16T13:00,72.9,67,5.2,1024.0
2026-09-16T14:00,73.5,65,3.8,1024.2
2026-09-16T15:00,73.1,66,3.7,1023.8
2026-09-16T16:00,74.0,65,4.2,1023.4
2026-09-16T17:00,74.5,65,3.7,1023.0
2026-09-16T18:00,74.1,70,2.3,1022.9
2026-09-16T19:00,71.1,79,1.8,1022.8
2026-09-16T20:00,70.2,81,2.7,1023.4
2026-09-16T21:00,70.8,80,4.1,1023.5
2026-09-16T22:00,70.1,82,3.7,1023.5
2026-09-16T23:00,70.1,82,4.4,1023.5
2026-09-17T00:00,69.0,86,3.5,1023.4
2026-09-17T01:00,68.1,89,3.8,1023.5
2026-09-17T02:00,67.2,89,1.9,1022.9
2026-09-17T03:00,67.8,88,1.6,1022.7
2026-09-17T04:00,67.5,89,0.8,1022.5
2026-09-17T05:00,67.2,90,0.5,1022.3
2026-09-17T06:00,65.8,93,1.1,1022.1
2026-09-17T07:00,65.6,94,1.7,1022.1
2026-09-17T08:00,67.9,92,0.8,1022.4
2026-09-17T09:00,71.1,85,1.0,1021.5
2026-09-17T10:00,73.7,82,2.3,1021.4
2026-09-17T11:00,75.8,80,2.5,1021.0
2026-09-17T12:00,74.6,84,2.8,1020.4
2026-09-17T13:00,74.3,89,2.5,1019.5
2026-09-17T14:00,73.2,96,1.2,1018.8
2026-09-17T15:00,73.6,96,1.3,1018.2
2026-09-17T16:00,74.9,94,1.6,1017.1
2026-09-17T17:00,74.0,94,2.8,1016.6
2026-09-17T18:00,72.7,99,3.7,1016.7
2026-09-17T19:00,71.8,100,1.6,1016.5
2026-09-17T20:00,70.4,99,2.8,1016.9
2026-09-17T21:00,70.5,96,0.8,1016.8
2026-09-17T22:00,69.4,98,2.0,1016.8
2026-09-17T23:00,69.1,99,1.7,1016.4
2026-09-18T00:00,68.1,100,2.0,1016.2
2026-09-18T01:00,67.7,99,4.7,1016.1
2026-09-18T02:00,67.9,99,4.6,1016.1
2026-09-18T03:00,67.5,98,6.2,1015.7
2026-09-18T04:00,66.9,98,5.4,1015.8
2026-09-18T05:00,66.6,99,5.3,1016.0
2026-09-18T06:00,66.1,99,5.9,1016.1
2026-09-18T07:00,65.2,99,6.8,1016.8
2026-09-18T08:00,65.7,99,6.0,1017.7
2026-09-18T09:00,66.6,97,6.2,1017.9
2026-09-18T10:00,68.3,85,6.9,1018.0
2026-09-18T11:00,70.3,76,7.1,1017.8
2026-09-18T12:00,72.4,67,7.3,1017.3
2026-09-18T13:00,74.3,61,8.0,1016.9
2026-09-18T14:00,75.8,56,6.7,1016.5
2026-09-18T15:00,76.4,51,9.1,1016.2
2026-09-18T16:00,75.8,51,8.4,1016.0
2026-09-18T17:00,75.0,54,7.1,1016.2
2026-09-18T18:00,72.1,59,7.1,1016.5
2026-09-18T19:00,68.2,66,8.8,1017.2
2026-09-18T20:00,66.4,74,7.9,1017.9
2026-09-18T21:00,64.6,59,9.6,1018.8
2026-09-18T22:00,62.7,56,9.7,1019.4
2026-09-18T23:00,61.1,54,9.9,1020.0
2026-09-19T00:00,59.8,53,9.9,1020.3
2026-09-19T01:00,58.9,54,8.7,1020.3
2026-09-19T02:00,57.0,60,7.8,1020.8
2026-09-19T03:00,55.9,64,8.0,1020.8
2026-09-19T04:00,53.9,71,7.2,1020.5
2026-09-19T05:00,52.2,76,6.7,1020.9
2026-09-19T06:00,51.2,80,5.7,1021.1
2026-09-19T07:00,50.0,83,5.2,1021.8
2026-09-19T08:00,51.3,81,3.9,1022.7
2026-09-19T09:00,54.2,76,3.5,1022.8
2026-09-19T10:00,56.9,71,3.3,1022.7
2026-09-19T11:00,59.5,65,3.3,1022.3
2026-09-19T12:00,61.6,62,3.1,1021.4
2026-09-19T13:00,62.9,61,3.3,1021.1
2026-09-19T14:00,63.9,57,2.7,1021.0
2026-09-19T15:00,64.8,56,1.5,1020.3
2026-09-19T16:00,65.0,57,1.0,1019.5
2026-09-19T17:00,64.3,58,2.4,1019.5
2026-09-19T18:00,63.1,63,2.4,1019.2
2026-09-19T19:00,61.8,73,1.6,1019.1
2026-09-19T20:00,56.8,84,2.0,1019.1
2026-09-19T21:00,56.8,87,2.3,1019.3
2026-09-19T22:00,56.7,86,3.6,1019.3
2026-09-19T23:00,58.5,73,5.4,1019.4
2026-09-20T00:00,59.8,66,7.1,1019.0
2026-09-20T01:00,60.2,66,9.2,1018.1
2026-09-20T02:00,59.1,72,9.4,1018.1
2026-09-20T03:00,59.8,75,9.5,1017.6
2026-09-20T04:00,59.8,76,9.6,1016.6
2026-09-20T05:00,59.7,78,10.3,1016.0
2026-09-20T06:00,59.5,80,10.8,1015.7
2026-09-20T07:00,59.4,82,11.6,1015.5
2026-09-20T08:00,57.3,93,10.2,1016.2
2026-09-20T09:00,57.3,95,10.6,1016.0
2026-09-20T10:00,57.6,94,10.7,1015.4
2026-09-20T11:00,58.4,94,10.5,1014.5
2026-09-20T12:00,59.6,94,10.5,1013.9
2026-09-20T13:00,60.4,95,8.9,1013.3
2026-09-20T14:00,60.5,95,7.4,1013.3
2026-09-20T15:00,61.0,96,8.7,1012.6
2026-09-20T16:00,62.7,96,7.3,1012.2
2026-09-20T17:00,62.4,97,4.1,1012.0
2026-09-20T18:00,62.6,97,1.6,1011.9
2026-09-20T19:00,62.3,97,1.2,1012.1
2026-09-20T20:00,60.7,98,5.1,1013.2
2026-09-20T21:00,60.4,98,6.6,1013.9
2026-09-20T22:00,59.7,98,6.9,1014.2
2026-09-20T23:00,59.2,98,6.3,1014.4
2026-09-21T00:00,57.8,98,6.3,1014.9
2026-09-21T01:00,56.5,98,6.4,1015.2
2026-09-21T02:00,55.6,97,8.7,1015.7
2026-09-21T03:00,55.6,96,8.3,1015.7
2026-09-21T04:00,54.6,97,7.6,1016.0
2026-09-21T05:00,53.4,97,7.0,1016.3
2026-09-21T06:00,52.8,98,6.2,1016.9
2026-09-21T07:00,52.3,99,6.7,1017.4
2026-09-21T08:00,52.8,99,7.8,1018.8
2026-09-21T09:00,54.4,94,10.7,1019.6
2026-09-21T10:00,56.7,85,11.4,1020.1
2026-09-21T11:00,59.1,78,11.4,1020.3
2026-09-21T12:00,60.0,75,11.3,1020.1
2026-09-21T13:00,61.6,69,10.0,1019.9
2026-09-21T14:00,63.4,64,10.2,1019.9
2026-09-21T15:00,63.1,61,10.9,1019.7
2026-09-21T16:00,62.6,60,10.7,1019.6
2026-09-21T17:00,60.9,65,10.6,1019.8
2026-09-21T18:00,59.0,70,9.7,1020.0
2026-09-21T19:00,56.6,74,9.3,1020.5
2026-09-21T20:00,55.0,79,9.6,1021.2
2026-09-21T21:00,54.1,79,9.4,1021.7
2026-09-21T22:00,53.4,81,8.0,1022.0
2026-09-21T23:00,53.1,82,5.8,1022.4
2026-09-22T00:00,52.4,85,4.9,1022.8
2026-09-22T01:00,51.8,87,4.3,1023.1
2026-09-22T02:00,50.9,89,5.2,1023.6
2026-09-22T03:00,51.4,87,4.3,1023.6
2026-09-22T04:00,51.3,87,4.5,1023.4
2026-09-22T05:00,51.2,88,4.0,1024.1
2026-09-22T06:00,51.0,88,4.5,1024.3
2026-09-22T07:00,49.7,89,5.3,1025.2
2026-09-22T08:00,52.3,84,3.6,1026.0
2026-09-22T09:00,55.1,78,4.6,1026.3
2026-09-22T10:00,58.1,72,4.6,1026.3
2026-09-22T11:00,61.3,65,3.4,1026.2
2026-09-22T12:00,64.1,57,3.4,1026.0
2026-09-22T13:00,66.6,49,4.3,1025.7
2026-09-22T14:00,65.9,49,4.8,1026.2
2026-09-22T15:00,66.3,48,5.2,1026.1
2026-09-22T16:00,66.7,46,5.4,1025.6
2026-09-22T17:00,65.3,56,3.4,1025.8
2026-09-22T18:00,63.7,66,2.2,1026.1
2026-09-22T19:00,59.4,71,2.5,1026.5
2026-09-22T20:00,57.6,65,5.5,1027.6
2026-09-22T21:00,55.9,67,4.1,1028.3
2026-09-22T22:00,54.2,70,3.6,1028.8
2026-09-22T23:00,53.1,72,3.2,1029.1
2026-09-23T00:00,52.2,74,1.6,1029.3
2026-09-23T01:00,51.3,76,1.3,1029.5
2026-09-23T02:00,48.6,81,2.6,1030.4
2026-09-23T03:00,48.7,82,3.0,1030.5
2026-09-23T04:00,49.0,81,3.3,1030.6
2026-09-23T05:00,48.7,81,3.5,1031.0
2026-09-23T06:00,47.2,82,3.4,1031.3
2026-09-23T07:00,46.5,83,3.6,1031.8
2026-09-23T08:00,50.0,79,5.5,1032.7
2026-09-23T09:00,54.7,74,4.3,1032.8
2026-09-23T10:00,58.1,66,5.6,1032.8
2026-09-23T11:00,61.4,59,6.0,1032.8
2026-09-23T12:00,64.2,51,6.8,1032.4
2026-09-23T13:00,66.1,45,6.5,1031.6
2026-09-23T14:00,67.8,43,6.7,1031.5
2026-09-23T15:00,67.8,44,7.0,1030.8
2026-09-23T16:00,67.5,44,6.9,1030.5
2026-09-23T17:00,66.5,47,6.4,1030.4
2026-09-23T18:00,63.7,58,3.8,1030.5
2026-09-23T19:00,58.9,67,3.9,1030.5
2026-09-23T20:00,56.7,66,6.0,1031.1
2026-09-23T21:00,56.0,65,5.5,1031.5
2026-09-23T22:00,54.4,69,4.5,1031.5
2026-09-23T23:00,53.4,71,4.5,1031.4
2026-09-24T00:00,52.2,74,3.6,1031.6
2026-09-24T01:00,51.1,77,2.9,1031.5
2026-09-24T02:00,48.5,80,3.3,1031.6
2026-09-24T03:00,48.2,80,3.1,1031.4
2026-09-24T04:00,47.6,81,3.4,1030.9
2026-09-24T05:00,46.7,83,3.1,1030.8
2026-09-24T06:00,45.7,85,3.0,1030.9
2026-09-24T07:00,45.0,87,3.1,1031.0
2026-09-24T08:00,48.3,83,4.4,1031.7
2026-09-24T09:00,52.5,77,3.9,1031.7
2026-09-24T10:00,56.0,71,5.2,1031.4
2026-09-24T11:00,59.5,63,5.7,1030.7
2026-09-24T12:00,62.5,56,6.4,1029.8
2026-09-24T13:00,64.6,55,6.5,1028.8
2026-09-24T14:00,66.4,52,7.4,1028.4
2026-09-24T15:00,67.1,52,8.1,1027.4
2026-09-24T16:00,67.2,51,8.6,1026.6
2026-09-24T17:00,66.4,53,8.3,1025.9
2026-09-24T18:00,63.7,62,7.1,1025.5
2026-09-24T19:00,59.4,70,6.5,1025.6
2026-09-24T20:00,57.6,72,7.7,1025.8
2026-09-24T21:00,56.7,72,7.6,1026.1
2026-09-24T22:00,55.5,73,6.5,1025.7
2026-09-24T23:00,54.0,75,5.4,1025.4
2026-09-25T00:00,52.7,77,4.6,1025.4
2026-09-25T01:00,52.1,78,4.2,1024.8
2026-09-25T02:00,49.1,84,4.1,1024.5
2026-09-25T03:00,48.8,84,4.4,1023.8
2026-09-25T04:00,48.1,85,4.2,1023.3
2026-09-25T05:00,47.8,85,4.9,1023.0
2026-09-25T06:00,47.6,85,4.4,1023.2
2026-09-25T07:00,47.7,85,6.3,1023.1
2026-09-25T08:00,50.5,79,5.6,1023.4
2026-09-25T09:00,55.0,76,5.6,1022.9
2026-09-25T10:00,59.5,72,5.9,1022.8
2026-09-25T11:00,64.0,65,8.0,1021.7
2026-09-25T12:00,67.3,57,9.0,1020.9
2026-09-25T13:00,69.7,55,9.3,1020.0
2026-09-25T14:00,71.9,51,9.9,1019.3
2026-09-25T15:00,73.2,43,9.9,1018.4
2026-09-25T16:00,73.1,42,9.5,1017.9
2026-09-25T17:00,71.7,50,7.8,1017.5
2026-09-25T18:00,68.5,55,7.2,1017.1
2026-09-25T19:00,65.0,63,7.2,1016.9
2026-09-25T20:00,63.4,68,8.6,1017.5
2026-09-25T21:00,63.7,71,8.2,1017.7
2026-09-25T22:00,62.1,76,6.9,1017.3
2026-09-25T23:00,60.6,78,6.7,1016.9
2026-09-26T00:00,60.8,76,8.4,1016.3
2026-09-26T01:00,61.1,73,9.3,1015.1
2026-09-26T02:00,59.2,77,9.2,1014.7
2026-09-26T03:00,59.4,75,8.8,1014.1
2026-09-26T04:00,59.1,74,9.0,1013.5
2026-09-26T05:00,59.4,71,9.9,1013.1
2026-09-26T06:00,59.4,70,9.7,1013.0
2026-09-26T07:00,59.3,69,10.0,1013.3
2026-09-26T08:00,58.5,71,9.5,1013.7
2026-09-26T09:00,58.9,73,10.4,1013.7
2026-09-26T10:00,60.3,74,10.7,1013.6
2026-09-26T11:00,60.6,77,12.7,1013.2
2026-09-26T12:00,60.8,85,13.1,1012.9
2026-09-26T13:00,60.2,90,12.5,1012.6
2026-09-26T14:00,59.2,89,12.4,1012.7
2026-09-26T15:00,60.7,84,12.2,1012.0
2026-09-26T16:00,62.4,79,10.4,1011.2
2026-09-26T17:00,64.7,74,10.6,1010.8
2026-09-26T18:00,64.8,66,11.4,1010.4
2026-09-26T19:00,63.9,64,10.9,1010.0
2026-09-26T20:00,61.4,77,11.7,1010.4
2026-09-26T21:00,62.8,68,11.0,1010.1
2026-09-26T22:00,63.7,64,11.7,1009.6
2026-09-26T23:00,64.0,62,11.7,1009.5
2026-09-27T00:00,63.7,62,10.8,1009.4
2026-09-27T01:00,60.7,73,11.9,1009.1
2026-09-27T02:00,59.8,81,12.2,1008.4
2026-09-27T03:00,58.5,87,14.1,1007.6
2026-09-27T04:00,58.0,88,14.4,1007.2
2026-09-27T05:00,58.5,84,13.4,1007.3
2026-09-27T06:00,57.1,93,14.0,1007.3
2026-09-27T07:00,56.7,94,14.6,1007.0
2026-09-27T08:00,56.5,93,14.3,1007.2
2026-09-27T09:00,57.2,94,14.3,1007.2
2026-09-27T10:00,57.6,94,14.0,1007.3
2026-09-27T11:00,58.0,94,12.1,1007.7
2026-09-27T12:00,59.5,94,12.2,1007.8
2026-09-27T13:00,62.3,92,9.4,1007.8
2026-09-27T14:00,61.7,94,10.0,1008.3
2026-09-27T15:00,62.5,92,8.1,1008.5
2026-09-27T16:00,62.3,91,7.3,1008.7
2026-09-27T17:00,60.5,91,8.4,1009.1
2026-09-27T18:00,60.2,90,9.1,1009.3
2026-09-27T19:00,59.3,91,8.8,1010.0
2026-09-27T20:00,60.2,84,10.7,1010.6
2026-09-27T21:00,60.4,82,10.7,1010.4
2026-09-27T22:00,58.6,92,11.0,1010.4
2026-09-27T23:00,58.5,92,10.6,1010.2
2026-09-28T00:00,58.5,90,8.2,1010.3
2026-09-28T01:00,58.5,89,7.3,1010.4
2026-09-28T02:00,59.4,90,9.2,1010.2
2026-09-28T03:00,59.4,88,8.5,1009.9
2026-09-28T04:00,59.1,86,7.2,1009.6
2026-09-28T05:00,58.6,88,5.6,1009.8
2026-09-28T06:00,57.7,93,4.2,1009.9
2026-09-28T07:00,57.2,95,3.1,1010.3
2026-09-28T08:00,58.0,93,5.5,1010.6
2026-09-28T09:00,59.2,96,6.5,1010.9
2026-09-28T10:00,59.6,94,7.5,1011.0
2026-09-28T11:00,60.3,95,5.4,1010.5
2026-09-28T12:00,60.8,94,5.8,1010.5
2026-09-28T13:00,61.0,93,6.2,1010.6
2026-09-28T14:00,59.3,96,7.4,1010.6
2026-09-28T15:00,59.8,95,7.2,1010.4
2026-09-28T16:00,59.9,95,6.4,1010.4
2026-09-28T17:00,59.9,96,5.4,1010.4
2026-09-28T18:00,59.7,98,4.0,1010.5
2026-09-28T19:00,59.2,99,4.2,1011.0
2026-09-28T20:00,57.9,98,5.4,1011.1
2026-09-28T21:00,58.0,97,4.5,1011.4
2026-09-28T22:00,58.0,97,3.2,1011.8
2026-09-28T23:00,58.0,99,2.9,1011.8
2026-09-29T00:00,58.1,99,3.3,1011.8
2026-09-29T01:00,58.2,99,3.9,1011.7
2026-09-29T02:00,57.6,100,4.6,1011.7
2026-09-29T03:00,58.2,99,4.6,1011.6
2026-09-29T04:00,58.1,99,4.2,1011.6
2026-09-29T05:00,58.2,99,4.8,1011.8
2026-09-29T06:00,57.8,99,5.4,1012.4
2026-09-29T07:00,57.6,98,5.3,1013.1
2026-09-29T08:00,57.6,98,5.7,1014.0
2026-09-29T09:00,58.8,93,5.9,1014.3
2026-09-29T10:00,59.5,91,4.6,1014.5
2026-09-29T11:00,60.1,90,4.5,1014.7
2026-09-29T12:00,60.9,87,4.3,1014.7
2026-09-29T13:00,62.1,84,4.3,1014.4
2026-09-29T14:00,63.5,79,5.1,1014.3
2026-09-29T15:00,63.4,80,4.9,1014.0
2026-09-29T16:00,63.8,79,4.9,1014.1
2026-09-29T17:00,63.1,80,3.6,1014.2
2026-09-29T18:00,62.6,82,3.0,1014.4
2026-09-29T19:00,61.2,87,3.0,1014.8
2026-09-29T20:00,60.4,91,3.6,1015.7
2026-09-29T21:00,60.6,89,3.0,1016.1
2026-09-29T22:00,59.4,93,1.5,1016.3
2026-09-29T23:00,59.4,93,0.9,1016.5
2026-09-30T00:00,58.9,93,1.0,1016.4
2026-09-30T01:00,57.7,95,0.9,1016.4
2026-09-30T02:00,57.6,95,2.5,1016.7
2026-09-30T03:00,57.3,94,2.0,1016.4
2026-09-30T04:00,57.2,94,2.1,1016.5
2026-09-30T05:00,57.6,93,2.0,1016.7
2026-09-30T06:00,56.8,93,1.3,1016.9
2026-09-30T07:00,56.4,94,0.5,1017.3
2026-09-30T08:00,57.6,92,2.2,1018.2
2026-09-30T09:00,60.1,86,0.9,1018.3
2026-09-30T10:00,62.5,79,1.7,1018.4
2026-09-30T11:00,64.8,70,2.7,1018.0
2026-09-30T12:00,66.6,66,3.0,1017.5
2026-09-30T13:00,66.9,67,2.0,1017.2
2026-09-30T14:00,65.6,70,0.4,1017.2
2026-09-30T15:00,66.6,71,3.5,1016.4
2026-09-30T16:00,68.4,68,1.8,1016.1
2026-09-30T17:00,68.2,70,1.6,1015.8
2026-09-30T18:00,66.2,81,1.9,1015.6
2026-09-30T19:00,63.8,84,2.7,1015.7
2026-09-30T20:00,62.6,86,4.7,1016.4
2026-09-30T21:00,62.6,85,5.2,1016.3
2026-09-30T22:00,62.4,85,4.8,1016.6
2026-09-30T23:00,62.4,85,6.2,1016.3
2026-10-01T00:00,63.0,85,6.6,1016.2
2026-10-01T01:00,63.0,87,6.8,1016.1
2026-10-01T02:00,62.4,89,6.3,1016.1
2026-10-01T03:00,62.8,88,6.5,1015.9
2026-10-01T04:00,62.8,89,7.4,1015.5
2026-10-01T05:00,62.8,91,7.1,1015.4
2026-10-01T06:00,63.0,91,7.1,1015.3
2026-10-01T07:00,63.3,91,7.5,1015.5
2026-10-01T08:00,63.4,90,7.6,1016.1
2026-10-01T09:00,63.9,91,7.4,1016.0
2026-10-01T10:00,64.8,92,6.8,1016.2
2026-10-01T11:00,66.3,90,6.8,1015.7
2026-10-01T12:00,66.3,88,7.0,1015.3
2026-10-01T13:00,66.7,87,7.1,1014.5
2026-10-01T14:00,69.3,77,7.8,1014.0
2026-10-01T15:00,69.1,77,8.7,1013.3
2026-10-01T16:00,69.4,79,9.5,1013.0
2026-10-01T17:00,70.2,81,10.2,1012.4
2026-10-01T18:00,69.3,82,10.1,1012.1
2026-10-01T19:00,68.4,83,9.9,1011.6
2026-10-01T20:00,68.6,84,8.6,1012.2
2026-10-01T21:00,69.0,82,9.9,1011.9
2026-10-01T22:00,68.8,85,10.3,1011.5
2026-10-01T23:00,68.4,86,9.1,1011.4
